ISO-10303-21;
HEADER;
FILE_DESCRIPTION (( 'STEP AP214' ),
    '1' );
FILE_NAME ('LAMBDA80C-24S.STEP',
    '2022-12-14T08:45:19',
    ( '' ),
    ( '' ),
    'SwSTEP 2.0',
    'SolidWorks 2017',
    '' );
FILE_SCHEMA (( 'AUTOMOTIVE_DESIGN' ));
ENDSEC;

DATA;
#1 = AXIS2_PLACEMENT_3D ( 'NONE', #1944, #3771, #5662 ) ;
#2 = CARTESIAN_POINT ( 'NONE',  ( 6.985000000000000300, 1.000000000000000000, 12.97500000000000000 ) ) ;
#3 = VECTOR ( 'NONE', #6273, 1000.000000000000000 ) ;
#4 = AXIS2_PLACEMENT_3D ( 'NONE', #7883, #881, #3537 ) ;
#5 = FACE_OUTER_BOUND ( 'NONE', #3711, .T. ) ;
#6 = AXIS2_PLACEMENT_3D ( 'NONE', #1086, #4832, #1060 ) ;
#7 = EDGE_CURVE ( 'NONE', #3663, #3705, #5238, .T. ) ;
#8 = ORIENTED_EDGE ( 'NONE', *, *, #316, .T. ) ;
#9 = LINE ( 'NONE', #1418, #3348 ) ;
#10 = ADVANCED_FACE ( 'NONE', ( #3551 ), #2056, .T. ) ;
#11 = CARTESIAN_POINT ( 'NONE',  ( -1.905000000000000000, 1.350000000000000100, -12.59500000000000200 ) ) ;
#12 = VECTOR ( 'NONE', #6169, 1000.000000000000000 ) ;
#13 = EDGE_CURVE ( 'NONE', #6466, #3046, #7114, .T. ) ;
#14 = MANIFOLD_SOLID_BREP ( 'Revolve1', #1603 ) ;
#15 = DIRECTION ( 'NONE',  ( -1.000000000000000000, 0.0000000000000000000, 1.387778780781446500E-015 ) ) ;
#16 = LINE ( 'NONE', #1199, #7322 ) ;
#17 = ADVANCED_FACE ( 'NONE', ( #907 ), #3887, .T. ) ;
#18 = DIRECTION ( 'NONE',  ( -0.0000000000000000000, 1.000000000000000000, -0.0000000000000000000 ) ) ;
#19 = VERTEX_POINT ( 'NONE', #2762 ) ;
#20 = CIRCLE ( 'NONE', #546, 0.4499999999999999000 ) ;
#21 = DIRECTION ( 'NONE',  ( 0.0000000000000000000, 0.0000000000000000000, -1.000000000000000000 ) ) ;
#22 = DIRECTION ( 'NONE',  ( 0.0000000000000000000, 0.0000000000000000000, -1.000000000000000000 ) ) ;
#23 = VECTOR ( 'NONE', #3391, 1000.000000000000000 ) ;
#24 = ADVANCED_FACE ( 'NONE', ( #2881 ), #7177, .F. ) ;
#25 = ORIENTED_EDGE ( 'NONE', *, *, #5772, .T. ) ;
#26 = FACE_OUTER_BOUND ( 'NONE', #1338, .T. ) ;
#27 = FACE_OUTER_BOUND ( 'NONE', #7323, .T. ) ;
#28 = CARTESIAN_POINT ( 'NONE',  ( -6.984999999999997700, 2.700000000000000200, -8.285000000000000100 ) ) ;
#29 = VERTEX_POINT ( 'NONE', #4755 ) ;
#30 = ORIENTED_EDGE ( 'NONE', *, *, #7119, .T. ) ;
#31 = DIRECTION ( 'NONE',  ( -0.0000000000000000000, 0.0000000000000000000, 1.000000000000000000 ) ) ;
#32 = LINE ( 'NONE', #6559, #5745 ) ;
#33 = VECTOR ( 'NONE', #2364, 1000.000000000000000 ) ;
#34 = CARTESIAN_POINT ( 'NONE',  ( 7.474999999999995200, 1.000000000000000000, -8.035000000000000100 ) ) ;
#35 = EDGE_LOOP ( 'NONE', ( #5308, #5892, #8, #754 ) ) ;
#36 = AXIS2_PLACEMENT_3D ( 'NONE', #3117, #7536, #1176 ) ;
#37 = EDGE_CURVE ( 'NONE', #7364, #1084, #6727, .T. ) ;
#38 = CARTESIAN_POINT ( 'NONE',  ( -7.475000000000031600, 0.0000000000000000000, 1.365000000000000000 ) ) ;
#39 = DIRECTION ( 'NONE',  ( 1.000000000000000000, 0.0000000000000000000, 0.0000000000000000000 ) ) ;
#40 = EDGE_CURVE ( 'NONE', #2538, #7854, #4754, .T. ) ;
#41 = VECTOR ( 'NONE', #6206, 1000.000000000000000 ) ;
#42 = LINE ( 'NONE', #2031, #1419 ) ;
#43 = CARTESIAN_POINT ( 'NONE',  ( 6.749644660940670200, 2.949999999999999700, 12.77500000000000000 ) ) ;
#44 = AXIS2_PLACEMENT_3D ( 'NONE', #5682, #3701, #4369 ) ;
#45 = DIRECTION ( 'NONE',  ( 0.0000000000000000000, -1.000000000000000000, 0.0000000000000000000 ) ) ;
#46 = VECTOR ( 'NONE', #4995, 1000.000000000000000 ) ;
#47 = PLANE ( 'NONE',  #7445 ) ;
#48 = LINE ( 'NONE', #256, #2015 ) ;
#49 = FILL_AREA_STYLE_COLOUR ( '', #6535 ) ;
#50 = ORIENTED_EDGE ( 'NONE', *, *, #3245, .T. ) ;
#51 = DIRECTION ( 'NONE',  ( 1.000000000000000000, -0.0000000000000000000, -0.0000000000000000000 ) ) ;
#52 = EDGE_CURVE ( 'NONE', #6788, #29, #816, .T. ) ;
#53 = EDGE_CURVE ( 'NONE', #4787, #7866, #3068, .T. ) ;
#54 =( NAMED_UNIT ( * ) PLANE_ANGLE_UNIT ( ) SI_UNIT ( $, .RADIAN. ) );
#55 = FACE_OUTER_BOUND ( 'NONE', #7073, .T. ) ;
#56 = DIRECTION ( 'NONE',  ( 0.0000000000000000000, 1.000000000000000000, -0.0000000000000000000 ) ) ;
#57 = VERTEX_POINT ( 'NONE', #5382 ) ;
#58 = ORIENTED_EDGE ( 'NONE', *, *, #1083, .F. ) ;
#59 = ORIENTED_EDGE ( 'NONE', *, *, #6899, .T. ) ;
#60 = DIRECTION ( 'NONE',  ( 1.000000000000000000, 0.0000000000000000000, -0.0000000000000000000 ) ) ;
#61 = ADVANCED_FACE ( 'NONE', ( #1208, #6031 ), #7205, .T. ) ;
#62 = AXIS2_PLACEMENT_3D ( 'NONE', #6557, #917, #7860 ) ;
#63 = VECTOR ( 'NONE', #3845, 1000.000000000000000 ) ;
#64 = AXIS2_PLACEMENT_3D ( 'NONE', #5325, #285, #6657 ) ;
#65 = CARTESIAN_POINT ( 'NONE',  ( -7.475000000000013900, 0.0000000000000000000, 6.445000000000000300 ) ) ;
#66 = ORIENTED_EDGE ( 'NONE', *, *, #1231, .T. ) ;
#67 = ORIENTED_EDGE ( 'NONE', *, *, #7802, .T. ) ;
#68 = CARTESIAN_POINT ( 'NONE',  ( 0.0000000000000000000, 1.850000000000000100, -11.00500000000000100 ) ) ;
#69 = CARTESIAN_POINT ( 'NONE',  ( -6.984999999999997700, 2.700000000000000200, 12.97500000000000000 ) ) ;
#70 = ORIENTED_EDGE ( 'NONE', *, *, #5612, .T. ) ;
#71 = ADVANCED_FACE ( 'NONE', ( #2292 ), #7237, .F. ) ;
#72 = CIRCLE ( 'NONE', #8029, 0.2000000000000005100 ) ;
#73 = CARTESIAN_POINT ( 'NONE',  ( -8.255000000000167800, 0.0000000000000000000, -2.515000000000002800 ) ) ;
#74 = ORIENTED_EDGE ( 'NONE', *, *, #2070, .T. ) ;
#75 = ORIENTED_EDGE ( 'NONE', *, *, #2459, .F. ) ;
#76 = DIRECTION ( 'NONE',  ( 1.000000000000000000, 0.0000000000000000000, 0.0000000000000000000 ) ) ;
#77 = EDGE_CURVE ( 'NONE', #5560, #6189, #4168, .T. ) ;
#78 = DIRECTION ( 'NONE',  ( 0.0000000000000000000, 1.000000000000000000, -0.0000000000000000000 ) ) ;
#79 = VECTOR ( 'NONE', #2889, 1000.000000000000000 ) ;
#80 = ORIENTED_EDGE ( 'NONE', *, *, #744, .T. ) ;
#81 = EDGE_LOOP ( 'NONE', ( #3516, #241, #5298, #1644 ) ) ;
#82 = DIRECTION ( 'NONE',  ( -0.0000000000000000000, 1.000000000000000000, -0.0000000000000000000 ) ) ;
#83 = EDGE_CURVE ( 'NONE', #3375, #6779, #8010, .T. ) ;
#84 = VERTEX_POINT ( 'NONE', #5328 ) ;
#85 = ORIENTED_EDGE ( 'NONE', *, *, #2626, .T. ) ;
#86 = VERTEX_POINT ( 'NONE', #5272 ) ;
#87 = VERTEX_POINT ( 'NONE', #7871 ) ;
#88 = PLANE ( 'NONE',  #3260 ) ;
#89 = ORIENTED_EDGE ( 'NONE', *, *, #6331, .T. ) ;
#90 = LINE ( 'NONE', #2634, #6283 ) ;
#91 = DIRECTION ( 'NONE',  ( -1.000000000000000000, 0.0000000000000000000, 0.0000000000000000000 ) ) ;
#92 = ORIENTED_EDGE ( 'NONE', *, *, #6941, .F. ) ;
#93 = DIRECTION ( 'NONE',  ( 0.0000000000000000000, 0.0000000000000000000, 1.000000000000000000 ) ) ;
#94 = ORIENTED_EDGE ( 'NONE', *, *, #569, .T. ) ;
#95 = LINE ( 'NONE', #1317, #3533 ) ;
#96 = AXIS2_PLACEMENT_3D ( 'NONE', #5392, #1094, #4788 ) ;
#97 = LINE ( 'NONE', #1302, #395 ) ;
#98 = PLANE ( 'NONE',  #3637 ) ;
#99 = ORIENTED_EDGE ( 'NONE', *, *, #4581, .T. ) ;
#100 = ADVANCED_FACE ( 'NONE', ( #1100 ), #6630, .F. ) ;
#101 = EDGE_CURVE ( 'NONE', #4129, #5686, #3766, .T. ) ;
#102 = DIRECTION ( 'NONE',  ( 0.0000000000000000000, 1.000000000000000000, -0.0000000000000000000 ) ) ;
#103 = PLANE ( 'NONE',  #6845 ) ;
#104 = LINE ( 'NONE', #4620, #2187 ) ;
#105 = CARTESIAN_POINT ( 'NONE',  ( -6.784999999999997500, 2.609976000000000100, 12.97500000000000000 ) ) ;
#106 = ORIENTED_EDGE ( 'NONE', *, *, #6137, .F. ) ;
#107 = DIRECTION ( 'NONE',  ( 0.0000000000000000000, 1.000000000000000000, -0.0000000000000000000 ) ) ;
#108 = AXIS2_PLACEMENT_3D ( 'NONE', #723, #1576, #2607 ) ;
#109 = AXIS2_PLACEMENT_3D ( 'NONE', #1720, #1649, #4886 ) ;
#110 = ORIENTED_EDGE ( 'NONE', *, *, #6262, .F. ) ;
#111 = LINE ( 'NONE', #4963, #2871 ) ;
#112 = CARTESIAN_POINT ( 'NONE',  ( 6.985000000000000300, 1.000000000000000000, -8.299644660940671800 ) ) ;
#113 = STYLED_ITEM ( 'NONE', ( #4261 ), #14 ) ;
#114 = EDGE_CURVE ( 'NONE', #7267, #7350, #5437, .T. ) ;
#115 = CARTESIAN_POINT ( 'NONE',  ( 6.735000000000002100, 2.609976000000000100, -8.335000000000000900 ) ) ;
#116 = ORIENTED_EDGE ( 'NONE', *, *, #4382, .F. ) ;
#117 = LINE ( 'NONE', #4293, #6621 ) ;
#118 = DIRECTION ( 'NONE',  ( 0.0000000000000000000, 1.000000000000000000, -0.0000000000000000000 ) ) ;
#119 = LINE ( 'NONE', #4808, #1201 ) ;
#120 = CARTESIAN_POINT ( 'NONE',  ( 7.474999999999995200, 0.0000000000000000000, 1.365000000000000000 ) ) ;
#121 = ORIENTED_EDGE ( 'NONE', *, *, #7805, .T. ) ;
#122 = CARTESIAN_POINT ( 'NONE',  ( 9.975000000000001400, 1.000000000000000000, 13.47500000000000100 ) ) ;
#123 = CYLINDRICAL_SURFACE ( 'NONE', #595, 0.4499999999999999000 ) ;
#124 = AXIS2_PLACEMENT_3D ( 'NONE', #7900, #2812, #2787 ) ;
#125 = EDGE_CURVE ( 'NONE', #5560, #3381, #4452, .T. ) ;
#126 = ORIENTED_EDGE ( 'NONE', *, *, #5761, .F. ) ;
#127 = VECTOR ( 'NONE', #7973, 1000.000000000000000 ) ;
#128 = CIRCLE ( 'NONE', #1710, 0.4500000000000002900 ) ;
#129 = CARTESIAN_POINT ( 'NONE',  ( 1.322006219679566500E-016, 1.850000000000000100, -9.925500000000001300 ) ) ;
#130 = EDGE_LOOP ( 'NONE', ( #3088, #6723, #7801, #6887 ) ) ;
#131 = PLANE ( 'NONE',  #1932 ) ;
#132 = EDGE_LOOP ( 'NONE', ( #5877, #270 ) ) ;
#133 = LINE ( 'NONE', #2207, #4561 ) ;
#134 = FACE_OUTER_BOUND ( 'NONE', #4425, .T. ) ;
#135 = EDGE_CURVE ( 'NONE', #4622, #5274, #2085, .T. ) ;
#136 = VECTOR ( 'NONE', #4767, 1000.000000000000000 ) ;
#137 = ORIENTED_EDGE ( 'NONE', *, *, #3001, .T. ) ;
#138 = CARTESIAN_POINT ( 'NONE',  ( -6.784999999999997500, 2.949999999999999700, 12.73964466094067300 ) ) ;
#139 = CARTESIAN_POINT ( 'NONE',  ( -9.975000000000015600, 1.000000000000000000, 6.445000000000000300 ) ) ;
#140 = LINE ( 'NONE', #992, #342 ) ;
#141 = SURFACE_SIDE_STYLE ('',( #4665 ) ) ;
#142 = ORIENTED_EDGE ( 'NONE', *, *, #7910, .F. ) ;
#143 = DIRECTION ( 'NONE',  ( 1.000000000000000000, 0.0000000000000000000, 0.0000000000000000000 ) ) ;
#144 = DIRECTION ( 'NONE',  ( -1.000000000000000000, -0.0000000000000000000, -0.0000000000000000000 ) ) ;
#145 = CIRCLE ( 'NONE', #4336, 1.079499999999998800 ) ;
#146 = CARTESIAN_POINT ( 'NONE',  ( -7.475000000000014700, 0.0000000000000000000, 4.665000000000000000 ) ) ;
#147 = DIRECTION ( 'NONE',  ( -0.0000000000000000000, 0.0000000000000000000, 1.000000000000000000 ) ) ;
#148 = AXIS2_PLACEMENT_3D ( 'NONE', #4112, #5448, #2918 ) ;
#149 = ORIENTED_EDGE ( 'NONE', *, *, #5341, .T. ) ;
#150 = ORIENTED_EDGE ( 'NONE', *, *, #5923, .T. ) ;
#151 = AXIS2_PLACEMENT_3D ( 'NONE', #7748, #5863, #3947 ) ;
#152 = ORIENTED_EDGE ( 'NONE', *, *, #3214, .T. ) ;
#153 = EDGE_CURVE ( 'NONE', #4650, #2813, #412, .T. ) ;
#154 = EDGE_CURVE ( 'NONE', #7557, #6037, #7916, .T. ) ;
#155 = DIRECTION ( 'NONE',  ( 0.0000000000000000000, -0.0000000000000000000, 1.000000000000000000 ) ) ;
#156 = UNCERTAINTY_MEASURE_WITH_UNIT (LENGTH_MEASURE( 1.000000000000000100E-005 ), #4859, 'distance_accuracy_value', 'NONE');
#157 = VECTOR ( 'NONE', #7705, 1000.000000000000000 ) ;
#158 = VERTEX_POINT ( 'NONE', #7931 ) ;
#159 = VERTEX_POINT ( 'NONE', #3552 ) ;
#160 = VERTEX_POINT ( 'NONE', #3578 ) ;
#161 = AXIS2_PLACEMENT_3D ( 'NONE', #5167, #3257, #5779 ) ;
#162 = DIRECTION ( 'NONE',  ( 0.0000000000000000000, 0.0000000000000000000, -1.000000000000000000 ) ) ;
#163 = LINE ( 'NONE', #5360, #3116 ) ;
#164 = DIRECTION ( 'NONE',  ( 0.0000000000000000000, 0.0000000000000000000, 1.000000000000000000 ) ) ;
#165 = CARTESIAN_POINT ( 'NONE',  ( 6.735000000000002100, 2.609976000000000100, -8.535000000000000100 ) ) ;
#166 = CARTESIAN_POINT ( 'NONE',  ( -9.975000000000024500, 0.0000000000000000000, 2.125000000000000000 ) ) ;
#167 = ORIENTED_EDGE ( 'NONE', *, *, #2950, .T. ) ;
#168 = EDGE_LOOP ( 'NONE', ( #6934, #4794 ) ) ;
#169 = ORIENTED_EDGE ( 'NONE', *, *, #7458, .F. ) ;
#170 = ORIENTED_EDGE ( 'NONE', *, *, #2171, .T. ) ;
#171 = ORIENTED_EDGE ( 'NONE', *, *, #53, .F. ) ;
#172 = SURFACE_STYLE_USAGE ( .BOTH. , #141 ) ;
#173 = FACE_OUTER_BOUND ( 'NONE', #6674, .T. ) ;
#174 = VECTOR ( 'NONE', #4461, 1000.000000000000000 ) ;
#175 = ORIENTED_EDGE ( 'NONE', *, *, #2413, .T. ) ;
#176 = DIRECTION ( 'NONE',  ( 0.0000000000000000000, 0.0000000000000000000, 1.000000000000000000 ) ) ;
#177 = ORIENTED_EDGE ( 'NONE', *, *, #7687, .T. ) ;
#178 = DIRECTION ( 'NONE',  ( 0.0000000000000000000, 0.0000000000000000000, 1.000000000000000000 ) ) ;
#179 = DIRECTION ( 'NONE',  ( 0.0000000000000000000, 0.0000000000000000000, 1.000000000000000000 ) ) ;
#180 = ADVANCED_FACE ( 'NONE', ( #5034 ), #4153, .F. ) ;
#181 = CARTESIAN_POINT ( 'NONE',  ( 7.474999999999995200, 0.0000000000000000000, -2.955000000000001000 ) ) ;
#182 = EDGE_CURVE ( 'NONE', #7961, #7462, #1495, .T. ) ;
#183 = CARTESIAN_POINT ( 'NONE',  ( -9.974999999999997900, 1.000000000000000000, 13.47500000000000100 ) ) ;
#184 = FACE_OUTER_BOUND ( 'NONE', #7264, .T. ) ;
#185 = PLANE ( 'NONE',  #1062 ) ;
#186 = FACE_BOUND ( 'NONE', #3839, .T. ) ;
#187 = EDGE_CURVE ( 'NONE', #7386, #8099, #4651, .T. ) ;
#188 = ORIENTED_EDGE ( 'NONE', *, *, #2584, .F. ) ;
#189 = PLANE ( 'NONE',  #4485 ) ;
#190 = LINE ( 'NONE', #3109, #4625 ) ;
#191 = CARTESIAN_POINT ( 'NONE',  ( 6.749644660940673700, 2.949999999999999700, 12.97500000000000000 ) ) ;
#192 = FILL_AREA_STYLE_COLOUR ( '', #877 ) ;
#193 = LINE ( 'NONE', #7018, #889 ) ;
#194 = ORIENTED_EDGE ( 'NONE', *, *, #8061, .T. ) ;
#195 = CARTESIAN_POINT ( 'NONE',  ( -7.475000000000005000, 0.0000000000000000000, 8.984999999999999400 ) ) ;
#196 = VECTOR ( 'NONE', #143, 1000.000000000000000 ) ;
#197 = STYLED_ITEM ( 'NONE', ( #7488 ), #4552 ) ;
#198 = DIRECTION ( 'NONE',  ( 1.000000000000000000, 0.0000000000000000000, -4.872818752743839300E-016 ) ) ;
#199 = CARTESIAN_POINT ( 'NONE',  ( -10.77992235650403600, 1.000000000000000000, 8.095000000000000600 ) ) ;
#200 = LINE ( 'NONE', #550, #5828 ) ;
#201 = EDGE_CURVE ( 'NONE', #319, #4852, #7816, .T. ) ;
#202 = EDGE_CURVE ( 'NONE', #3328, #2160, #716, .T. ) ;
#203 = DIRECTION ( 'NONE',  ( 0.0000000000000000000, 0.0000000000000000000, 1.000000000000000000 ) ) ;
#204 = CARTESIAN_POINT ( 'NONE',  ( -7.475000000000014700, 0.0000000000000000000, 4.665000000000000000 ) ) ;
#205 = VECTOR ( 'NONE', #482, 1000.000000000000000 ) ;
#206 = PLANE ( 'NONE',  #2711 ) ;
#207 = ORIENTED_EDGE ( 'NONE', *, *, #7960, .F. ) ;
#208 = LINE ( 'NONE', #181, #3355 ) ;
#209 = VECTOR ( 'NONE', #4724, 1000.000000000000000 ) ;
#210 = CARTESIAN_POINT ( 'NONE',  ( 7.474999999999969400, 0.0000000000000000000, 3.904999999999993600 ) ) ;
#211 = CARTESIAN_POINT ( 'NONE',  ( -7.475000000000001400, 0.0000000000000000000, 3.642432017676020400E-015 ) ) ;
#212 = CARTESIAN_POINT ( 'NONE',  ( -7.475000000000031600, 0.0000000000000000000, 1.365000000000000000 ) ) ;
#213 = VECTOR ( 'NONE', #4331, 1000.000000000000000 ) ;
#214 = ORIENTED_EDGE ( 'NONE', *, *, #6917, .F. ) ;
#215 = LINE ( 'NONE', #4339, #4447 ) ;
#216 = ORIENTED_EDGE ( 'NONE', *, *, #6433, .F. ) ;
#217 = ORIENTED_EDGE ( 'NONE', *, *, #5854, .T. ) ;
#218 = DIRECTION ( 'NONE',  ( 0.0000000000000000000, 0.0000000000000000000, -1.000000000000000000 ) ) ;
#219 = PLANE ( 'NONE',  #2227 ) ;
#220 = ADVANCED_FACE ( 'NONE', ( #4551 ), #2389, .F. ) ;
#221 = AXIS2_PLACEMENT_3D ( 'NONE', #7649, #7622, #3144 ) ;
#222 = FACE_OUTER_BOUND ( 'NONE', #5594, .T. ) ;
#223 = EDGE_LOOP ( 'NONE', ( #4631, #1039, #3605, #3726 ) ) ;
#224 = EDGE_CURVE ( 'NONE', #3035, #1135, #3357, .T. ) ;
#225 = CARTESIAN_POINT ( 'NONE',  ( 10.77992235650401800, 1.000000000000000000, 8.094999999999993500 ) ) ;
#226 = FACE_BOUND ( 'NONE', #4605, .T. ) ;
#227 = VECTOR ( 'NONE', #2419, 1000.000000000000000 ) ;
#228 = ORIENTED_EDGE ( 'NONE', *, *, #6074, .F. ) ;
#229 = CARTESIAN_POINT ( 'NONE',  ( 0.0000000000000000000, 1.850000000000000100, -11.00500000000000100 ) ) ;
#230 = ORIENTED_EDGE ( 'NONE', *, *, #2431, .T. ) ;
#231 = CARTESIAN_POINT ( 'NONE',  ( 9.974999999999935700, 0.0000000000000000000, -6.255000000000007000 ) ) ;
#232 = DIRECTION ( 'NONE',  ( 0.0000000000000000000, 0.0000000000000000000, -1.000000000000000000 ) ) ;
#233 = VECTOR ( 'NONE', #4291, 1000.000000000000000 ) ;
#234 = DIRECTION ( 'NONE',  ( -0.0000000000000000000, -1.000000000000000000, 0.0000000000000000000 ) ) ;
#235 = LINE ( 'NONE', #2266, #4096 ) ;
#236 = CARTESIAN_POINT ( 'NONE',  ( -9.975000000000060000, 1.000000000000000000, -8.035000000000000100 ) ) ;
#237 = DIRECTION ( 'NONE',  ( 0.0000000000000000000, 0.0000000000000000000, 1.000000000000000000 ) ) ;
#238 = ORIENTED_EDGE ( 'NONE', *, *, #1524, .T. ) ;
#239 = FACE_OUTER_BOUND ( 'NONE', #658, .T. ) ;
#240 = CARTESIAN_POINT ( 'NONE',  ( 7.474999999999934800, 1.000000000000000000, -8.035000000000007200 ) ) ;
#241 = ORIENTED_EDGE ( 'NONE', *, *, #3176, .F. ) ;
#242 = ORIENTED_EDGE ( 'NONE', *, *, #697, .T. ) ;
#243 = CARTESIAN_POINT ( 'NONE',  ( 0.0000000000000000000, 0.0000000000000000000, 1.365000000000000000 ) ) ;
#244 = ORIENTED_EDGE ( 'NONE', *, *, #8118, .T. ) ;
#245 = CARTESIAN_POINT ( 'NONE',  ( 9.974999999999994300, 0.0000000000000000000, -0.4150000000000039200 ) ) ;
#246 = AXIS2_PLACEMENT_3D ( 'NONE', #4888, #3094, #5546 ) ;
#247 = EDGE_CURVE ( 'NONE', #7112, #3507, #7214, .T. ) ;
#248 = COLOUR_RGB ( '',1.000000000000000000, 0.8117647058823529400, 0.5019607843137254800 ) ;
#249 = DIRECTION ( 'NONE',  ( -1.387778780781446500E-015, 0.0000000000000000000, -1.000000000000000000 ) ) ;
#250 = VERTEX_POINT ( 'NONE', #8036 ) ;
#251 = ORIENTED_EDGE ( 'NONE', *, *, #4717, .T. ) ;
#252 = ORIENTED_EDGE ( 'NONE', *, *, #784, .F. ) ;
#253 = VERTEX_POINT ( 'NONE', #4879 ) ;
#254 = DIRECTION ( 'NONE',  ( -0.0000000000000000000, 1.000000000000000000, -0.0000000000000000000 ) ) ;
#255 = DIRECTION ( 'NONE',  ( -0.0000000000000000000, -0.0000000000000000000, 1.000000000000000000 ) ) ;
#256 = CARTESIAN_POINT ( 'NONE',  ( 8.255000000000061200, 0.0000000000000000000, -6.695000000000009200 ) ) ;
#257 =( NAMED_UNIT ( * ) PLANE_ANGLE_UNIT ( ) SI_UNIT ( $, .RADIAN. ) );
#258 = UNCERTAINTY_MEASURE_WITH_UNIT (LENGTH_MEASURE( 1.000000000000000100E-005 ), #3385, 'distance_accuracy_value', 'NONE');
#259 = AXIS2_PLACEMENT_3D ( 'NONE', #2859, #2211, #4652 ) ;
#260 = ORIENTED_EDGE ( 'NONE', *, *, #7375, .F. ) ;
#261 = VERTEX_POINT ( 'NONE', #1640 ) ;
#262 = ADVANCED_FACE ( 'NONE', ( #3462 ), #7451, .F. ) ;
#263 = CARTESIAN_POINT ( 'NONE',  ( 9.974999999999944600, 1.000000000000000000, -5.495000000000007200 ) ) ;
#264 = EDGE_CURVE ( 'NONE', #1734, #3510, #4350, .T. ) ;
#265 = DIRECTION ( 'NONE',  ( 0.0000000000000000000, 0.0000000000000000000, 1.000000000000000000 ) ) ;
#266 = LINE ( 'NONE', #2242, #5690 ) ;
#267 = DIRECTION ( 'NONE',  ( 0.0000000000000000000, 0.0000000000000000000, 1.000000000000000000 ) ) ;
#268 = VECTOR ( 'NONE', #2311, 1000.000000000000000 ) ;
#269 = DIRECTION ( 'NONE',  ( 1.000000000000000000, 0.0000000000000000000, 0.0000000000000000000 ) ) ;
#270 = ORIENTED_EDGE ( 'NONE', *, *, #2982, .T. ) ;
#271 = ORIENTED_EDGE ( 'NONE', *, *, #6818, .T. ) ;
#272 = EDGE_LOOP ( 'NONE', ( #2256, #6334, #7692, #1429 ) ) ;
#273 = EDGE_CURVE ( 'NONE', #5187, #3167, #7107, .T. ) ;
#274 = EDGE_LOOP ( 'NONE', ( #6787, #3730, #7565, #489 ) ) ;
#275 = CARTESIAN_POINT ( 'NONE',  ( 8.255000000000105600, 1.000000000000000000, 5.554999999999991700 ) ) ;
#276 = CARTESIAN_POINT ( 'NONE',  ( 8.255000000000114500, 0.0000000000000000000, 7.644999999999990700 ) ) ;
#277 = EDGE_LOOP ( 'NONE', ( #396, #1164, #5693, #2934 ) ) ;
#278 = ORIENTED_EDGE ( 'NONE', *, *, #7168, .F. ) ;
#279 = ORIENTED_EDGE ( 'NONE', *, *, #7251, .F. ) ;
#280 = APPLICATION_CONTEXT ( 'automotive_design' ) ;
#281 = VERTEX_POINT ( 'NONE', #1142 ) ;
#282 = EDGE_LOOP ( 'NONE', ( #6195, #3879, #1566, #3688 ) ) ;
#283 = LINE ( 'NONE', #1886, #5408 ) ;
#284 = DIRECTION ( 'NONE',  ( 0.0000000000000000000, 1.000000000000000000, 0.0000000000000000000 ) ) ;
#285 = DIRECTION ( 'NONE',  ( -0.0000000000000000000, -0.0000000000000000000, -1.000000000000000000 ) ) ;
#286 = ORIENTED_EDGE ( 'NONE', *, *, #3571, .F. ) ;
#287 = DIRECTION ( 'NONE',  ( 0.0000000000000000000, 1.000000000000000000, -0.0000000000000000000 ) ) ;
#288 = CYLINDRICAL_SURFACE ( 'NONE', #6655, 1.079499999999998800 ) ;
#289 = CARTESIAN_POINT ( 'NONE',  ( -8.255000000000132200, 1.000000000000000000, 7.644999999999996900 ) ) ;
#290 = LINE ( 'NONE', #3383, #6807 ) ;
#291 = VERTEX_POINT ( 'NONE', #6141 ) ;
#292 = MECHANICAL_DESIGN_GEOMETRIC_PRESENTATION_REPRESENTATION (  '', ( #5670 ), #2879 ) ;
#293 = EDGE_CURVE ( 'NONE', #5776, #7961, #4835, .T. ) ;
#294 = CARTESIAN_POINT ( 'NONE',  ( -9.974999999999997900, 0.0000000000000000000, 13.47500000000000100 ) ) ;
#295 = CARTESIAN_POINT ( 'NONE',  ( 0.0000000000000000000, 0.0000000000000000000, 1.364999999999992900 ) ) ;
#296 = VECTOR ( 'NONE', #3966, 1000.000000000000000 ) ;
#297 = DIRECTION ( 'NONE',  ( 0.0000000000000000000, 1.000000000000000000, 0.0000000000000000000 ) ) ;
#298 = DIRECTION ( 'NONE',  ( 0.0000000000000000000, 1.000000000000000000, 0.0000000000000000000 ) ) ;
#299 = VECTOR ( 'NONE', #8148, 1000.000000000000000 ) ;
#300 = ORIENTED_EDGE ( 'NONE', *, *, #6899, .F. ) ;
#301 = AXIS2_PLACEMENT_3D ( 'NONE', #6739, #5985, #5711 ) ;
#302 = DIRECTION ( 'NONE',  ( 0.0000000000000000000, 1.000000000000000000, 0.0000000000000000000 ) ) ;
#303 = DIRECTION ( 'NONE',  ( 0.0000000000000000000, 1.000000000000000000, 0.0000000000000000000 ) ) ;
#304 = CARTESIAN_POINT ( 'NONE',  ( 10.77992235650400100, 0.0000000000000000000, 3.014999999999993500 ) ) ;
#305 = ORIENTED_EDGE ( 'NONE', *, *, #4126, .T. ) ;
#306 = LINE ( 'NONE', #8129, #7412 ) ;
#307 = ADVANCED_FACE ( 'NONE', ( #1488, #4637 ), #5540, .T. ) ;
#308 = ORIENTED_EDGE ( 'NONE', *, *, #2376, .T. ) ;
#309 = LINE ( 'NONE', #5152, #7320 ) ;
#310 = DIRECTION ( 'NONE',  ( 0.0000000000000000000, 1.000000000000000000, -0.0000000000000000000 ) ) ;
#311 = VECTOR ( 'NONE', #3034, 1000.000000000000000 ) ;
#312 = DIRECTION ( 'NONE',  ( -0.0000000000000000000, 1.000000000000000000, -0.0000000000000000000 ) ) ;
#313 = ORIENTED_EDGE ( 'NONE', *, *, #7608, .T. ) ;
#314 = LINE ( 'NONE', #210, #7324 ) ;
#315 = EDGE_CURVE ( 'NONE', #281, #3604, #117, .T. ) ;
#316 = EDGE_CURVE ( 'NONE', #7444, #4320, #3151, .T. ) ;
#317 = CARTESIAN_POINT ( 'NONE',  ( -9.975000000000006800, 0.0000000000000000000, 8.984999999999999400 ) ) ;
#318 = DIRECTION ( 'NONE',  ( 1.000000000000000000, 0.0000000000000000000, 0.0000000000000000000 ) ) ;
#319 = VERTEX_POINT ( 'NONE', #2963 ) ;
#320 = FILL_AREA_STYLE_COLOUR ( '', #1007 ) ;
#321 = CARTESIAN_POINT ( 'NONE',  ( 7.474999999999995200, 0.0000000000000000000, -8.035000000000000100 ) ) ;
#322 = LINE ( 'NONE', #972, #7426 ) ;
#323 = LINE ( 'NONE', #5021, #920 ) ;
#324 = ORIENTED_EDGE ( 'NONE', *, *, #2735, .F. ) ;
#325 = DIRECTION ( 'NONE',  ( 0.0000000000000000000, 0.0000000000000000000, -1.000000000000000000 ) ) ;
#326 = AXIS2_PLACEMENT_3D ( 'NONE', #6974, #6925, #5097 ) ;
#327 = DIRECTION ( 'NONE',  ( 0.0000000000000000000, 0.0000000000000000000, 1.000000000000000000 ) ) ;
#328 = DIRECTION ( 'NONE',  ( -0.0000000000000000000, -1.000000000000000000, 0.0000000000000000000 ) ) ;
#329 = DIRECTION ( 'NONE',  ( 0.0000000000000000000, 0.0000000000000000000, 1.000000000000000000 ) ) ;
#330 = CARTESIAN_POINT ( 'NONE',  ( 7.474999999999971200, 0.0000000000000000000, 3.642432017676006200E-015 ) ) ;
#331 = FACE_OUTER_BOUND ( 'NONE', #945, .T. ) ;
#332 = ORIENTED_EDGE ( 'NONE', *, *, #5268, .F. ) ;
#333 = DIRECTION ( 'NONE',  ( 4.872818752743839300E-016, 0.0000000000000000000, 1.000000000000000000 ) ) ;
#334 = DIRECTION ( 'NONE',  ( 0.0000000000000000000, 1.000000000000000000, 0.0000000000000000000 ) ) ;
#335 = DIRECTION ( 'NONE',  ( 0.0000000000000000000, -1.000000000000000000, 0.0000000000000000000 ) ) ;
#336 = CYLINDRICAL_SURFACE ( 'NONE', #4068, 0.4499999999999999000 ) ;
#337 = EDGE_CURVE ( 'NONE', #3315, #4403, #3349, .T. ) ;
#338 = VECTOR ( 'NONE', #2135, 1000.000000000000000 ) ;
#339 = DIRECTION ( 'NONE',  ( 1.000000000000000000, 0.0000000000000000000, 0.0000000000000000000 ) ) ;
#340 = ORIENTED_EDGE ( 'NONE', *, *, #7035, .T. ) ;
#341 = CARTESIAN_POINT ( 'NONE',  ( 6.985000000000000300, 2.609976000000000100, 12.97500000000000000 ) ) ;
#342 = VECTOR ( 'NONE', #1760, 1000.000000000000000 ) ;
#343 = CARTESIAN_POINT ( 'NONE',  ( 0.0000000000000000000, 0.0000000000000000000, -5.495000000000000100 ) ) ;
#344 = EDGE_CURVE ( 'NONE', #7244, #458, #200, .T. ) ;
#345 = CLOSED_SHELL ( 'NONE', ( #24, #2125, #4435, #2456, #3025, #1908, #6275, #1828, #2530, #4197, #7959, #814, #6335, #3142, #7757, #2872, #4279, #6998, #7921, #4438, #3959, #5527, #3356, #7626, #4398, #7581, #3232, #1256, #17, #6505, #5764, #7340, #6717, #5846, #6289, #1749, #3107, #1010, #7583, #5544, #4998, #347, #7126, #4688, #3822, #2984, #3768, #2494, #7879, #3486, #7210, #1823, #2178, #1169 ) ) ;
#346 = DIRECTION ( 'NONE',  ( 0.0000000000000000000, 1.000000000000000000, 0.0000000000000000000 ) ) ;
#347 = ADVANCED_FACE ( 'NONE', ( #6511 ), #7908, .T. ) ;
#348 = EDGE_CURVE ( 'NONE', #2809, #6828, #6306, .T. ) ;
#349 = CARTESIAN_POINT ( 'NONE',  ( -6.984999999999997700, 2.700000000000000200, -8.335000000000000900 ) ) ;
#350 = VECTOR ( 'NONE', #4113, 1000.000000000000000 ) ;
#351 = DIRECTION ( 'NONE',  ( 0.0000000000000000000, 0.0000000000000000000, 1.000000000000000000 ) ) ;
#352 = ORIENTED_EDGE ( 'NONE', *, *, #3266, .T. ) ;
#353 = ORIENTED_EDGE ( 'NONE', *, *, #7782, .T. ) ;
#354 = CARTESIAN_POINT ( 'NONE',  ( -9.974999999999997900, 1.000000000000000000, 13.47500000000000100 ) ) ;
#355 = CARTESIAN_POINT ( 'NONE',  ( 7.474999999999979200, 0.0000000000000000000, 6.444999999999993200 ) ) ;
#356 = ORIENTED_EDGE ( 'NONE', *, *, #4054, .F. ) ;
#357 = DIRECTION ( 'NONE',  ( -1.000000000000000000, 0.0000000000000000000, -0.0000000000000000000 ) ) ;
#358 = LINE ( 'NONE', #7625, #3014 ) ;
#359 = PLANE ( 'NONE',  #1746 ) ;
#360 = ORIENTED_EDGE ( 'NONE', *, *, #3153, .F. ) ;
#361 = DIRECTION ( 'NONE',  ( 0.0000000000000000000, 0.0000000000000000000, 1.000000000000000000 ) ) ;
#362 = ORIENTED_EDGE ( 'NONE', *, *, #1423, .F. ) ;
#363 = AXIS2_PLACEMENT_3D ( 'NONE', #4101, #2203, #6600 ) ;
#364 = ORIENTED_EDGE ( 'NONE', *, *, #3997, .F. ) ;
#365 = EDGE_CURVE ( 'NONE', #5983, #2249, #808, .T. ) ;
#366 = VECTOR ( 'NONE', #6253, 1000.000000000000000 ) ;
#367 = DIRECTION ( 'NONE',  ( 0.0000000000000000000, 0.0000000000000000000, 1.000000000000000000 ) ) ;
#368 = EDGE_LOOP ( 'NONE', ( #5829, #6591, #4702, #5321 ) ) ;
#369 = ORIENTED_EDGE ( 'NONE', *, *, #4918, .F. ) ;
#370 = EDGE_LOOP ( 'NONE', ( #3596, #2251, #480, #2260 ) ) ;
#371 = CARTESIAN_POINT ( 'NONE',  ( -8.255000000000167800, 0.0000000000000000000, -2.065000000000002600 ) ) ;
#372 = CARTESIAN_POINT ( 'NONE',  ( 0.0000000000000000000, 1.850000000000000100, -12.33850000000000000 ) ) ;
#373 = AXIS2_PLACEMENT_3D ( 'NONE', #4982, #6277, #4388 ) ;
#374 = AXIS2_PLACEMENT_3D ( 'NONE', #3496, #387, #1658 ) ;
#375 = LINE ( 'NONE', #3810, #7681 ) ;
#376 = FACE_OUTER_BOUND ( 'NONE', #5440, .T. ) ;
#377 =( NAMED_UNIT ( * ) SI_UNIT ( $, .STERADIAN. ) SOLID_ANGLE_UNIT ( ) );
#378 = ORIENTED_EDGE ( 'NONE', *, *, #696, .T. ) ;
#379 = VERTEX_POINT ( 'NONE', #4889 ) ;
#380 = ORIENTED_EDGE ( 'NONE', *, *, #4784, .F. ) ;
#381 = CARTESIAN_POINT ( 'NONE',  ( 9.975000000000001400, 0.0000000000000000000, 1.365000000000000000 ) ) ;
#382 = EDGE_LOOP ( 'NONE', ( #6851, #3244, #5153, #5474 ) ) ;
#383 = DIRECTION ( 'NONE',  ( -1.000000000000000000, 0.0000000000000000000, 0.0000000000000000000 ) ) ;
#384 = EDGE_CURVE ( 'NONE', #7244, #3718, #4744, .T. ) ;
#385 = DIRECTION ( 'NONE',  ( -0.0000000000000000000, -0.0000000000000000000, 1.000000000000000000 ) ) ;
#386 = LINE ( 'NONE', #5035, #6893 ) ;
#387 = DIRECTION ( 'NONE',  ( 0.0000000000000000000, 1.000000000000000000, -0.0000000000000000000 ) ) ;
#388 = CARTESIAN_POINT ( 'NONE',  ( 9.974999999999980100, 0.0000000000000000000, 6.444999999999993200 ) ) ;
#389 = CARTESIAN_POINT ( 'NONE',  ( -9.975000000000015600, 1.000000000000000000, 4.665000000000000000 ) ) ;
#390 = LINE ( 'NONE', #1606, #7190 ) ;
#391 = ADVANCED_FACE ( 'NONE', ( #8004, #6209 ), #6833, .F. ) ;
#392 = ORIENTED_EDGE ( 'NONE', *, *, #454, .F. ) ;
#393 = APPLICATION_PROTOCOL_DEFINITION ( 'draft international standard', 'automotive_design', 1998, #280 ) ;
#394 = LINE ( 'NONE', #6302, #3539 ) ;
#395 = VECTOR ( 'NONE', #2565, 1000.000000000000000 ) ;
#396 = ORIENTED_EDGE ( 'NONE', *, *, #6521, .T. ) ;
#397 = DIRECTION ( 'NONE',  ( 0.0000000000000000000, 1.000000000000000000, 0.0000000000000000000 ) ) ;
#398 = CARTESIAN_POINT ( 'NONE',  ( 1.322006219679566500E-016, 1.350000000000000100, -9.925500000000001300 ) ) ;
#399 = ORIENTED_EDGE ( 'NONE', *, *, #5853, .F. ) ;
#400 = PLANE ( 'NONE',  #2457 ) ;
#401 = ORIENTED_EDGE ( 'NONE', *, *, #7375, .T. ) ;
#402 = LINE ( 'NONE', #5188, #6407 ) ;
#403 = PRESENTATION_LAYER_ASSIGNMENT (  '', '', ( #2412 ) ) ;
#404 = LINE ( 'NONE', #1318, #5230 ) ;
#405 = CARTESIAN_POINT ( 'NONE',  ( -6.984999999999997700, 2.949999999999999700, 12.77500000000000000 ) ) ;
#406 = CARTESIAN_POINT ( 'NONE',  ( 0.0000000000000000000, 0.0000000000000000000, 3.905000000000000700 ) ) ;
#407 = CARTESIAN_POINT ( 'NONE',  ( -8.255000000000185500, 0.0000000000000000000, -7.145000000000002200 ) ) ;
#408 = LINE ( 'NONE', #5436, #1684 ) ;
#409 = ORIENTED_EDGE ( 'NONE', *, *, #4297, .F. ) ;
#410 = LINE ( 'NONE', #5419, #6916 ) ;
#411 = PRODUCT ( 'LAMBDA80C-24S', 'LAMBDA80C-24S', '', ( #4071 ) ) ;
#412 = LINE ( 'NONE', #2882, #6919 ) ;
#413 = CARTESIAN_POINT ( 'NONE',  ( 7.474999999999995200, 0.0000000000000000000, 3.905000000000000700 ) ) ;
#414 = CARTESIAN_POINT ( 'NONE',  ( -6.749644660940670200, 1.000000000000000000, -8.535000000000000100 ) ) ;
#415 = CARTESIAN_POINT ( 'NONE',  ( 8.255000000000070100, 0.0000000000000000000, -4.605000000000008400 ) ) ;
#416 = DIRECTION ( 'NONE',  ( -1.000000000000000000, 0.0000000000000000000, 0.0000000000000000000 ) ) ;
#417 = LINE ( 'NONE', #1170, #3555 ) ;
#418 = PRESENTATION_STYLE_ASSIGNMENT (( #943 ) ) ;
#419 = VECTOR ( 'NONE', #1374, 1000.000000000000000 ) ;
#420 = VERTEX_POINT ( 'NONE', #115 ) ;
#421 = AXIS2_PLACEMENT_3D ( 'NONE', #8098, #4397, #2520 ) ;
#422 = DIRECTION ( 'NONE',  ( -1.000000000000000000, 0.0000000000000000000, 4.872818752743839300E-016 ) ) ;
#423 = LINE ( 'NONE', #1076, #7334 ) ;
#424 = CIRCLE ( 'NONE', #3290, 1.199999999999999700 ) ;
#425 = AXIS2_PLACEMENT_3D ( 'NONE', #6690, #7984, #2953 ) ;
#426 = EDGE_CURVE ( 'NONE', #2688, #6187, #1200, .T. ) ;
#427 = VERTEX_POINT ( 'NONE', #5702 ) ;
#428 = CARTESIAN_POINT ( 'NONE',  ( 6.785000000000001000, 2.949999999999999700, 12.72500000000000100 ) ) ;
#429 = CARTESIAN_POINT ( 'NONE',  ( 8.255000000000078900, 0.0000000000000000000, -2.065000000000009700 ) ) ;
#430 = ADVANCED_FACE ( 'NONE', ( #3056 ), #3216, .F. ) ;
#431 = LINE ( 'NONE', #4427, #7531 ) ;
#432 = DIRECTION ( 'NONE',  ( -0.0000000000000000000, -1.000000000000000000, -0.0000000000000000000 ) ) ;
#433 = SURFACE_STYLE_FILL_AREA ( #6516 ) ;
#434 = CARTESIAN_POINT ( 'NONE',  ( 9.975000000000001400, 0.0000000000000000000, -6.254999999999999900 ) ) ;
#435 = EDGE_CURVE ( 'NONE', #7732, #6350, #4545, .T. ) ;
#436 = ORIENTED_EDGE ( 'NONE', *, *, #3553, .F. ) ;
#437 = CARTESIAN_POINT ( 'NONE',  ( 9.974999999999994300, 0.0000000000000000000, 2.124999999999996900 ) ) ;
#438 = DIRECTION ( 'NONE',  ( 1.000000000000000000, 0.0000000000000000000, 0.0000000000000000000 ) ) ;
#439 = VECTOR ( 'NONE', #383, 1000.000000000000000 ) ;
#440 = COLOUR_RGB ( '',1.000000000000000000, 0.8117647058823529400, 0.5019607843137254800 ) ;
#441 = DIRECTION ( 'NONE',  ( -1.000000000000000000, 0.0000000000000000000, 4.872818752743839300E-016 ) ) ;
#442 = DIRECTION ( 'NONE',  ( 1.000000000000000000, 0.0000000000000000000, 0.0000000000000000000 ) ) ;
#443 = DIRECTION ( 'NONE',  ( -0.0000000000000000000, -1.000000000000000000, -0.0000000000000000000 ) ) ;
#444 = ORIENTED_EDGE ( 'NONE', *, *, #4281, .F. ) ;
#445 = DIRECTION ( 'NONE',  ( 0.0000000000000000000, 1.000000000000000000, 0.0000000000000000000 ) ) ;
#446 = CIRCLE ( 'NONE', #4592, 1.199999999999999700 ) ;
#447 = EDGE_LOOP ( 'NONE', ( #3350, #279, #924, #2439, #2604, #6098, #2201, #6685, #1898, #171, #4123, #2954, #3392, #505, #1593, #6379, #1274, #5883, #1765, #8117, #2724, #3354, #2632, #5144, #997, #7559, #6463, #2196, #778, #2449, #6260, #3112, #1002, #4873, #4267, #4499, #6485, #6770, #1138, #3964, #116, #8073, #4761, #8183, #5397, #4036, #7277, #1922, #955, #7188, #6759, #3899, #2222, #968, #70, #7686, #7278, #2832, #3542, #4797, #2343, #2574, #2973, #5581, #2065, #2106, #4097, #2384 ) ) ;
#448 = ORIENTED_EDGE ( 'NONE', *, *, #4872, .T. ) ;
#449 = ORIENTED_EDGE ( 'NONE', *, *, #2985, .F. ) ;
#450 = PLANE ( 'NONE',  #2904 ) ;
#451 = CARTESIAN_POINT ( 'NONE',  ( 0.0000000000000000000, 0.0000000000000000000, 0.0000000000000000000 ) ) ;
#452 = AXIS2_PLACEMENT_3D ( 'NONE', #6198, #596, #623 ) ;
#453 = DIRECTION ( 'NONE',  ( -4.872818752743839300E-016, 0.0000000000000000000, 1.000000000000000000 ) ) ;
#454 = EDGE_CURVE ( 'NONE', #4199, #474, #309, .T. ) ;
#455 = LINE ( 'NONE', #2200, #6561 ) ;
#456 = VERTEX_POINT ( 'NONE', #6390 ) ;
#457 = ORIENTED_EDGE ( 'NONE', *, *, #5050, .T. ) ;
#458 = VERTEX_POINT ( 'NONE', #1981 ) ;
#459 = EDGE_CURVE ( 'NONE', #2048, #427, #998, .T. ) ;
#460 = ORIENTED_EDGE ( 'NONE', *, *, #6960, .F. ) ;
#461 = CARTESIAN_POINT ( 'NONE',  ( -9.975000000000051200, 0.0000000000000000000, -3.714999999999999400 ) ) ;
#462 = CARTESIAN_POINT ( 'NONE',  ( 0.0000000000000000000, 1.000000000000000000, -1.175000000000007600 ) ) ;
#463 = LINE ( 'NONE', #5075, #2241 ) ;
#464 = DIRECTION ( 'NONE',  ( 1.000000000000000000, 0.0000000000000000000, 0.0000000000000000000 ) ) ;
#465 = ORIENTED_EDGE ( 'NONE', *, *, #1907, .F. ) ;
#466 = CARTESIAN_POINT ( 'NONE',  ( -7.475000000000005000, 1.000000000000000000, 8.984999999999999400 ) ) ;
#467 = VECTOR ( 'NONE', #8025, 1000.000000000000000 ) ;
#468 = CARTESIAN_POINT ( 'NONE',  ( -9.975000000000060000, 1.000000000000000000, -6.254999999999999900 ) ) ;
#469 = CIRCLE ( 'NONE', #2792, 1.079499999999998800 ) ;
#470 = ADVANCED_FACE ( 'NONE', ( #4161 ), #6966, .F. ) ;
#471 = ORIENTED_EDGE ( 'NONE', *, *, #5069, .T. ) ;
#472 = EDGE_LOOP ( 'NONE', ( #5080, #4980, #6426, #2922 ) ) ;
#473 = ORIENTED_EDGE ( 'NONE', *, *, #3944, .F. ) ;
#474 = VERTEX_POINT ( 'NONE', #4464 ) ;
#475 = EDGE_CURVE ( 'NONE', #2916, #900, #2076, .T. ) ;
#476 = EDGE_CURVE ( 'NONE', #6924, #3475, #5028, .T. ) ;
#477 = EDGE_LOOP ( 'NONE', ( #8052, #762, #7753, #3612, #4078, #6905, #1526, #6915 ) ) ;
#478 = LINE ( 'NONE', #2486, #5400 ) ;
#479 = DIRECTION ( 'NONE',  ( 1.000000000000000000, 0.0000000000000000000, 0.0000000000000000000 ) ) ;
#480 = ORIENTED_EDGE ( 'NONE', *, *, #1268, .T. ) ;
#481 = CARTESIAN_POINT ( 'NONE',  ( -9.975000000000015600, 1.000000000000000000, 6.445000000000000300 ) ) ;
#482 = DIRECTION ( 'NONE',  ( 0.0000000000000000000, 1.000000000000000000, 0.0000000000000000000 ) ) ;
#483 = ORIENTED_EDGE ( 'NONE', *, *, #3399, .F. ) ;
#484 = ORIENTED_EDGE ( 'NONE', *, *, #985, .F. ) ;
#485 = CARTESIAN_POINT ( 'NONE',  ( 6.735000000000002100, 2.700000000000000200, 12.72500000000000000 ) ) ;
#486 = EDGE_LOOP ( 'NONE', ( #6126, #7447 ) ) ;
#487 = DIRECTION ( 'NONE',  ( 0.0000000000000000000, 1.000000000000000000, 0.0000000000000000000 ) ) ;
#488 = VECTOR ( 'NONE', #5314, 1000.000000000000000 ) ;
#489 = ORIENTED_EDGE ( 'NONE', *, *, #3215, .T. ) ;
#490 =( NAMED_UNIT ( * ) PLANE_ANGLE_UNIT ( ) SI_UNIT ( $, .RADIAN. ) );
#491 = CARTESIAN_POINT ( 'NONE',  ( -8.255000000000132200, 0.0000000000000000000, 7.644999999999996900 ) ) ;
#492 = LINE ( 'NONE', #1222, #5315 ) ;
#493 = CARTESIAN_POINT ( 'NONE',  ( 7.474999999999998800, 0.0000000000000000000, 6.445000000000000300 ) ) ;
#494 = CARTESIAN_POINT ( 'NONE',  ( 7.474999999999961500, 0.0000000000000000000, 3.642432017676001500E-015 ) ) ;
#495 = LINE ( 'NONE', #3171, #5912 ) ;
#496 = DIRECTION ( 'NONE',  ( 0.0000000000000000000, -1.000000000000000000, 0.0000000000000000000 ) ) ;
#497 = ORIENTED_EDGE ( 'NONE', *, *, #8023, .T. ) ;
#498 = EDGE_CURVE ( 'NONE', #6809, #4142, #6021, .T. ) ;
#499 = ORIENTED_EDGE ( 'NONE', *, *, #1185, .T. ) ;
#500 = PLANE ( 'NONE',  #6757 ) ;
#501 = CARTESIAN_POINT ( 'NONE',  ( 8.255000000000087800, 0.0000000000000000000, 0.02499999999999084900 ) ) ;
#502 = DIRECTION ( 'NONE',  ( 0.0000000000000000000, 0.0000000000000000000, -1.000000000000000000 ) ) ;
#503 = LINE ( 'NONE', #2131, #1586 ) ;
#504 = LINE ( 'NONE', #43, #299 ) ;
#505 = ORIENTED_EDGE ( 'NONE', *, *, #5762, .F. ) ;
#506 = EDGE_CURVE ( 'NONE', #5616, #4548, #3870, .T. ) ;
#507 = DIRECTION ( 'NONE',  ( -4.872818752743839300E-016, 0.0000000000000000000, -1.000000000000000000 ) ) ;
#508 = ORIENTED_EDGE ( 'NONE', *, *, #1333, .T. ) ;
#509 = VECTOR ( 'NONE', #7962, 1000.000000000000000 ) ;
#510 = CARTESIAN_POINT ( 'NONE',  ( -9.975000000000015600, 0.0000000000000000000, 4.665000000000000000 ) ) ;
#511 = EDGE_CURVE ( 'NONE', #2945, #1541, #3546, .T. ) ;
#512 = CARTESIAN_POINT ( 'NONE',  ( -9.975000000000015600, 0.0000000000000000000, 6.445000000000000300 ) ) ;
#513 = VECTOR ( 'NONE', #785, 1000.000000000000000 ) ;
#514 = CARTESIAN_POINT ( 'NONE',  ( 0.0000000000000000000, 0.0000000000000000000, 2.124999999999993300 ) ) ;
#515 = DIRECTION ( 'NONE',  ( -1.000000000000000000, 0.0000000000000000000, -0.0000000000000000000 ) ) ;
#516 = FACE_BOUND ( 'NONE', #976, .T. ) ;
#517 = ADVANCED_FACE ( 'NONE', ( #5430 ), #3868, .F. ) ;
#518 = ORIENTED_EDGE ( 'NONE', *, *, #5679, .F. ) ;
#519 = LINE ( 'NONE', #2143, #1402 ) ;
#520 = DIRECTION ( 'NONE',  ( 0.0000000000000000000, 1.000000000000000000, 0.0000000000000000000 ) ) ;
#521 = DIRECTION ( 'NONE',  ( -1.000000000000000000, 0.0000000000000000000, 0.0000000000000000000 ) ) ;
#522 = EDGE_LOOP ( 'NONE', ( #5301, #6519, #5797, #1727, #1404, #962, #2018, #5502 ) ) ;
#523 = ORIENTED_EDGE ( 'NONE', *, *, #1071, .T. ) ;
#524 = DIRECTION ( 'NONE',  ( -0.0000000000000000000, -0.0000000000000000000, 1.000000000000000000 ) ) ;
#525 = DIRECTION ( 'NONE',  ( -1.000000000000000000, 0.0000000000000000000, -4.872818752743839300E-016 ) ) ;
#526 = VECTOR ( 'NONE', #2895, 1000.000000000000000 ) ;
#527 = PLANE ( 'NONE',  #7544 ) ;
#528 = ORIENTED_EDGE ( 'NONE', *, *, #1759, .T. ) ;
#529 = EDGE_CURVE ( 'NONE', #5385, #873, #6419, .T. ) ;
#530 = CARTESIAN_POINT ( 'NONE',  ( -7.475000000000050300, 1.000000000000000000, -5.495000000000000100 ) ) ;
#531 = EDGE_LOOP ( 'NONE', ( #286, #271, #5806, #6053 ) ) ;
#532 = DIRECTION ( 'NONE',  ( 0.0000000000000000000, 0.0000000000000000000, 1.000000000000000000 ) ) ;
#533 = CARTESIAN_POINT ( 'NONE',  ( 10.77992235650399200, 0.0000000000000000000, 0.4749999999999927600 ) ) ;
#534 = CARTESIAN_POINT ( 'NONE',  ( 9.975000000000005000, 0.0000000000000000000, 6.445000000000000300 ) ) ;
#535 = VECTOR ( 'NONE', #1568, 1000.000000000000000 ) ;
#536 = ORIENTED_EDGE ( 'NONE', *, *, #7821, .T. ) ;
#537 = AXIS2_PLACEMENT_3D ( 'NONE', #1859, #8067, #1206 ) ;
#538 = CARTESIAN_POINT ( 'NONE',  ( 9.974999999999971200, 0.0000000000000000000, 3.904999999999993600 ) ) ;
#539 = DIRECTION ( 'NONE',  ( 0.0000000000000000000, 0.0000000000000000000, -1.000000000000000000 ) ) ;
#540 = MECHANICAL_DESIGN_GEOMETRIC_PRESENTATION_REPRESENTATION (  '', ( #113 ), #3641 ) ;
#541 = LINE ( 'NONE', #212, #4864 ) ;
#542 = CARTESIAN_POINT ( 'NONE',  ( -8.255000000000158900, 0.0000000000000000000, 0.4749999999999979800 ) ) ;
#543 = LINE ( 'NONE', #3286, #7040 ) ;
#544 = ORIENTED_EDGE ( 'NONE', *, *, #1876, .T. ) ;
#545 = DIRECTION ( 'NONE',  ( 1.000000000000000000, -0.0000000000000000000, 0.0000000000000000000 ) ) ;
#546 = AXIS2_PLACEMENT_3D ( 'NONE', #5945, #6577, #4084 ) ;
#547 = LINE ( 'NONE', #7105, #6854 ) ;
#548 = CARTESIAN_POINT ( 'NONE',  ( 8.255000000000096700, 0.0000000000000000000, 2.564999999999991500 ) ) ;
#549 = EDGE_CURVE ( 'NONE', #2843, #3028, #404, .T. ) ;
#550 = CARTESIAN_POINT ( 'NONE',  ( -9.975000000000024500, 0.0000000000000000000, 2.125000000000000000 ) ) ;
#551 = VERTEX_POINT ( 'NONE', #2116 ) ;
#552 = ADVANCED_FACE ( 'NONE', ( #6718, #1878 ), #3951, .F. ) ;
#553 = DIRECTION ( 'NONE',  ( -0.0000000000000000000, 0.0000000000000000000, 1.000000000000000000 ) ) ;
#554 = CARTESIAN_POINT ( 'NONE',  ( 0.0000000000000000000, 1.000000000000000000, 1.365000000000000000 ) ) ;
#555 = FACE_OUTER_BOUND ( 'NONE', #6213, .T. ) ;
#556 = DIRECTION ( 'NONE',  ( 0.0000000000000000000, 0.0000000000000000000, 1.000000000000000000 ) ) ;
#557 = ORIENTED_EDGE ( 'NONE', *, *, #3423, .F. ) ;
#558 = CARTESIAN_POINT ( 'NONE',  ( 0.0000000000000000000, 0.0000000000000000000, -3.714999999999999400 ) ) ;
#559 = ORIENTED_EDGE ( 'NONE', *, *, #3495, .F. ) ;
#560 = ADVANCED_FACE ( 'NONE', ( #1682 ), #2774, .F. ) ;
#561 = VERTEX_POINT ( 'NONE', #6498 ) ;
#562 = LINE ( 'NONE', #7765, #7059 ) ;
#563 = CARTESIAN_POINT ( 'NONE',  ( 9.975000000000001400, 1.000000000000000000, 13.47500000000000100 ) ) ;
#564 = ORIENTED_EDGE ( 'NONE', *, *, #5166, .F. ) ;
#565 = ORIENTED_EDGE ( 'NONE', *, *, #476, .T. ) ;
#566 = ORIENTED_EDGE ( 'NONE', *, *, #4538, .T. ) ;
#567 = CARTESIAN_POINT ( 'NONE',  ( 6.985000000000000300, 2.609976000000000100, -8.299644660940671800 ) ) ;
#568 = PRESENTATION_LAYER_ASSIGNMENT (  '', '', ( #730 ) ) ;
#569 = EDGE_CURVE ( 'NONE', #5585, #4402, #7012, .T. ) ;
#570 = CARTESIAN_POINT ( 'NONE',  ( -6.984999999999997700, 2.609976000000000100, 12.97500000000000000 ) ) ;
#571 = LINE ( 'NONE', #4270, #7068 ) ;
#572 = DIRECTION ( 'NONE',  ( -0.0000000000000000000, 1.000000000000000000, 0.0000000000000000000 ) ) ;
#573 = ORIENTED_EDGE ( 'NONE', *, *, #4160, .F. ) ;
#574 = DIRECTION ( 'NONE',  ( -0.0000000000000000000, -0.0000000000000000000, 1.000000000000000000 ) ) ;
#575 = ORIENTED_EDGE ( 'NONE', *, *, #6065, .T. ) ;
#576 = VERTEX_POINT ( 'NONE', #5817 ) ;
#577 = ORIENTED_EDGE ( 'NONE', *, *, #6356, .T. ) ;
#578 = DIRECTION ( 'NONE',  ( 0.0000000000000000000, -0.0000000000000000000, 1.000000000000000000 ) ) ;
#579 = FACE_OUTER_BOUND ( 'NONE', #223, .T. ) ;
#580 = VECTOR ( 'NONE', #1377, 1000.000000000000000 ) ;
#581 = EDGE_LOOP ( 'NONE', ( #5394, #4457, #5387, #7824 ) ) ;
#582 = ORIENTED_EDGE ( 'NONE', *, *, #1460, .F. ) ;
#583 = DIRECTION ( 'NONE',  ( -4.872818752743839300E-016, 0.0000000000000000000, 1.000000000000000000 ) ) ;
#584 = AXIS2_PLACEMENT_3D ( 'NONE', #3442, #6469, #6586 ) ;
#585 = ORIENTED_EDGE ( 'NONE', *, *, #4476, .T. ) ;
#586 = AXIS2_PLACEMENT_3D ( 'NONE', #5665, #1239, #3183 ) ;
#587 = LINE ( 'NONE', #2585, #7087 ) ;
#588 = EDGE_CURVE ( 'NONE', #8083, #6423, #3658, .T. ) ;
#589 = EDGE_CURVE ( 'NONE', #4563, #4622, #5133, .T. ) ;
#590 = CARTESIAN_POINT ( 'NONE',  ( 6.785000000000001000, 2.949999999999999700, -8.299644660940671800 ) ) ;
#591 = LINE ( 'NONE', #6501, #7091 ) ;
#592 = CARTESIAN_POINT ( 'NONE',  ( -1.905000000000000000, 1.350000000000000100, -12.59500000000000200 ) ) ;
#593 = VERTEX_POINT ( 'NONE', #4655 ) ;
#594 = DIRECTION ( 'NONE',  ( 0.0000000000000000000, 1.000000000000000000, -0.0000000000000000000 ) ) ;
#595 = AXIS2_PLACEMENT_3D ( 'NONE', #2009, #2086, #7129 ) ;
#596 = DIRECTION ( 'NONE',  ( -1.000000000000000000, 0.0000000000000000000, 0.0000000000000000000 ) ) ;
#597 = VECTOR ( 'NONE', #6894, 1000.000000000000000 ) ;
#598 = ADVANCED_FACE ( 'NONE', ( #2197 ), #8108, .F. ) ;
#599 = LINE ( 'NONE', #7276, #3649 ) ;
#600 = CARTESIAN_POINT ( 'NONE',  ( -9.975000000000060000, 0.0000000000000000000, -6.254999999999999900 ) ) ;
#601 = ORIENTED_EDGE ( 'NONE', *, *, #5913, .F. ) ;
#602 = ADVANCED_FACE ( 'NONE', ( #3857 ), #7218, .F. ) ;
#603 = CARTESIAN_POINT ( 'NONE',  ( 0.0000000000000000000, 0.0000000000000000000, 0.0000000000000000000 ) ) ;
#604 = ORIENTED_EDGE ( 'NONE', *, *, #6818, .F. ) ;
#605 = VECTOR ( 'NONE', #2443, 1000.000000000000000 ) ;
#606 = VECTOR ( 'NONE', #6939, 1000.000000000000000 ) ;
#607 =( LENGTH_UNIT ( ) NAMED_UNIT ( * ) SI_UNIT ( .MILLI., .METRE. ) );
#608 = PLANE ( 'NONE',  #586 ) ;
#609 = VECTOR ( 'NONE', #7983, 1000.000000000000000 ) ;
#610 = EDGE_LOOP ( 'NONE', ( #6019, #3287, #4043, #1162 ) ) ;
#611 = VECTOR ( 'NONE', #2857, 1000.000000000000000 ) ;
#612 = AXIS2_PLACEMENT_3D ( 'NONE', #3261, #1450, #3288 ) ;
#613 = VECTOR ( 'NONE', #7374, 1000.000000000000000 ) ;
#614 = EDGE_CURVE ( 'NONE', #3665, #2630, #599, .T. ) ;
#615 = CARTESIAN_POINT ( 'NONE',  ( -8.255000000000176600, 0.0000000000000000000, -4.605000000000001300 ) ) ;
#616 = VECTOR ( 'NONE', #6165, 1000.000000000000000 ) ;
#617 = CIRCLE ( 'NONE', #3398, 1.199999999999999700 ) ;
#618 = EDGE_CURVE ( 'NONE', #1117, #3604, #5722, .T. ) ;
#619 = CYLINDRICAL_SURFACE ( 'NONE', #7669, 0.4500000000000001800 ) ;
#620 = ORIENTED_EDGE ( 'NONE', *, *, #3531, .T. ) ;
#621 = MANIFOLD_SOLID_BREP ( 'Boss-Extrude3[4]', #990 ) ;
#622 = CARTESIAN_POINT ( 'NONE',  ( 7.474999999999995200, 0.0000000000000000000, -0.4150000000000004200 ) ) ;
#623 = DIRECTION ( 'NONE',  ( 0.0000000000000000000, 0.0000000000000000000, 1.000000000000000000 ) ) ;
#624 = DIRECTION ( 'NONE',  ( -1.000000000000000000, 0.0000000000000000000, 0.0000000000000000000 ) ) ;
#625 = CYLINDRICAL_SURFACE ( 'NONE', #4009, 0.4499999999999999000 ) ;
#626 = FILL_AREA_STYLE ('',( #7457 ) ) ;
#627 = ORIENTED_EDGE ( 'NONE', *, *, #3105, .F. ) ;
#628 = AXIS2_PLACEMENT_3D ( 'NONE', #5927, #5235, #2723 ) ;
#629 = ADVANCED_FACE ( 'NONE', ( #1190 ), #7211, .T. ) ;
#630 = LINE ( 'NONE', #822, #6450 ) ;
#631 = FACE_OUTER_BOUND ( 'NONE', #2303, .T. ) ;
#632 = EDGE_CURVE ( 'NONE', #4622, #1203, #1973, .T. ) ;
#633 = EDGE_CURVE ( 'NONE', #593, #5701, #104, .T. ) ;
#634 = DIRECTION ( 'NONE',  ( 1.000000000000000000, 0.0000000000000000000, 0.0000000000000000000 ) ) ;
#635 = VERTEX_POINT ( 'NONE', #2109 ) ;
#636 = DIRECTION ( 'NONE',  ( 0.0000000000000000000, 1.000000000000000000, 0.0000000000000000000 ) ) ;
#637 = ADVANCED_FACE ( 'NONE', ( #6613 ), #7707, .F. ) ;
#638 = CARTESIAN_POINT ( 'NONE',  ( 6.985000000000000300, 2.949999999999999700, 12.72500000000000100 ) ) ;
#639 = LINE ( 'NONE', #7489, #7138 ) ;
#640 = ADVANCED_FACE ( 'NONE', ( #7405 ), #4055, .F. ) ;
#641 = AXIS2_PLACEMENT_3D ( 'NONE', #4602, #834, #3901 ) ;
#642 = VECTOR ( 'NONE', #1564, 1000.000000000000000 ) ;
#643 = AXIS2_PLACEMENT_3D ( 'NONE', #1384, #6444, #3219 ) ;
#644 = CARTESIAN_POINT ( 'NONE',  ( 7.474999999999997000, 1.000000000000000000, 9.744999999999993900 ) ) ;
#645 = ORIENTED_EDGE ( 'NONE', *, *, #247, .F. ) ;
#646 = DIRECTION ( 'NONE',  ( -1.000000000000000000, 0.0000000000000000000, -0.0000000000000000000 ) ) ;
#647 = CARTESIAN_POINT ( 'NONE',  ( -6.984999999999997700, 2.949999999999999700, 12.73964466094067300 ) ) ;
#648 = LINE ( 'NONE', #4092, #2026 ) ;
#649 = DIRECTION ( 'NONE',  ( 0.0000000000000000000, 0.0000000000000000000, 1.000000000000000000 ) ) ;
#650 = ORIENTED_EDGE ( 'NONE', *, *, #1267, .T. ) ;
#651 = VERTEX_POINT ( 'NONE', #7184 ) ;
#652 = PLANE ( 'NONE',  #1721 ) ;
#653 = ORIENTED_EDGE ( 'NONE', *, *, #5537, .F. ) ;
#654 = CARTESIAN_POINT ( 'NONE',  ( 10.77992235650400900, 0.0000000000000000000, 5.554999999999993500 ) ) ;
#655 = CARTESIAN_POINT ( 'NONE',  ( 7.474999999999995200, 0.0000000000000000000, -8.035000000000000100 ) ) ;
#656 = EDGE_CURVE ( 'NONE', #3405, #291, #3050, .T. ) ;
#657 = LINE ( 'NONE', #3984, #6461 ) ;
#658 = EDGE_LOOP ( 'NONE', ( #4368, #8158, #4498, #5782 ) ) ;
#659 = VERTEX_POINT ( 'NONE', #263 ) ;
#660 = ORIENTED_EDGE ( 'NONE', *, *, #5380, .F. ) ;
#661 = ORIENTED_EDGE ( 'NONE', *, *, #4347, .T. ) ;
#662 = DIRECTION ( 'NONE',  ( -0.0000000000000000000, -1.000000000000000000, 0.0000000000000000000 ) ) ;
#663 = DIRECTION ( 'NONE',  ( 0.0000000000000000000, 0.0000000000000000000, 1.000000000000000000 ) ) ;
#664 = CIRCLE ( 'NONE', #5760, 0.4499999999998463600 ) ;
#665 = DIRECTION ( 'NONE',  ( 0.0000000000000000000, 1.000000000000000000, -0.0000000000000000000 ) ) ;
#666 = ORIENTED_EDGE ( 'NONE', *, *, #2430, .T. ) ;
#667 = EDGE_CURVE ( 'NONE', #4804, #19, #2957, .T. ) ;
#668 = DIRECTION ( 'NONE',  ( -0.0000000000000000000, -0.0000000000000000000, 1.000000000000000000 ) ) ;
#669 = LINE ( 'NONE', #6386, #4222 ) ;
#670 = CARTESIAN_POINT ( 'NONE',  ( 9.974999999999971200, 0.0000000000000000000, 2.124999999999993300 ) ) ;
#671 = ORIENTED_EDGE ( 'NONE', *, *, #7101, .F. ) ;
#672 = VERTEX_POINT ( 'NONE', #8162 ) ;
#673 = ORIENTED_EDGE ( 'NONE', *, *, #1425, .T. ) ;
#674 = ORIENTED_EDGE ( 'NONE', *, *, #5558, .F. ) ;
#675 = ORIENTED_EDGE ( 'NONE', *, *, #6560, .T. ) ;
#676 = DIRECTION ( 'NONE',  ( 0.0000000000000000000, 0.0000000000000000000, 1.000000000000000000 ) ) ;
#677 = CARTESIAN_POINT ( 'NONE',  ( 9.974999999999997900, 0.0000000000000000000, 9.744999999999997400 ) ) ;
#678 = AXIS2_PLACEMENT_3D ( 'NONE', #2552, #4399, #3793 ) ;
#679 = ORIENTED_EDGE ( 'NONE', *, *, #7782, .F. ) ;
#680 = DIRECTION ( 'NONE',  ( 0.0000000000000000000, 0.0000000000000000000, -1.000000000000000000 ) ) ;
#681 = ORIENTED_EDGE ( 'NONE', *, *, #3457, .F. ) ;
#682 = ADVANCED_FACE ( 'NONE', ( #4927 ), #5914, .F. ) ;
#683 = EDGE_CURVE ( 'NONE', #2160, #6050, #2660, .T. ) ;
#684 = DIRECTION ( 'NONE',  ( 0.0000000000000000000, 0.0000000000000000000, 1.000000000000000000 ) ) ;
#685 = DIRECTION ( 'NONE',  ( 0.0000000000000000000, 0.0000000000000000000, 1.000000000000000000 ) ) ;
#686 = PRESENTATION_STYLE_ASSIGNMENT (( #3659 ) ) ;
#687 = VERTEX_POINT ( 'NONE', #5084 ) ;
#688 = PLANE ( 'NONE',  #6092 ) ;
#689 = ADVANCED_FACE ( 'NONE', ( #1091 ), #1263, .F. ) ;
#690 = CARTESIAN_POINT ( 'NONE',  ( 9.975000000000001400, 1.000000000000000000, 13.47500000000000100 ) ) ;
#691 = DIRECTION ( 'NONE',  ( -0.0000000000000000000, -1.000000000000000000, -0.0000000000000000000 ) ) ;
#692 = CARTESIAN_POINT ( 'NONE',  ( -8.255000000000185500, 0.0000000000000000000, -6.695000000000002100 ) ) ;
#693 = LINE ( 'NONE', #5559, #1481 ) ;
#694 = AXIS2_PLACEMENT_3D ( 'NONE', #6878, #5545, #578 ) ;
#695 = LINE ( 'NONE', #1361, #6192 ) ;
#696 = EDGE_CURVE ( 'NONE', #5614, #1125, #2276, .T. ) ;
#697 = EDGE_CURVE ( 'NONE', #964, #961, #7002, .T. ) ;
#698 = CARTESIAN_POINT ( 'NONE',  ( 0.0000000000000000000, 1.000000000000000000, -3.714999999999999400 ) ) ;
#699 = EDGE_LOOP ( 'NONE', ( #1850, #4505, #4928, #4001 ) ) ;
#700 = DIRECTION ( 'NONE',  ( 0.0000000000000000000, 0.0000000000000000000, 1.000000000000000000 ) ) ;
#701 = LINE ( 'NONE', #5376, #3149 ) ;
#702 = DIRECTION ( 'NONE',  ( -4.872818752743839300E-016, 0.0000000000000000000, 1.000000000000000000 ) ) ;
#703 = DIRECTION ( 'NONE',  ( 1.000000000000000000, 0.0000000000000000000, 0.0000000000000000000 ) ) ;
#704 = DIRECTION ( 'NONE',  ( -1.000000000000000000, 0.0000000000000000000, 4.872818752743839300E-016 ) ) ;
#705 = SURFACE_STYLE_FILL_AREA ( #7829 ) ;
#706 = ORIENTED_EDGE ( 'NONE', *, *, #5300, .T. ) ;
#707 = EDGE_CURVE ( 'NONE', #7552, #3119, #4537, .T. ) ;
#708 = CARTESIAN_POINT ( 'NONE',  ( 6.749644660940670200, 1.000000000000000000, -8.335000000000000900 ) ) ;
#709 = DIRECTION ( 'NONE',  ( -1.387778780781446500E-015, 0.0000000000000000000, -1.000000000000000000 ) ) ;
#710 = LINE ( 'NONE', #7661, #5243 ) ;
#711 = DIRECTION ( 'NONE',  ( -0.0000000000000000000, 1.000000000000000000, -0.0000000000000000000 ) ) ;
#712 = ORIENTED_EDGE ( 'NONE', *, *, #1592, .F. ) ;
#713 = VECTOR ( 'NONE', #5163, 1000.000000000000000 ) ;
#714 = DIRECTION ( 'NONE',  ( 0.0000000000000000000, 0.0000000000000000000, 1.000000000000000000 ) ) ;
#715 = CARTESIAN_POINT ( 'NONE',  ( 6.735000000000000300, 2.700000000000000200, 12.72500000000000100 ) ) ;
#716 = CIRCLE ( 'NONE', #6, 1.199999999999999700 ) ;
#717 = DIRECTION ( 'NONE',  ( -0.0000000000000000000, 1.000000000000000000, -0.0000000000000000000 ) ) ;
#718 = DIRECTION ( 'NONE',  ( 0.0000000000000000000, 0.0000000000000000000, 1.000000000000000000 ) ) ;
#719 = LINE ( 'NONE', #2358, #2884 ) ;
#720 = ORIENTED_EDGE ( 'NONE', *, *, #3884, .F. ) ;
#721 = CIRCLE ( 'NONE', #4241, 0.4499999999999999000 ) ;
#722 = DIRECTION ( 'NONE',  ( 0.0000000000000000000, 1.000000000000000000, 0.0000000000000000000 ) ) ;
#723 = CARTESIAN_POINT ( 'NONE',  ( -6.734999999999998500, 2.700000000000000200, -8.285000000000000100 ) ) ;
#724 = ORIENTED_EDGE ( 'NONE', *, *, #3972, .T. ) ;
#725 = FILL_AREA_STYLE ('',( #5757 ) ) ;
#726 = VECTOR ( 'NONE', #3745, 1000.000000000000000 ) ;
#727 = LINE ( 'NONE', #4393, #5346 ) ;
#728 = CARTESIAN_POINT ( 'NONE',  ( -9.974999999999997900, 1.000000000000000000, 13.47500000000000100 ) ) ;
#729 = VERTEX_POINT ( 'NONE', #6383 ) ;
#730 = STYLED_ITEM ( 'NONE', ( #418 ), #5412 ) ;
#731 = ADVANCED_FACE ( 'NONE', ( #7902, #1288 ), #6293, .T. ) ;
#732 = EDGE_CURVE ( 'NONE', #6088, #5751, #4736, .T. ) ;
#733 = ORIENTED_EDGE ( 'NONE', *, *, #6879, .T. ) ;
#734 = FILL_AREA_STYLE ('',( #192 ) ) ;
#735 = CARTESIAN_POINT ( 'NONE',  ( 9.975000000000001400, 0.0000000000000000000, 13.47500000000000100 ) ) ;
#736 = DIRECTION ( 'NONE',  ( 1.000000000000000000, -0.0000000000000000000, 0.0000000000000000000 ) ) ;
#737 = AXIS2_PLACEMENT_3D ( 'NONE', #7052, #1892, #1129 ) ;
#738 = DIRECTION ( 'NONE',  ( -0.0000000000000000000, 0.0000000000000000000, 1.000000000000000000 ) ) ;
#739 = VECTOR ( 'NONE', #5312, 1000.000000000000000 ) ;
#740 = VECTOR ( 'NONE', #7823, 1000.000000000000000 ) ;
#741 = FILL_AREA_STYLE ('',( #49 ) ) ;
#742 = ORIENTED_EDGE ( 'NONE', *, *, #6539, .T. ) ;
#743 = CARTESIAN_POINT ( 'NONE',  ( -7.475000000000032500, 1.000000000000000000, -0.4150000000000004200 ) ) ;
#744 = EDGE_CURVE ( 'NONE', #4514, #1359, #6013, .T. ) ;
#745 = EDGE_CURVE ( 'NONE', #1585, #2642, #4252, .T. ) ;
#746 = CARTESIAN_POINT ( 'NONE',  ( 8.255000000000087800, 1.000000000000000000, 0.9249999999999912700 ) ) ;
#747 = LINE ( 'NONE', #2499, #1137 ) ;
#748 = CARTESIAN_POINT ( 'NONE',  ( 9.974999999999962300, 0.0000000000000000000, 1.364999999999992900 ) ) ;
#749 = ORIENTED_EDGE ( 'NONE', *, *, #6750, .T. ) ;
#750 = CARTESIAN_POINT ( 'NONE',  ( 8.255000000000123400, 0.0000000000000000000, 10.63499999999999100 ) ) ;
#751 = DIRECTION ( 'NONE',  ( 0.0000000000000000000, 0.0000000000000000000, 1.000000000000000000 ) ) ;
#752 = CIRCLE ( 'NONE', #5015, 0.4499999999999999000 ) ;
#753 = CARTESIAN_POINT ( 'NONE',  ( 7.474999999999995200, 0.0000000000000000000, 2.125000000000000000 ) ) ;
#754 = ORIENTED_EDGE ( 'NONE', *, *, #5886, .T. ) ;
#755 = EDGE_LOOP ( 'NONE', ( #4614, #3039, #2708, #399 ) ) ;
#756 = PLANE ( 'NONE',  #8143 ) ;
#757 = CARTESIAN_POINT ( 'NONE',  ( -6.984999999999997700, 2.609976000000000100, 12.72500000000000100 ) ) ;
#758 = EDGE_LOOP ( 'NONE', ( #3614, #1931 ) ) ;
#759 = CARTESIAN_POINT ( 'NONE',  ( 8.255000000000078900, 1.000000000000000000, -2.065000000000009700 ) ) ;
#760 = LINE ( 'NONE', #3852, #5569 ) ;
#761 = CARTESIAN_POINT ( 'NONE',  ( 8.255000000000070100, 1.000000000000000000, -4.605000000000008400 ) ) ;
#762 = ORIENTED_EDGE ( 'NONE', *, *, #1698, .T. ) ;
#763 = EDGE_LOOP ( 'NONE', ( #7958, #5041 ) ) ;
#764 = EDGE_LOOP ( 'NONE', ( #3394, #6802 ) ) ;
#765 = EDGE_CURVE ( 'NONE', #832, #4075, #797, .T. ) ;
#766 = ADVANCED_FACE ( 'NONE', ( #5423 ), #5020, .F. ) ;
#767 = CYLINDRICAL_SURFACE ( 'NONE', #2483, 1.079499999999998800 ) ;
#768 = LINE ( 'NONE', #2145, #6470 ) ;
#769 = VERTEX_POINT ( 'NONE', #1927 ) ;
#770 = ORIENTED_EDGE ( 'NONE', *, *, #4851, .T. ) ;
#771 = ORIENTED_EDGE ( 'NONE', *, *, #1316, .T. ) ;
#772 = CARTESIAN_POINT ( 'NONE',  ( 0.0000000000000000000, 1.000000000000000000, -6.254999999999999900 ) ) ;
#773 = ORIENTED_EDGE ( 'NONE', *, *, #5946, .T. ) ;
#774 = ORIENTED_EDGE ( 'NONE', *, *, #5484, .T. ) ;
#775 = DIRECTION ( 'NONE',  ( 1.000000000000000000, -0.0000000000000000000, 0.0000000000000000000 ) ) ;
#776 = EDGE_CURVE ( 'NONE', #2945, #2351, #504, .T. ) ;
#777 = DIRECTION ( 'NONE',  ( 1.000000000000000000, 0.0000000000000000000, 0.0000000000000000000 ) ) ;
#778 = ORIENTED_EDGE ( 'NONE', *, *, #8033, .T. ) ;
#779 = LINE ( 'NONE', #5796, #2254 ) ;
#780 = LINE ( 'NONE', #2, #2640 ) ;
#781 = PLANE ( 'NONE',  #5705 ) ;
#782 = ORIENTED_EDGE ( 'NONE', *, *, #1884, .F. ) ;
#783 = ORIENTED_EDGE ( 'NONE', *, *, #5251, .T. ) ;
#784 = EDGE_CURVE ( 'NONE', #7694, #8046, #4444, .T. ) ;
#785 = DIRECTION ( 'NONE',  ( 1.000000000000000000, 0.0000000000000000000, 0.0000000000000000000 ) ) ;
#786 = ORIENTED_EDGE ( 'NONE', *, *, #2610, .F. ) ;
#787 = ORIENTED_EDGE ( 'NONE', *, *, #4090, .T. ) ;
#788 = SURFACE_STYLE_USAGE ( .BOTH. , #1413 ) ;
#789 = CARTESIAN_POINT ( 'NONE',  ( 8.255000000000070100, 0.0000000000000000000, -5.055000000000008600 ) ) ;
#790 = FILL_AREA_STYLE_COLOUR ( '', #2209 ) ;
#791 = CIRCLE ( 'NONE', #2845, 1.199999999999999700 ) ;
#792 = VECTOR ( 'NONE', #1157, 1000.000000000000000 ) ;
#793 = DIRECTION ( 'NONE',  ( 0.0000000000000000000, 0.0000000000000000000, 1.000000000000000000 ) ) ;
#794 = EDGE_LOOP ( 'NONE', ( #2514, #2731 ) ) ;
#795 = EDGE_CURVE ( 'NONE', #4852, #5666, #7311, .T. ) ;
#796 = FACE_OUTER_BOUND ( 'NONE', #4710, .T. ) ;
#797 = CIRCLE ( 'NONE', #44, 0.04999999999999969700 ) ;
#798 = ORIENTED_EDGE ( 'NONE', *, *, #4203, .F. ) ;
#799 = CARTESIAN_POINT ( 'NONE',  ( 6.735000000000000300, 2.700000000000000200, 12.72500000000000100 ) ) ;
#800 = ORIENTED_EDGE ( 'NONE', *, *, #7608, .F. ) ;
#801 = AXIS2_PLACEMENT_3D ( 'NONE', #4363, #5647, #5037 ) ;
#802 = DIRECTION ( 'NONE',  ( -0.0000000000000000000, 1.000000000000000000, -0.0000000000000000000 ) ) ;
#803 = AXIS2_PLACEMENT_3D ( 'NONE', #4739, #2942, #6106 ) ;
#804 = ORIENTED_EDGE ( 'NONE', *, *, #2463, .F. ) ;
#805 = VECTOR ( 'NONE', #6202, 1000.000000000000000 ) ;
#806 = DIRECTION ( 'NONE',  ( 0.0000000000000000000, -1.000000000000000000, 0.0000000000000000000 ) ) ;
#807 = CARTESIAN_POINT ( 'NONE',  ( 0.0000000000000000000, 0.0000000000000000000, 0.0000000000000000000 ) ) ;
#808 = LINE ( 'NONE', #7461, #2666 ) ;
#809 = CARTESIAN_POINT ( 'NONE',  ( 9.975000000000001400, 0.0000000000000000000, 13.47500000000000100 ) ) ;
#810 = CARTESIAN_POINT ( 'NONE',  ( -7.475000000000013900, 1.000000000000000000, 6.445000000000000300 ) ) ;
#811 = VECTOR ( 'NONE', #1171, 1000.000000000000000 ) ;
#812 = VERTEX_POINT ( 'NONE', #5709 ) ;
#813 = LINE ( 'NONE', #349, #5237 ) ;
#814 = ADVANCED_FACE ( 'NONE', ( #989 ), #6281, .T. ) ;
#815 = EDGE_CURVE ( 'NONE', #5776, #5614, #3958, .T. ) ;
#816 = LINE ( 'NONE', #343, #7328 ) ;
#817 = CARTESIAN_POINT ( 'NONE',  ( 0.0000000000000000000, 1.350000000000000100, -12.33850000000000000 ) ) ;
#818 = VECTOR ( 'NONE', #7845, 1000.000000000000000 ) ;
#819 = FACE_OUTER_BOUND ( 'NONE', #7098, .T. ) ;
#820 = CARTESIAN_POINT ( 'NONE',  ( 9.974999999999997900, 0.0000000000000000000, 7.204999999999996500 ) ) ;
#821 = DIRECTION ( 'NONE',  ( -1.000000000000000000, 0.0000000000000000000, 0.0000000000000000000 ) ) ;
#822 = CARTESIAN_POINT ( 'NONE',  ( -8.255000000000141100, 0.0000000000000000000, 6.004999999999998100 ) ) ;
#823 = DIRECTION ( 'NONE',  ( 0.0000000000000000000, 0.0000000000000000000, 1.000000000000000000 ) ) ;
#824 = PRESENTATION_STYLE_ASSIGNMENT (( #7988 ) ) ;
#825 = EDGE_CURVE ( 'NONE', #6706, #4787, #5125, .T. ) ;
#826 = EDGE_LOOP ( 'NONE', ( #1261, #7868, #8064, #5446 ) ) ;
#827 = DIRECTION ( 'NONE',  ( 0.0000000000000000000, 1.000000000000000000, 0.0000000000000000000 ) ) ;
#828 = CARTESIAN_POINT ( 'NONE',  ( -9.975000000000042300, 0.0000000000000000000, -1.175000000000000700 ) ) ;
#829 = PLANE ( 'NONE',  #5162 ) ;
#830 = LINE ( 'NONE', #5719, #2100 ) ;
#831 = VECTOR ( 'NONE', #6351, 1000.000000000000000 ) ;
#832 = VERTEX_POINT ( 'NONE', #1819 ) ;
#833 = PLANE ( 'NONE',  #3797 ) ;
#834 = DIRECTION ( 'NONE',  ( -0.0000000000000000000, -1.000000000000000000, 0.0000000000000000000 ) ) ;
#835 = DIRECTION ( 'NONE',  ( 0.0000000000000000000, 0.0000000000000000000, 1.000000000000000000 ) ) ;
#836 = ORIENTED_EDGE ( 'NONE', *, *, #5645, .T. ) ;
#837 = VECTOR ( 'NONE', #6612, 1000.000000000000000 ) ;
#838 = LINE ( 'NONE', #6128, #3897 ) ;
#839 = AXIS2_PLACEMENT_3D ( 'NONE', #1778, #4863, #2420 ) ;
#840 = CARTESIAN_POINT ( 'NONE',  ( -6.734999999999998500, 2.700000000000000200, -8.535000000000000100 ) ) ;
#841 = ORIENTED_EDGE ( 'NONE', *, *, #7530, .T. ) ;
#842 = DIRECTION ( 'NONE',  ( 0.0000000000000000000, 1.000000000000000000, -0.0000000000000000000 ) ) ;
#843 = LINE ( 'NONE', #4792, #6453 ) ;
#844 = CARTESIAN_POINT ( 'NONE',  ( -9.974999999999997900, 0.0000000000000000000, 13.47500000000000100 ) ) ;
#845 = DIRECTION ( 'NONE',  ( -4.872818752743839300E-016, 0.0000000000000000000, 1.000000000000000000 ) ) ;
#846 = AXIS2_PLACEMENT_3D ( 'NONE', #2316, #302, #7360 ) ;
#847 = ORIENTED_EDGE ( 'NONE', *, *, #4155, .T. ) ;
#848 = ORIENTED_EDGE ( 'NONE', *, *, #3628, .T. ) ;
#849 = AXIS2_PLACEMENT_3D ( 'NONE', #3464, #2771, #7187 ) ;
#850 = EDGE_LOOP ( 'NONE', ( #170, #1739, #1575, #6235 ) ) ;
#851 = DIRECTION ( 'NONE',  ( 1.000000000000000000, 0.0000000000000000000, 0.0000000000000000000 ) ) ;
#852 = ADVANCED_FACE ( 'NONE', ( #7497 ), #6201, .F. ) ;
#853 = EDGE_CURVE ( 'NONE', #6070, #1911, #2566, .T. ) ;
#854 = EDGE_CURVE ( 'NONE', #1918, #1569, #6711, .T. ) ;
#855 = DIRECTION ( 'NONE',  ( -0.0000000000000000000, 1.000000000000000000, -0.0000000000000000000 ) ) ;
#856 = LINE ( 'NONE', #4074, #7651 ) ;
#857 = DIRECTION ( 'NONE',  ( -0.0000000000000000000, -0.0000000000000000000, 1.000000000000000000 ) ) ;
#858 = ORIENTED_EDGE ( 'NONE', *, *, #1712, .F. ) ;
#859 = VERTEX_POINT ( 'NONE', #708 ) ;
#860 = CARTESIAN_POINT ( 'NONE',  ( -6.984999999999997700, 2.609976000000000100, 12.97500000000000000 ) ) ;
#861 = ORIENTED_EDGE ( 'NONE', *, *, #4953, .F. ) ;
#862 = ORIENTED_EDGE ( 'NONE', *, *, #3309, .F. ) ;
#863 = EDGE_CURVE ( 'NONE', #1117, #1887, #5023, .T. ) ;
#864 = PLANE ( 'NONE',  #5280 ) ;
#865 = CARTESIAN_POINT ( 'NONE',  ( -6.984999999999997700, 2.949999999999999700, -8.285000000000000100 ) ) ;
#866 = ORIENTED_EDGE ( 'NONE', *, *, #40, .F. ) ;
#867 = CARTESIAN_POINT ( 'NONE',  ( -9.974999999999997900, 1.000000000000000000, 13.47500000000000100 ) ) ;
#868 = ORIENTED_EDGE ( 'NONE', *, *, #2277, .F. ) ;
#869 = CARTESIAN_POINT ( 'NONE',  ( -8.255000000000141100, 0.0000000000000000000, 5.104999999999998600 ) ) ;
#870 = VECTOR ( 'NONE', #1520, 1000.000000000000000 ) ;
#871 = FACE_OUTER_BOUND ( 'NONE', #581, .T. ) ;
#872 = ORIENTED_EDGE ( 'NONE', *, *, #1655, .F. ) ;
#873 = VERTEX_POINT ( 'NONE', #5098 ) ;
#874 = ORIENTED_EDGE ( 'NONE', *, *, #7890, .F. ) ;
#875 = UNCERTAINTY_MEASURE_WITH_UNIT (LENGTH_MEASURE( 1.000000000000000100E-005 ), #6765, 'distance_accuracy_value', 'NONE');
#876 = EDGE_LOOP ( 'NONE', ( #1699, #6475 ) ) ;
#877 = COLOUR_RGB ( '',1.000000000000000000, 0.8117647058823529400, 0.5019607843137254800 ) ;
#878 = ORIENTED_EDGE ( 'NONE', *, *, #2718, .T. ) ;
#879 = DIRECTION ( 'NONE',  ( 0.0000000000000000000, 0.0000000000000000000, 1.000000000000000000 ) ) ;
#880 = EDGE_CURVE ( 'NONE', #4585, #6079, #4727, .T. ) ;
#881 = DIRECTION ( 'NONE',  ( 0.0000000000000000000, 1.000000000000000000, 0.0000000000000000000 ) ) ;
#882 = EDGE_CURVE ( 'NONE', #3313, #3338, #6605, .T. ) ;
#883 = ORIENTED_EDGE ( 'NONE', *, *, #7232, .T. ) ;
#884 = AXIS2_PLACEMENT_3D ( 'NONE', #4205, #1350, #2016 ) ;
#885 = CARTESIAN_POINT ( 'NONE',  ( 6.985000000000000300, 2.609976000000000100, 12.97500000000000000 ) ) ;
#886 = FACE_BOUND ( 'NONE', #5119, .T. ) ;
#887 = CARTESIAN_POINT ( 'NONE',  ( 7.474999999999960600, 0.0000000000000000000, 1.364999999999992900 ) ) ;
#888 =( NAMED_UNIT ( * ) PLANE_ANGLE_UNIT ( ) SI_UNIT ( $, .RADIAN. ) );
#889 = VECTOR ( 'NONE', #5141, 1000.000000000000000 ) ;
#890 = ADVANCED_FACE ( 'NONE', ( #2855 ), #7896, .F. ) ;
#891 = EDGE_LOOP ( 'NONE', ( #4419, #2865 ) ) ;
#892 = CARTESIAN_POINT ( 'NONE',  ( 7.474999999999995200, 0.0000000000000000000, -2.955000000000001000 ) ) ;
#893 = FACE_OUTER_BOUND ( 'NONE', #7288, .T. ) ;
#894 = AXIS2_PLACEMENT_3D ( 'NONE', #2356, #6138, #3666 ) ;
#895 = CARTESIAN_POINT ( 'NONE',  ( 7.474999999999995200, 1.000000000000000000, -2.955000000000001000 ) ) ;
#896 = CARTESIAN_POINT ( 'NONE',  ( -6.984999999999997700, 2.609976000000000100, -8.335000000000000900 ) ) ;
#897 = VECTOR ( 'NONE', #1961, 1000.000000000000000 ) ;
#898 = EDGE_CURVE ( 'NONE', #3652, #1949, #1281, .T. ) ;
#899 = EDGE_CURVE ( 'NONE', #6886, #291, #695, .T. ) ;
#900 = VERTEX_POINT ( 'NONE', #7563 ) ;
#901 = DIRECTION ( 'NONE',  ( -0.0000000000000000000, -0.0000000000000000000, 1.000000000000000000 ) ) ;
#902 = DIRECTION ( 'NONE',  ( 0.0000000000000000000, 1.000000000000000000, -0.0000000000000000000 ) ) ;
#903 = CIRCLE ( 'NONE', #6667, 0.4500000000000007300 ) ;
#904 = DIRECTION ( 'NONE',  ( 1.000000000000000000, 0.0000000000000000000, 0.0000000000000000000 ) ) ;
#905 = ORIENTED_EDGE ( 'NONE', *, *, #4877, .F. ) ;
#906 = LINE ( 'NONE', #6719, #2385 ) ;
#907 = FACE_OUTER_BOUND ( 'NONE', #130, .T. ) ;
#908 = CARTESIAN_POINT ( 'NONE',  ( -6.984999999999997700, 1.000000000000000000, 12.97500000000000000 ) ) ;
#909 = CARTESIAN_POINT ( 'NONE',  ( -7.474999999999996100, 0.0000000000000000000, 11.52500000000000000 ) ) ;
#910 = DIRECTION ( 'NONE',  ( -0.0000000000000000000, 0.0000000000000000000, 1.000000000000000000 ) ) ;
#911 = VECTOR ( 'NONE', #2386, 1000.000000000000000 ) ;
#912 = LINE ( 'NONE', #869, #1693 ) ;
#913 = ORIENTED_EDGE ( 'NONE', *, *, #5268, .T. ) ;
#914 = LINE ( 'NONE', #2597, #2582 ) ;
#915 = VERTEX_POINT ( 'NONE', #5775 ) ;
#916 = DIRECTION ( 'NONE',  ( -1.000000000000000000, 0.0000000000000000000, 0.0000000000000000000 ) ) ;
#917 = DIRECTION ( 'NONE',  ( -1.000000000000000000, 0.0000000000000000000, -4.872818752743839300E-016 ) ) ;
#918 = CARTESIAN_POINT ( 'NONE',  ( -1.905000000000000000, 1.000000000000000000, -12.59500000000000200 ) ) ;
#919 = LINE ( 'NONE', #3353, #526 ) ;
#920 = VECTOR ( 'NONE', #1147, 1000.000000000000000 ) ;
#921 = EDGE_CURVE ( 'NONE', #6976, #1240, #7795, .T. ) ;
#922 = DIRECTION ( 'NONE',  ( 0.0000000000000000000, 1.000000000000000000, 0.0000000000000000000 ) ) ;
#923 = LINE ( 'NONE', #3341, #8135 ) ;
#924 = ORIENTED_EDGE ( 'NONE', *, *, #1983, .F. ) ;
#925 = CARTESIAN_POINT ( 'NONE',  ( 9.974999999999980100, 0.0000000000000000000, 4.664999999999992900 ) ) ;
#926 = CARTESIAN_POINT ( 'NONE',  ( -7.475000000000040500, 0.0000000000000000000, -1.175000000000000700 ) ) ;
#927 = CARTESIAN_POINT ( 'NONE',  ( -6.734999999999996800, 2.700000000000000200, -8.285000000000001900 ) ) ;
#928 = EDGE_CURVE ( 'NONE', #7142, #3866, #3243, .T. ) ;
#929 = ADVANCED_FACE ( 'NONE', ( #2374 ), #8088, .F. ) ;
#930 = VECTOR ( 'NONE', #2115, 1000.000000000000000 ) ;
#931 = CARTESIAN_POINT ( 'NONE',  ( -9.975000000000006800, 0.0000000000000000000, 7.204999999999999200 ) ) ;
#932 = DIRECTION ( 'NONE',  ( -0.0000000000000000000, 1.000000000000000000, -0.0000000000000000000 ) ) ;
#933 = EDGE_LOOP ( 'NONE', ( #5228, #975, #1636, #7679, #4923, #3003, #4407, #6593 ) ) ;
#934 = DIRECTION ( 'NONE',  ( 1.000000000000000000, -0.0000000000000000000, -0.0000000000000000000 ) ) ;
#935 = FACE_OUTER_BOUND ( 'NONE', #4491, .T. ) ;
#936 = DIRECTION ( 'NONE',  ( -0.0000000000000000000, -0.0000000000000000000, 1.000000000000000000 ) ) ;
#937 = CARTESIAN_POINT ( 'NONE',  ( -6.734999999999996800, 2.949999999999999700, 0.0000000000000000000 ) ) ;
#938 = EDGE_LOOP ( 'NONE', ( #3923, #3844, #3970, #4003, #2819, #5695, #3613, #6136 ) ) ;
#939 = CARTESIAN_POINT ( 'NONE',  ( -9.975000000000042300, 0.0000000000000000000, -1.175000000000000700 ) ) ;
#940 = AXIS2_PLACEMENT_3D ( 'NONE', #2027, #147, #3364 ) ;
#941 = EDGE_CURVE ( 'NONE', #160, #5326, #495, .T. ) ;
#942 = FACE_OUTER_BOUND ( 'NONE', #3603, .T. ) ;
#943 = SURFACE_STYLE_USAGE ( .BOTH. , #7253 ) ;
#944 = ORIENTED_EDGE ( 'NONE', *, *, #8061, .F. ) ;
#945 = EDGE_LOOP ( 'NONE', ( #6618, #3295, #2278, #6532 ) ) ;
#946 = DIRECTION ( 'NONE',  ( -1.000000000000000000, 0.0000000000000000000, -0.0000000000000000000 ) ) ;
#947 = ORIENTED_EDGE ( 'NONE', *, *, #5958, .F. ) ;
#948 = PLANE ( 'NONE',  #6773 ) ;
#949 = CARTESIAN_POINT ( 'NONE',  ( -8.255000000000158900, 1.000000000000000000, 0.4749999999999979800 ) ) ;
#950 = DIRECTION ( 'NONE',  ( -0.0000000000000000000, -1.000000000000000000, -0.0000000000000000000 ) ) ;
#951 = AXIS2_PLACEMENT_3D ( 'NONE', #5398, #1043, #5367 ) ;
#952 = PRESENTATION_STYLE_ASSIGNMENT (( #4993 ) ) ;
#953 = VERTEX_POINT ( 'NONE', #677 ) ;
#954 = PLANE ( 'NONE',  #8060 ) ;
#955 = ORIENTED_EDGE ( 'NONE', *, *, #6708, .F. ) ;
#956 = EDGE_CURVE ( 'NONE', #3615, #7713, #2755, .T. ) ;
#957 = CARTESIAN_POINT ( 'NONE',  ( 9.974999999999935700, 1.000000000000000000, -8.035000000000007200 ) ) ;
#958 = LINE ( 'NONE', #4114, #1937 ) ;
#959 = DIRECTION ( 'NONE',  ( -1.000000000000000000, 0.0000000000000000000, 0.0000000000000000000 ) ) ;
#960 = VECTOR ( 'NONE', #5279, 1000.000000000000000 ) ;
#961 = VERTEX_POINT ( 'NONE', #1903 ) ;
#962 = ORIENTED_EDGE ( 'NONE', *, *, #3861, .T. ) ;
#963 = ORIENTED_EDGE ( 'NONE', *, *, #6817, .T. ) ;
#964 = VERTEX_POINT ( 'NONE', #5072 ) ;
#965 = AXIS2_PLACEMENT_3D ( 'NONE', #8066, #5601, #3762 ) ;
#966 = EDGE_CURVE ( 'NONE', #5997, #1006, #1380, .T. ) ;
#967 = DIRECTION ( 'NONE',  ( 0.0000000000000000000, 0.0000000000000000000, -1.000000000000000000 ) ) ;
#968 = ORIENTED_EDGE ( 'NONE', *, *, #2940, .F. ) ;
#969 = CYLINDRICAL_SURFACE ( 'NONE', #2592, 0.04999999999999969700 ) ;
#970 = CARTESIAN_POINT ( 'NONE',  ( -6.734999999999998500, 2.609976000000000100, -8.535000000000000100 ) ) ;
#971 = LINE ( 'NONE', #828, #580 ) ;
#972 = CARTESIAN_POINT ( 'NONE',  ( -7.475000000000013900, 0.0000000000000000000, 6.445000000000000300 ) ) ;
#973 = ORIENTED_EDGE ( 'NONE', *, *, #5026, .F. ) ;
#974 = ADVANCED_FACE ( 'NONE', ( #3540 ), #652, .F. ) ;
#975 = ORIENTED_EDGE ( 'NONE', *, *, #3066, .T. ) ;
#976 = EDGE_LOOP ( 'NONE', ( #6292, #5466 ) ) ;
#977 = ORIENTED_EDGE ( 'NONE', *, *, #5456, .T. ) ;
#978 = VECTOR ( 'NONE', #6991, 1000.000000000000000 ) ;
#979 = CARTESIAN_POINT ( 'NONE',  ( 7.474999999999933900, 0.0000000000000000000, -6.255000000000007000 ) ) ;
#980 = ORIENTED_EDGE ( 'NONE', *, *, #6316, .T. ) ;
#981 = DIRECTION ( 'NONE',  ( -1.000000000000000000, -0.0000000000000000000, 1.387778780781446500E-015 ) ) ;
#982 = VECTOR ( 'NONE', #7021, 1000.000000000000000 ) ;
#983 = LINE ( 'NONE', #7465, #792 ) ;
#984 = ORIENTED_EDGE ( 'NONE', *, *, #1884, .T. ) ;
#985 = EDGE_CURVE ( 'NONE', #5586, #3405, #4829, .T. ) ;
#986 = FACE_OUTER_BOUND ( 'NONE', #7086, .T. ) ;
#987 = CARTESIAN_POINT ( 'NONE',  ( -9.975000000000015600, 0.0000000000000000000, 6.445000000000000300 ) ) ;
#988 = DIRECTION ( 'NONE',  ( 1.000000000000000000, 0.0000000000000000000, -4.872818752743839300E-016 ) ) ;
#989 = FACE_OUTER_BOUND ( 'NONE', #35, .T. ) ;
#990 = CLOSED_SHELL ( 'NONE', ( #5964, #2257, #2944, #3733, #6880, #3556, #1295, #4962 ) ) ;
#991 = PLANE ( 'NONE',  #1109 ) ;
#992 = CARTESIAN_POINT ( 'NONE',  ( 7.474999999999995200, 1.000000000000000000, -6.254999999999999900 ) ) ;
#993 = CARTESIAN_POINT ( 'NONE',  ( 0.0000000000000000000, 0.0000000000000000000, 9.744999999999993900 ) ) ;
#994 = CARTESIAN_POINT ( 'NONE',  ( -8.255000000000176600, 0.0000000000000000000, -4.605000000000001300 ) ) ;
#995 = VERTEX_POINT ( 'NONE', #3817 ) ;
#996 = LINE ( 'NONE', #4974, #4257 ) ;
#997 = ORIENTED_EDGE ( 'NONE', *, *, #5026, .T. ) ;
#998 = LINE ( 'NONE', #6333, #606 ) ;
#999 = AXIS2_PLACEMENT_3D ( 'NONE', #7857, #2213, #6616 ) ;
#1000 = DIRECTION ( 'NONE',  ( 1.000000000000000000, 0.0000000000000000000, 0.0000000000000000000 ) ) ;
#1001 = LINE ( 'NONE', #7259, #1787 ) ;
#1002 = ORIENTED_EDGE ( 'NONE', *, *, #5716, .T. ) ;
#1003 = EDGE_CURVE ( 'NONE', #2452, #6155, #3639, .T. ) ;
#1004 = EDGE_CURVE ( 'NONE', #2030, #3226, #2177, .T. ) ;
#1005 = CARTESIAN_POINT ( 'NONE',  ( 7.474999999999995200, 1.000000000000000000, 2.125000000000000000 ) ) ;
#1006 = VERTEX_POINT ( 'NONE', #4448 ) ;
#1007 = COLOUR_RGB ( '',0.2509803921568627400, 0.2509803921568627400, 0.2509803921568627400 ) ;
#1008 = CARTESIAN_POINT ( 'NONE',  ( -8.255000000000167800, 0.0000000000000000000, -1.615000000000002200 ) ) ;
#1009 = FACE_BOUND ( 'NONE', #876, .T. ) ;
#1010 = ADVANCED_FACE ( 'NONE', ( #3044 ), #1929, .F. ) ;
#1011 = FACE_OUTER_BOUND ( 'NONE', #6258, .T. ) ;
#1012 = ORIENTED_EDGE ( 'NONE', *, *, #2533, .F. ) ;
#1013 = SURFACE_SIDE_STYLE ('',( #3664 ) ) ;
#1014 = AXIS2_PLACEMENT_3D ( 'NONE', #3942, #2054, #7690 ) ;
#1015 = DIRECTION ( 'NONE',  ( -1.000000000000000000, 0.0000000000000000000, 0.0000000000000000000 ) ) ;
#1016 = ORIENTED_EDGE ( 'NONE', *, *, #2982, .F. ) ;
#1017 = CARTESIAN_POINT ( 'NONE',  ( -8.255000000000176600, 0.0000000000000000000, -5.055000000000001500 ) ) ;
#1018 = DIRECTION ( 'NONE',  ( -1.000000000000000000, -0.0000000000000000000, 1.387778780781446500E-015 ) ) ;
#1019 = ORIENTED_EDGE ( 'NONE', *, *, #3001, .F. ) ;
#1020 = UNCERTAINTY_MEASURE_WITH_UNIT (LENGTH_MEASURE( 1.000000000000000100E-005 ), #4319, 'distance_accuracy_value', 'NONE');
#1021 = CARTESIAN_POINT ( 'NONE',  ( -6.734999999999998500, 2.609976000000000100, 12.97500000000000000 ) ) ;
#1022 = DIRECTION ( 'NONE',  ( 1.000000000000000000, 0.0000000000000000000, 0.0000000000000000000 ) ) ;
#1023 = DIRECTION ( 'NONE',  ( -0.0000000000000000000, 1.000000000000000000, -0.0000000000000000000 ) ) ;
#1024 = VECTOR ( 'NONE', #6127, 1000.000000000000000 ) ;
#1025 = FACE_OUTER_BOUND ( 'NONE', #1798, .T. ) ;
#1026 = ORIENTED_EDGE ( 'NONE', *, *, #7607, .F. ) ;
#1027 = LINE ( 'NONE', #4868, #6144 ) ;
#1028 = DIRECTION ( 'NONE',  ( 0.0000000000000000000, 0.0000000000000000000, -1.000000000000000000 ) ) ;
#1029 = AXIS2_PLACEMENT_3D ( 'NONE', #5990, #2229, #6632 ) ;
#1030 = DIRECTION ( 'NONE',  ( 1.000000000000000000, 0.0000000000000000000, 0.0000000000000000000 ) ) ;
#1031 = EDGE_CURVE ( 'NONE', #3381, #576, #4246, .T. ) ;
#1032 = PRESENTATION_STYLE_ASSIGNMENT (( #2577 ) ) ;
#1033 = EDGE_LOOP ( 'NONE', ( #2570, #4786, #6596, #8116 ) ) ;
#1034 = CARTESIAN_POINT ( 'NONE',  ( 0.0000000000000000000, 1.000000000000000000, 0.0000000000000000000 ) ) ;
#1035 = EDGE_CURVE ( 'NONE', #7282, #7732, #4528, .T. ) ;
#1036 = CARTESIAN_POINT ( 'NONE',  ( 0.0000000000000000000, 1.350000000000000100, -11.00500000000000100 ) ) ;
#1037 = FACE_OUTER_BOUND ( 'NONE', #1551, .T. ) ;
#1038 = ORIENTED_EDGE ( 'NONE', *, *, #3079, .F. ) ;
#1039 = ORIENTED_EDGE ( 'NONE', *, *, #4771, .F. ) ;
#1040 = CARTESIAN_POINT ( 'NONE',  ( 8.255000000000105600, 0.0000000000000000000, 6.004999999999991000 ) ) ;
#1041 = CARTESIAN_POINT ( 'NONE',  ( -9.974999999999997900, 0.0000000000000000000, 13.47500000000000100 ) ) ;
#1042 = ORIENTED_EDGE ( 'NONE', *, *, #6131, .F. ) ;
#1043 = DIRECTION ( 'NONE',  ( -0.0000000000000000000, -0.0000000000000000000, 1.000000000000000000 ) ) ;
#1044 = DIRECTION ( 'NONE',  ( -4.872818752743839300E-016, -0.0000000000000000000, -1.000000000000000000 ) ) ;
#1045 = PLANE ( 'NONE',  #2636 ) ;
#1046 = VERTEX_POINT ( 'NONE', #810 ) ;
#1047 = DIRECTION ( 'NONE',  ( -1.000000000000000000, 0.0000000000000000000, 0.0000000000000000000 ) ) ;
#1048 = EDGE_LOOP ( 'NONE', ( #6700, #4691, #2507, #3778 ) ) ;
#1049 = MECHANICAL_DESIGN_GEOMETRIC_PRESENTATION_REPRESENTATION (  '', ( #197 ), #5849 ) ;
#1050 = ORIENTED_EDGE ( 'NONE', *, *, #6945, .F. ) ;
#1051 = ADVANCED_FACE ( 'NONE', ( #5712 ), #2194, .F. ) ;
#1052 = ORIENTED_EDGE ( 'NONE', *, *, #6982, .F. ) ;
#1053 = EDGE_CURVE ( 'NONE', #6221, #7990, #3850, .T. ) ;
#1054 = EDGE_CURVE ( 'NONE', #3514, #6070, #1675, .T. ) ;
#1055 = FACE_OUTER_BOUND ( 'NONE', #2259, .T. ) ;
#1056 = DIRECTION ( 'NONE',  ( -0.0000000000000000000, 1.000000000000000000, -0.0000000000000000000 ) ) ;
#1057 = ORIENTED_EDGE ( 'NONE', *, *, #4160, .T. ) ;
#1058 = ORIENTED_EDGE ( 'NONE', *, *, #3182, .T. ) ;
#1059 = ORIENTED_EDGE ( 'NONE', *, *, #4463, .T. ) ;
#1060 = DIRECTION ( 'NONE',  ( 0.0000000000000000000, 0.0000000000000000000, 1.000000000000000000 ) ) ;
#1061 =( GEOMETRIC_REPRESENTATION_CONTEXT ( 3 ) GLOBAL_UNCERTAINTY_ASSIGNED_CONTEXT ( ( #6364 ) ) GLOBAL_UNIT_ASSIGNED_CONTEXT ( ( #4277, #2996, #6152 ) ) REPRESENTATION_CONTEXT ( 'NONE', 'WORKASPACE' ) );
#1062 = AXIS2_PLACEMENT_3D ( 'NONE', #7521, #7081, #3242 ) ;
#1063 = VERTEX_POINT ( 'NONE', #5626 ) ;
#1064 = ORIENTED_EDGE ( 'NONE', *, *, #1494, .F. ) ;
#1065 = ORIENTED_EDGE ( 'NONE', *, *, #7251, .T. ) ;
#1066 = PLANE ( 'NONE',  #6725 ) ;
#1067 = CARTESIAN_POINT ( 'NONE',  ( 0.0000000000000000000, 1.350000000000000100, -11.00500000000000100 ) ) ;
#1068 = ORIENTED_EDGE ( 'NONE', *, *, #941, .T. ) ;
#1069 = CIRCLE ( 'NONE', #3527, 1.199999999999999700 ) ;
#1070 = CARTESIAN_POINT ( 'NONE',  ( -6.784999999999997500, 1.000000000000000000, -8.299644660940671800 ) ) ;
#1071 = EDGE_CURVE ( 'NONE', #915, #3890, #4629, .T. ) ;
#1072 = DIRECTION ( 'NONE',  ( 0.0000000000000000000, 0.0000000000000000000, 1.000000000000000000 ) ) ;
#1073 = ORIENTED_EDGE ( 'NONE', *, *, #6660, .T. ) ;
#1074 = VECTOR ( 'NONE', #2422, 1000.000000000000000 ) ;
#1075 = CARTESIAN_POINT ( 'NONE',  ( 7.474999999999995200, 0.0000000000000000000, -5.495000000000000100 ) ) ;
#1076 = CARTESIAN_POINT ( 'NONE',  ( 6.785000000000001000, 2.949999999999999700, 12.73964466094067300 ) ) ;
#1077 = LINE ( 'NONE', #4143, #5416 ) ;
#1078 = ORIENTED_EDGE ( 'NONE', *, *, #6846, .T. ) ;
#1079 = VECTOR ( 'NONE', #3723, 1000.000000000000000 ) ;
#1080 = CARTESIAN_POINT ( 'NONE',  ( -9.975000000000006800, 0.0000000000000000000, 8.984999999999999400 ) ) ;
#1081 = VECTOR ( 'NONE', #574, 1000.000000000000000 ) ;
#1082 = CARTESIAN_POINT ( 'NONE',  ( -7.475000000000041400, 0.0000000000000000000, -2.955000000000001000 ) ) ;
#1083 = EDGE_CURVE ( 'NONE', #6423, #6158, #97, .T. ) ;
#1084 = VERTEX_POINT ( 'NONE', #5600 ) ;
#1085 = DIRECTION ( 'NONE',  ( 0.0000000000000000000, 0.0000000000000000000, -1.000000000000000000 ) ) ;
#1086 = CARTESIAN_POINT ( 'NONE',  ( 10.77992235650396500, 1.000000000000000000, -7.145000000000007600 ) ) ;
#1087 = ORIENTED_EDGE ( 'NONE', *, *, #125, .T. ) ;
#1088 = CARTESIAN_POINT ( 'NONE',  ( -7.475000000000032500, 0.0000000000000000000, -0.4150000000000004200 ) ) ;
#1089 = CIRCLE ( 'NONE', #2801, 0.4499999999999999000 ) ;
#1090 = ADVANCED_FACE ( 'NONE', ( #7594 ), #4436, .T. ) ;
#1091 = FACE_OUTER_BOUND ( 'NONE', #1356, .T. ) ;
#1092 = SURFACE_STYLE_USAGE ( .BOTH. , #1013 ) ;
#1093 = DIRECTION ( 'NONE',  ( 1.445602896647339500E-015, 0.0000000000000000000, 1.000000000000000000 ) ) ;
#1094 = DIRECTION ( 'NONE',  ( 0.0000000000000000000, 1.000000000000000000, -0.0000000000000000000 ) ) ;
#1095 = DIRECTION ( 'NONE',  ( 0.0000000000000000000, 0.0000000000000000000, 1.000000000000000000 ) ) ;
#1096 = FACE_OUTER_BOUND ( 'NONE', #3917, .T. ) ;
#1097 = ORIENTED_EDGE ( 'NONE', *, *, #6849, .T. ) ;
#1098 = LINE ( 'NONE', #4343, #6619 ) ;
#1099 = AXIS2_PLACEMENT_3D ( 'NONE', #6955, #78, #1312 ) ;
#1100 = FACE_OUTER_BOUND ( 'NONE', #81, .T. ) ;
#1101 = EDGE_CURVE ( 'NONE', #7914, #1569, #193, .T. ) ;
#1102 = DIRECTION ( 'NONE',  ( -1.000000000000000000, 0.0000000000000000000, -0.0000000000000000000 ) ) ;
#1103 = DIRECTION ( 'NONE',  ( 0.0000000000000000000, 1.000000000000000000, 0.0000000000000000000 ) ) ;
#1104 = CARTESIAN_POINT ( 'NONE',  ( -6.984999999999997700, 2.609976000000000100, -8.299644660940671800 ) ) ;
#1105 = CARTESIAN_POINT ( 'NONE',  ( -6.734999999999996800, 2.750000000000000400, 12.72500000000000100 ) ) ;
#1106 = LINE ( 'NONE', #1082, #911 ) ;
#1107 = FACE_OUTER_BOUND ( 'NONE', #5196, .T. ) ;
#1108 = ORIENTED_EDGE ( 'NONE', *, *, #3693, .T. ) ;
#1109 = AXIS2_PLACEMENT_3D ( 'NONE', #7968, #4821, #1656 ) ;
#1110 = STYLED_ITEM ( 'NONE', ( #952 ), #5509 ) ;
#1111 = CARTESIAN_POINT ( 'NONE',  ( -10.77992235650408000, 1.000000000000000000, -4.604999999999999500 ) ) ;
#1112 = CYLINDRICAL_SURFACE ( 'NONE', #5692, 0.2500000000000002200 ) ;
#1113 = CARTESIAN_POINT ( 'NONE',  ( 0.0000000000000000000, 0.0000000000000000000, 11.52499999999999300 ) ) ;
#1114 = CIRCLE ( 'NONE', #6741, 0.4499999999999999000 ) ;
#1115 = EDGE_CURVE ( 'NONE', #2038, #1253, #2067, .T. ) ;
#1116 = EDGE_CURVE ( 'NONE', #635, #261, #1965, .T. ) ;
#1117 = VERTEX_POINT ( 'NONE', #3194 ) ;
#1118 = FILL_AREA_STYLE ('',( #1772 ) ) ;
#1119 = CARTESIAN_POINT ( 'NONE',  ( 9.975000000000001400, 1.000000000000000000, 13.47500000000000100 ) ) ;
#1120 = DIRECTION ( 'NONE',  ( 0.0000000000000000000, 1.000000000000000000, -0.0000000000000000000 ) ) ;
#1121 = CARTESIAN_POINT ( 'NONE',  ( -7.475000000000032500, 0.0000000000000000000, -0.4150000000000004200 ) ) ;
#1122 = AXIS2_PLACEMENT_3D ( 'NONE', #1036, #432, #4240 ) ;
#1123 = FACE_OUTER_BOUND ( 'NONE', #272, .T. ) ;
#1124 = DIRECTION ( 'NONE',  ( 4.872818752743839300E-016, 0.0000000000000000000, 1.000000000000000000 ) ) ;
#1125 = VERTEX_POINT ( 'NONE', #7534 ) ;
#1126 = EDGE_CURVE ( 'NONE', #8125, #4520, #6902, .T. ) ;
#1127 = UNCERTAINTY_MEASURE_WITH_UNIT (LENGTH_MEASURE( 1.000000000000000100E-005 ), #4223, 'distance_accuracy_value', 'NONE');
#1128 = DIRECTION ( 'NONE',  ( 0.0000000000000000000, 1.000000000000000000, 0.0000000000000000000 ) ) ;
#1129 = DIRECTION ( 'NONE',  ( 0.0000000000000000000, 0.0000000000000000000, -1.000000000000000000 ) ) ;
#1130 = PLANE ( 'NONE',  #2729 ) ;
#1131 = LINE ( 'NONE', #8101, #6545 ) ;
#1132 = CIRCLE ( 'NONE', #4743, 1.199999999999999700 ) ;
#1133 = CARTESIAN_POINT ( 'NONE',  ( -7.475000000000049400, 0.0000000000000000000, -3.714999999999999400 ) ) ;
#1134 = DIRECTION ( 'NONE',  ( -0.0000000000000000000, 1.000000000000000000, -0.0000000000000000000 ) ) ;
#1135 = VERTEX_POINT ( 'NONE', #5208 ) ;
#1136 = ADVANCED_FACE ( 'NONE', ( #5 ), #7996, .T. ) ;
#1137 = VECTOR ( 'NONE', #6234, 1000.000000000000000 ) ;
#1138 = ORIENTED_EDGE ( 'NONE', *, *, #6240, .T. ) ;
#1139 = PLANE ( 'NONE',  #1389 ) ;
#1140 = ORIENTED_EDGE ( 'NONE', *, *, #3266, .F. ) ;
#1141 = DIRECTION ( 'NONE',  ( 0.0000000000000000000, 1.000000000000000000, -0.0000000000000000000 ) ) ;
#1142 = CARTESIAN_POINT ( 'NONE',  ( 9.974999999999971200, 0.0000000000000000000, 3.904999999999993600 ) ) ;
#1143 = EDGE_CURVE ( 'NONE', #3514, #158, #2949, .T. ) ;
#1144 = PRESENTATION_STYLE_ASSIGNMENT (( #1614 ) ) ;
#1145 = EDGE_LOOP ( 'NONE', ( #7004, #5081, #5030, #3262 ) ) ;
#1146 = ORIENTED_EDGE ( 'NONE', *, *, #5976, .T. ) ;
#1147 = DIRECTION ( 'NONE',  ( 0.0000000000000000000, 0.0000000000000000000, -1.000000000000000000 ) ) ;
#1148 = ORIENTED_EDGE ( 'NONE', *, *, #3895, .T. ) ;
#1149 = CARTESIAN_POINT ( 'NONE',  ( -7.475000000000041400, 1.000000000000000000, -2.955000000000001000 ) ) ;
#1150 = CARTESIAN_POINT ( 'NONE',  ( 7.474999999999995200, 1.000000000000000000, 2.125000000000000000 ) ) ;
#1151 = AXIS2_PLACEMENT_3D ( 'NONE', #4282, #4929, #7446 ) ;
#1152 = FACE_OUTER_BOUND ( 'NONE', #933, .T. ) ;
#1153 = DIRECTION ( 'NONE',  ( 0.0000000000000000000, 1.000000000000000000, -0.0000000000000000000 ) ) ;
#1154 = ORIENTED_EDGE ( 'NONE', *, *, #6066, .F. ) ;
#1155 = ORIENTED_EDGE ( 'NONE', *, *, #4416, .F. ) ;
#1156 = ORIENTED_EDGE ( 'NONE', *, *, #683, .T. ) ;
#1157 = DIRECTION ( 'NONE',  ( 0.0000000000000000000, 1.000000000000000000, 0.0000000000000000000 ) ) ;
#1158 = VECTOR ( 'NONE', #6589, 1000.000000000000000 ) ;
#1159 = DIRECTION ( 'NONE',  ( -1.387778780781446500E-015, 0.0000000000000000000, -1.000000000000000000 ) ) ;
#1160 = LINE ( 'NONE', #6743, #1938 ) ;
#1161 = EDGE_LOOP ( 'NONE', ( #3054, #3827, #6473, #6680 ) ) ;
#1162 = ORIENTED_EDGE ( 'NONE', *, *, #3692, .T. ) ;
#1163 = ORIENTED_EDGE ( 'NONE', *, *, #6697, .F. ) ;
#1164 = ORIENTED_EDGE ( 'NONE', *, *, #315, .T. ) ;
#1165 = EDGE_CURVE ( 'NONE', #1785, #4316, #4053, .T. ) ;
#1166 = EDGE_CURVE ( 'NONE', #2324, #651, #290, .T. ) ;
#1167 = VECTOR ( 'NONE', #5755, 1000.000000000000000 ) ;
#1168 = CYLINDRICAL_SURFACE ( 'NONE', #7926, 0.4499999999999999000 ) ;
#1169 = ADVANCED_FACE ( 'NONE', ( #6297 ), #3634, .F. ) ;
#1170 = CARTESIAN_POINT ( 'NONE',  ( 7.474999999999995200, 0.0000000000000000000, -8.035000000000000100 ) ) ;
#1171 = DIRECTION ( 'NONE',  ( 1.000000000000000000, -0.0000000000000000000, 0.0000000000000000000 ) ) ;
#1172 = ORIENTED_EDGE ( 'NONE', *, *, #1845, .T. ) ;
#1173 = ORIENTED_EDGE ( 'NONE', *, *, #7425, .F. ) ;
#1174 = AXIS2_PLACEMENT_3D ( 'NONE', #122, #3877, #4524 ) ;
#1175 = VERTEX_POINT ( 'NONE', #6553 ) ;
#1176 = DIRECTION ( 'NONE',  ( 1.000000000000000000, 0.0000000000000000000, 0.0000000000000000000 ) ) ;
#1177 = ADVANCED_FACE ( 'NONE', ( #3950 ), #833, .F. ) ;
#1178 = ORIENTED_EDGE ( 'NONE', *, *, #784, .T. ) ;
#1179 = DIRECTION ( 'NONE',  ( 0.0000000000000000000, 0.0000000000000000000, 1.000000000000000000 ) ) ;
#1180 = VECTOR ( 'NONE', #4489, 1000.000000000000000 ) ;
#1181 = DIRECTION ( 'NONE',  ( -1.000000000000000000, 0.0000000000000000000, 0.0000000000000000000 ) ) ;
#1182 = DIRECTION ( 'NONE',  ( 1.445602896647339500E-015, 0.0000000000000000000, 1.000000000000000000 ) ) ;
#1183 = SURFACE_STYLE_USAGE ( .BOTH. , #6183 ) ;
#1184 = EDGE_LOOP ( 'NONE', ( #2766, #1849, #7853, #7221 ) ) ;
#1185 = EDGE_CURVE ( 'NONE', #7386, #2707, #4337, .T. ) ;
#1186 = FILL_AREA_STYLE_COLOUR ( '', #4914 ) ;
#1187 = CARTESIAN_POINT ( 'NONE',  ( 8.255000000000123400, 0.0000000000000000000, 10.18499999999999200 ) ) ;
#1188 = DIRECTION ( 'NONE',  ( 0.0000000000000000000, 0.0000000000000000000, -1.000000000000000000 ) ) ;
#1189 = FACE_OUTER_BOUND ( 'NONE', #3120, .T. ) ;
#1190 = FACE_OUTER_BOUND ( 'NONE', #6276, .T. ) ;
#1191 = VERTEX_POINT ( 'NONE', #1547 ) ;
#1192 = AXIS2_PLACEMENT_3D ( 'NONE', #3757, #1800, #3704 ) ;
#1193 = EDGE_CURVE ( 'NONE', #2500, #6809, #591, .T. ) ;
#1194 = DIRECTION ( 'NONE',  ( -0.0000000000000000000, -1.000000000000000000, 0.0000000000000000000 ) ) ;
#1195 = EDGE_LOOP ( 'NONE', ( #152, #782, #5584, #2204 ) ) ;
#1196 = LINE ( 'NONE', #600, #6821 ) ;
#1197 = CARTESIAN_POINT ( 'NONE',  ( -6.984999999999997700, 2.949999999999999700, -8.299644660940671800 ) ) ;
#1198 = EDGE_CURVE ( 'NONE', #2913, #7513, #7491, .T. ) ;
#1199 = CARTESIAN_POINT ( 'NONE',  ( 0.0000000000000000000, 2.949999999999999700, 12.72500000000000000 ) ) ;
#1200 = LINE ( 'NONE', #638, #1982 ) ;
#1201 = VECTOR ( 'NONE', #6713, 1000.000000000000000 ) ;
#1202 = DIRECTION ( 'NONE',  ( 4.872818752743839300E-016, 0.0000000000000000000, 1.000000000000000000 ) ) ;
#1203 = VERTEX_POINT ( 'NONE', #2750 ) ;
#1204 = FACE_OUTER_BOUND ( 'NONE', #8065, .T. ) ;
#1205 = DIRECTION ( 'NONE',  ( 1.109906930436757700E-016, 0.4226182617406936100, -0.9063077870366526000 ) ) ;
#1206 = DIRECTION ( 'NONE',  ( 0.0000000000000000000, 0.0000000000000000000, 1.000000000000000000 ) ) ;
#1207 = EDGE_LOOP ( 'NONE', ( #3100, #7951, #7355, #7137 ) ) ;
#1208 = FACE_OUTER_BOUND ( 'NONE', #3461, .T. ) ;
#1209 = CARTESIAN_POINT ( 'NONE',  ( 7.474999999999995200, 0.0000000000000000000, -2.955000000000001000 ) ) ;
#1210 = AXIS2_PLACEMENT_3D ( 'NONE', #3492, #4838, #1095 ) ;
#1211 = ADVANCED_FACE ( 'NONE', ( #3336 ), #5843, .F. ) ;
#1212 = LINE ( 'NONE', #5483, #4073 ) ;
#1213 = EDGE_CURVE ( 'NONE', #6628, #5326, #2652, .T. ) ;
#1214 = CARTESIAN_POINT ( 'NONE',  ( -9.975000000000006800, 0.0000000000000000000, 7.204999999999999200 ) ) ;
#1215 = ORIENTED_EDGE ( 'NONE', *, *, #4833, .F. ) ;
#1216 = PLANE ( 'NONE',  #2593 ) ;
#1217 = ADVANCED_FACE ( 'NONE', ( #2270 ), #189, .F. ) ;
#1218 = VERTEX_POINT ( 'NONE', #2188 ) ;
#1219 = ADVANCED_FACE ( 'NONE', ( #2063 ), #3327, .F. ) ;
#1220 = STYLED_ITEM ( 'NONE', ( #3228 ), #1977 ) ;
#1221 = AXIS2_PLACEMENT_3D ( 'NONE', #6751, #7467, #532 ) ;
#1222 = CARTESIAN_POINT ( 'NONE',  ( -9.974999999999997900, 0.0000000000000000000, 13.47500000000000100 ) ) ;
#1223 = CARTESIAN_POINT ( 'NONE',  ( -6.984999999999997700, 2.949999999999999700, 12.72500000000000100 ) ) ;
#1224 = FACE_BOUND ( 'NONE', #7689, .T. ) ;
#1225 = PLANE ( 'NONE',  #2544 ) ;
#1226 = FACE_OUTER_BOUND ( 'NONE', #4239, .T. ) ;
#1227 = EDGE_LOOP ( 'NONE', ( #465, #7327, #6323, #4840 ) ) ;
#1228 = CARTESIAN_POINT ( 'NONE',  ( -10.77992235650407200, 0.0000000000000000000, -2.065000000000000800 ) ) ;
#1229 = PLANE ( 'NONE',  #5181 ) ;
#1230 = VECTOR ( 'NONE', #4353, 1000.000000000000000 ) ;
#1231 = EDGE_CURVE ( 'NONE', #3952, #1561, #1668, .T. ) ;
#1232 = VECTOR ( 'NONE', #4583, 1000.000000000000000 ) ;
#1233 = CARTESIAN_POINT ( 'NONE',  ( 7.474999999999995200, 1.000000000000000000, -8.035000000000000100 ) ) ;
#1234 = ORIENTED_EDGE ( 'NONE', *, *, #7268, .T. ) ;
#1235 = SURFACE_SIDE_STYLE ('',( #2455 ) ) ;
#1236 = CIRCLE ( 'NONE', #374, 0.4499999999998463600 ) ;
#1237 = CARTESIAN_POINT ( 'NONE',  ( 7.474999999999998800, 0.0000000000000000000, 9.745000000000001000 ) ) ;
#1238 = ORIENTED_EDGE ( 'NONE', *, *, #3184, .T. ) ;
#1239 = DIRECTION ( 'NONE',  ( 0.0000000000000000000, 0.0000000000000000000, -1.000000000000000000 ) ) ;
#1240 = VERTEX_POINT ( 'NONE', #5207 ) ;
#1241 = VERTEX_POINT ( 'NONE', #240 ) ;
#1242 = LINE ( 'NONE', #1986, #6068 ) ;
#1243 = PLANE ( 'NONE',  #2428 ) ;
#1244 = EDGE_LOOP ( 'NONE', ( #364, #5588, #2800, #1476 ) ) ;
#1245 = ORIENTED_EDGE ( 'NONE', *, *, #1759, .F. ) ;
#1246 = ADVANCED_FACE ( 'NONE', ( #5706 ), #2155, .F. ) ;
#1247 = DIRECTION ( 'NONE',  ( 1.000000000000000000, 0.0000000000000000000, 0.0000000000000000000 ) ) ;
#1248 = EDGE_LOOP ( 'NONE', ( #3834, #4400, #1660, #6585 ) ) ;
#1249 = CARTESIAN_POINT ( 'NONE',  ( 10.77992235650399200, 1.000000000000000000, 0.4749999999999927600 ) ) ;
#1250 = LINE ( 'NONE', #6125, #5293 ) ;
#1251 = ADVANCED_FACE ( 'NONE', ( #1956 ), #4772, .F. ) ;
#1252 = DIRECTION ( 'NONE',  ( 0.0000000000000000000, 0.0000000000000000000, 1.000000000000000000 ) ) ;
#1253 = VERTEX_POINT ( 'NONE', #5895 ) ;
#1254 = VERTEX_POINT ( 'NONE', #4660 ) ;
#1255 = CARTESIAN_POINT ( 'NONE',  ( -6.734999999999998500, 2.949999999999999700, 12.97500000000000000 ) ) ;
#1256 = ADVANCED_FACE ( 'NONE', ( #7701 ), #4193, .F. ) ;
#1257 = AXIS2_PLACEMENT_3D ( 'NONE', #3378, #4544, #2691 ) ;
#1258 = CARTESIAN_POINT ( 'NONE',  ( 0.0000000000000000000, 1.350000000000000100, -11.00500000000000100 ) ) ;
#1259 = CYLINDRICAL_SURFACE ( 'NONE', #3434, 0.4499999999999999000 ) ;
#1260 = FACE_OUTER_BOUND ( 'NONE', #1284, .T. ) ;
#1261 = ORIENTED_EDGE ( 'NONE', *, *, #3843, .T. ) ;
#1262 = VERTEX_POINT ( 'NONE', #4738 ) ;
#1263 = PLANE ( 'NONE',  #2674 ) ;
#1264 = AXIS2_PLACEMENT_3D ( 'NONE', #1913, #2478, #3097 ) ;
#1265 = ORIENTED_EDGE ( 'NONE', *, *, #3742, .F. ) ;
#1266 = AXIS2_PLACEMENT_3D ( 'NONE', #1067, #3041, #4917 ) ;
#1267 = EDGE_CURVE ( 'NONE', #6454, #1952, #7787, .T. ) ;
#1268 = EDGE_CURVE ( 'NONE', #19, #261, #390, .T. ) ;
#1269 = DIRECTION ( 'NONE',  ( 1.000000000000000000, 0.0000000000000000000, 0.0000000000000000000 ) ) ;
#1270 = FACE_OUTER_BOUND ( 'NONE', #282, .T. ) ;
#1271 = DIRECTION ( 'NONE',  ( 0.0000000000000000000, 1.000000000000000000, -0.0000000000000000000 ) ) ;
#1272 = FACE_OUTER_BOUND ( 'NONE', #1304, .T. ) ;
#1273 = CARTESIAN_POINT ( 'NONE',  ( -7.475000000000032500, 0.0000000000000000000, -0.4150000000000004200 ) ) ;
#1274 = ORIENTED_EDGE ( 'NONE', *, *, #1536, .T. ) ;
#1275 = CARTESIAN_POINT ( 'NONE',  ( 10.77992235650397200, 0.0000000000000000000, -4.605000000000006600 ) ) ;
#1276 = AXIS2_PLACEMENT_3D ( 'NONE', #799, #3239, #7722 ) ;
#1277 = EDGE_CURVE ( 'NONE', #456, #2642, #1862, .T. ) ;
#1278 = CARTESIAN_POINT ( 'NONE',  ( -9.975000000000015600, 0.0000000000000000000, 4.665000000000000000 ) ) ;
#1279 = CARTESIAN_POINT ( 'NONE',  ( 0.0000000000000000000, 0.0000000000000000000, 4.664999999999992900 ) ) ;
#1280 = CYLINDRICAL_SURFACE ( 'NONE', #6286, 1.199999999999999700 ) ;
#1281 = LINE ( 'NONE', #1964, #1584 ) ;
#1282 = DIRECTION ( 'NONE',  ( -1.000000000000000000, 0.0000000000000000000, -0.0000000000000000000 ) ) ;
#1283 = CLOSED_SHELL ( 'NONE', ( #5305, #1998, #180, #10, #6381, #2575, #2823, #6914 ) ) ;
#1284 = EDGE_LOOP ( 'NONE', ( #1629, #4730, #5660, #585 ) ) ;
#1285 = DIRECTION ( 'NONE',  ( 0.0000000000000000000, 0.0000000000000000000, 1.000000000000000000 ) ) ;
#1286 = LINE ( 'NONE', #3419, #7803 ) ;
#1287 = DIRECTION ( 'NONE',  ( -0.0000000000000000000, 1.000000000000000000, -0.0000000000000000000 ) ) ;
#1288 = FACE_BOUND ( 'NONE', #3428, .T. ) ;
#1289 = DIRECTION ( 'NONE',  ( 1.000000000000000000, 0.0000000000000000000, -0.0000000000000000000 ) ) ;
#1290 = LINE ( 'NONE', #2663, #1694 ) ;
#1291 = VECTOR ( 'NONE', #6772, 1000.000000000000000 ) ;
#1292 = CARTESIAN_POINT ( 'NONE',  ( 7.474999999999998800, 0.0000000000000000000, 8.984999999999999400 ) ) ;
#1293 = AXIS2_PLACEMENT_3D ( 'NONE', #3675, #4913, #3011 ) ;
#1294 = VECTOR ( 'NONE', #2305, 1000.000000000000000 ) ;
#1295 = ADVANCED_FACE ( 'NONE', ( #186, #3135 ), #991, .F. ) ;
#1296 = EDGE_CURVE ( 'NONE', #3338, #474, #3535, .T. ) ;
#1297 = DIRECTION ( 'NONE',  ( 0.0000000000000000000, 0.0000000000000000000, 1.000000000000000000 ) ) ;
#1298 = LINE ( 'NONE', #2737, #5635 ) ;
#1299 = DIRECTION ( 'NONE',  ( -0.0000000000000000000, 0.0000000000000000000, 1.000000000000000000 ) ) ;
#1300 = EDGE_CURVE ( 'NONE', #4520, #1569, #4237, .T. ) ;
#1301 = FACE_OUTER_BOUND ( 'NONE', #522, .T. ) ;
#1302 = CARTESIAN_POINT ( 'NONE',  ( 1.905000000000000000, 1.000000000000000000, -12.59500000000000200 ) ) ;
#1303 = ORIENTED_EDGE ( 'NONE', *, *, #101, .T. ) ;
#1304 = EDGE_LOOP ( 'NONE', ( #3858, #6175, #6896, #518 ) ) ;
#1305 = DIRECTION ( 'NONE',  ( 0.0000000000000000000, 1.000000000000000000, -0.0000000000000000000 ) ) ;
#1306 = CARTESIAN_POINT ( 'NONE',  ( -9.975000000000015600, 0.0000000000000000000, 6.445000000000000300 ) ) ;
#1307 = DIRECTION ( 'NONE',  ( 1.445602896647339500E-015, 0.0000000000000000000, 1.000000000000000000 ) ) ;
#1308 = LINE ( 'NONE', #2480, #3667 ) ;
#1309 = FACE_OUTER_BOUND ( 'NONE', #7945, .T. ) ;
#1310 = ORIENTED_EDGE ( 'NONE', *, *, #1736, .T. ) ;
#1311 = CARTESIAN_POINT ( 'NONE',  ( -8.255000000000176600, 0.0000000000000000000, -4.155000000000001100 ) ) ;
#1312 = DIRECTION ( 'NONE',  ( 0.0000000000000000000, 0.0000000000000000000, 1.000000000000000000 ) ) ;
#1313 = DIRECTION ( 'NONE',  ( 0.0000000000000000000, 1.000000000000000000, -0.0000000000000000000 ) ) ;
#1314 = LINE ( 'NONE', #3888, #6339 ) ;
#1315 = EDGE_CURVE ( 'NONE', #4804, #6218, #6895, .T. ) ;
#1316 = EDGE_CURVE ( 'NONE', #3573, #3344, #1474, .T. ) ;
#1317 = CARTESIAN_POINT ( 'NONE',  ( 7.474999999999979200, 0.0000000000000000000, 6.444999999999993200 ) ) ;
#1318 = CARTESIAN_POINT ( 'NONE',  ( 6.749644660940673700, 2.949999999999999700, -8.535000000000000100 ) ) ;
#1319 = LINE ( 'NONE', #2265, #6748 ) ;
#1320 = AXIS2_PLACEMENT_3D ( 'NONE', #5124, #4547, #7674 ) ;
#1321 = VECTOR ( 'NONE', #1725, 1000.000000000000000 ) ;
#1322 = CARTESIAN_POINT ( 'NONE',  ( 6.735000000000002100, 2.750000000000000000, 0.0000000000000000000 ) ) ;
#1323 = ORIENTED_EDGE ( 'NONE', *, *, #1633, .T. ) ;
#1324 = CARTESIAN_POINT ( 'NONE',  ( 0.0000000000000000000, 1.000000000000000000, 2.125000000000000000 ) ) ;
#1325 = PLANE ( 'NONE',  #3318 ) ;
#1326 = CIRCLE ( 'NONE', #2331, 1.199999999999999700 ) ;
#1327 = ORIENTED_EDGE ( 'NONE', *, *, #2718, .F. ) ;
#1328 = DIRECTION ( 'NONE',  ( 1.000000000000000000, 0.0000000000000000000, 0.0000000000000000000 ) ) ;
#1329 = DIRECTION ( 'NONE',  ( -0.0000000000000000000, 1.000000000000000000, -0.0000000000000000000 ) ) ;
#1330 = ORIENTED_EDGE ( 'NONE', *, *, #5206, .T. ) ;
#1331 = PLANE ( 'NONE',  #5340 ) ;
#1332 = CARTESIAN_POINT ( 'NONE',  ( -9.974999999999997900, 1.000000000000000000, 13.47500000000000100 ) ) ;
#1333 = EDGE_CURVE ( 'NONE', #57, #3312, #8184, .T. ) ;
#1334 = ADVANCED_FACE ( 'NONE', ( #6497 ), #1581, .F. ) ;
#1335 = PLANE ( 'NONE',  #1014 ) ;
#1336 = DIRECTION ( 'NONE',  ( 0.0000000000000000000, 1.000000000000000000, 0.0000000000000000000 ) ) ;
#1337 = ORIENTED_EDGE ( 'NONE', *, *, #1003, .F. ) ;
#1338 = EDGE_LOOP ( 'NONE', ( #3633, #362, #3205, #4206 ) ) ;
#1339 = ORIENTED_EDGE ( 'NONE', *, *, #5224, .F. ) ;
#1340 = EDGE_LOOP ( 'NONE', ( #5025, #1042 ) ) ;
#1341 = DIRECTION ( 'NONE',  ( -1.000000000000000000, -0.0000000000000000000, -0.0000000000000000000 ) ) ;
#1342 = ADVANCED_FACE ( 'NONE', ( #5506 ), #4825, .F. ) ;
#1343 = DIRECTION ( 'NONE',  ( 0.0000000000000000000, 0.0000000000000000000, -1.000000000000000000 ) ) ;
#1344 = EDGE_CURVE ( 'NONE', #6788, #250, #7989, .T. ) ;
#1345 = LINE ( 'NONE', #6287, #7858 ) ;
#1346 = DIRECTION ( 'NONE',  ( 0.0000000000000000000, 1.000000000000000000, 0.0000000000000000000 ) ) ;
#1347 = ORIENTED_EDGE ( 'NONE', *, *, #3000, .T. ) ;
#1348 = ORIENTED_EDGE ( 'NONE', *, *, #3333, .F. ) ;
#1349 = DIRECTION ( 'NONE',  ( 1.000000000000000000, -0.0000000000000000000, 0.0000000000000000000 ) ) ;
#1350 = DIRECTION ( 'NONE',  ( -0.0000000000000000000, -1.000000000000000000, 0.0000000000000000000 ) ) ;
#1351 = LINE ( 'NONE', #4627, #4996 ) ;
#1352 = PLANE ( 'NONE',  #2001 ) ;
#1353 = CIRCLE ( 'NONE', #4642, 0.04999999999999969700 ) ;
#1354 = FILL_AREA_STYLE_COLOUR ( '', #6357 ) ;
#1355 = CARTESIAN_POINT ( 'NONE',  ( -7.475000000000060000, 1.000000000000000000, -8.035000000000000100 ) ) ;
#1356 = EDGE_LOOP ( 'NONE', ( #5399, #4294, #4134, #2965 ) ) ;
#1357 = CARTESIAN_POINT ( 'NONE',  ( -7.475000000000023600, 1.000000000000000000, 3.905000000000000700 ) ) ;
#1358 = VERTEX_POINT ( 'NONE', #6001 ) ;
#1359 = VERTEX_POINT ( 'NONE', #6648 ) ;
#1360 = ORIENTED_EDGE ( 'NONE', *, *, #6413, .T. ) ;
#1361 = CARTESIAN_POINT ( 'NONE',  ( 9.975000000000001400, 0.0000000000000000000, -3.714999999999999400 ) ) ;
#1362 = VECTOR ( 'NONE', #1346, 1000.000000000000000 ) ;
#1363 = CARTESIAN_POINT ( 'NONE',  ( 9.975000000000001400, 1.000000000000000000, -13.47499999999999800 ) ) ;
#1364 = VERTEX_POINT ( 'NONE', #4091 ) ;
#1365 = ORIENTED_EDGE ( 'NONE', *, *, #1736, .F. ) ;
#1366 = ORIENTED_EDGE ( 'NONE', *, *, #6150, .T. ) ;
#1367 = EDGE_CURVE ( 'NONE', #1771, #4010, #1077, .T. ) ;
#1368 = DIRECTION ( 'NONE',  ( -4.872818752743839300E-016, 0.0000000000000000000, 1.000000000000000000 ) ) ;
#1369 = CARTESIAN_POINT ( 'NONE',  ( 8.255000000000114500, 0.0000000000000000000, 8.094999999999991800 ) ) ;
#1370 = ORIENTED_EDGE ( 'NONE', *, *, #765, .F. ) ;
#1371 = CYLINDRICAL_SURFACE ( 'NONE', #6602, 0.4500000000000001800 ) ;
#1372 = ORIENTED_EDGE ( 'NONE', *, *, #2785, .T. ) ;
#1373 = PLANE ( 'NONE',  #2946 ) ;
#1374 = DIRECTION ( 'NONE',  ( -0.0000000000000000000, 1.000000000000000000, -0.0000000000000000000 ) ) ;
#1375 = MANIFOLD_SOLID_BREP ( 'Boss-Extrude3[10]', #2517 ) ;
#1376 = STYLED_ITEM ( 'NONE', ( #686 ), #1375 ) ;
#1377 = DIRECTION ( 'NONE',  ( 1.000000000000000000, 0.0000000000000000000, 0.0000000000000000000 ) ) ;
#1378 = FACE_OUTER_BOUND ( 'NONE', #2357, .T. ) ;
#1379 = DIRECTION ( 'NONE',  ( -4.872818752743839300E-016, 0.0000000000000000000, -1.000000000000000000 ) ) ;
#1380 = CIRCLE ( 'NONE', #7758, 1.199999999999999700 ) ;
#1381 = ORIENTED_EDGE ( 'NONE', *, *, #745, .T. ) ;
#1382 = ADVANCED_FACE ( 'NONE', ( #1272 ), #8109, .F. ) ;
#1383 = VECTOR ( 'NONE', #4046, 1000.000000000000000 ) ;
#1384 = CARTESIAN_POINT ( 'NONE',  ( -10.77992235650402700, 0.0000000000000000000, 10.63500000000000000 ) ) ;
#1385 = CARTESIAN_POINT ( 'NONE',  ( 0.0000000000000000000, 0.0000000000000000000, 0.0000000000000000000 ) ) ;
#1386 = CARTESIAN_POINT ( 'NONE',  ( 8.255000000000070100, 0.0000000000000000000, -4.605000000000008400 ) ) ;
#1387 = VECTOR ( 'NONE', #3397, 1000.000000000000000 ) ;
#1388 = ADVANCED_FACE ( 'NONE', ( #6006 ), #2451, .F. ) ;
#1389 = AXIS2_PLACEMENT_3D ( 'NONE', #4201, #8030, #507 ) ;
#1390 = EDGE_LOOP ( 'NONE', ( #5987, #3818, #460, #1940 ) ) ;
#1391 = EDGE_CURVE ( 'NONE', #4075, #6979, #5902, .T. ) ;
#1392 = EDGE_LOOP ( 'NONE', ( #5884, #8075, #5000, #6359 ) ) ;
#1393 = FACE_OUTER_BOUND ( 'NONE', #3146, .T. ) ;
#1394 = DIRECTION ( 'NONE',  ( 0.0000000000000000000, 0.0000000000000000000, 1.000000000000000000 ) ) ;
#1395 = ORIENTED_EDGE ( 'NONE', *, *, #101, .F. ) ;
#1396 = VECTOR ( 'NONE', #3621, 1000.000000000000000 ) ;
#1397 = CARTESIAN_POINT ( 'NONE',  ( 7.474999999999930400, 1.000000000000000000, 3.642432017675985700E-015 ) ) ;
#1398 = CARTESIAN_POINT ( 'NONE',  ( 6.785000000000001000, 2.609976000000000100, 12.73964466094067300 ) ) ;
#1399 = PRESENTATION_STYLE_ASSIGNMENT (( #4933 ) ) ;
#1400 = DIRECTION ( 'NONE',  ( -0.0000000000000000000, -0.0000000000000000000, -1.000000000000000000 ) ) ;
#1401 = VERTEX_POINT ( 'NONE', #466 ) ;
#1402 = VECTOR ( 'NONE', #4817, 1000.000000000000000 ) ;
#1403 = DIRECTION ( 'NONE',  ( 0.0000000000000000000, 0.0000000000000000000, 1.000000000000000000 ) ) ;
#1404 = ORIENTED_EDGE ( 'NONE', *, *, #549, .T. ) ;
#1405 = VECTOR ( 'NONE', #453, 1000.000000000000000 ) ;
#1406 = DIRECTION ( 'NONE',  ( 0.0000000000000000000, 1.000000000000000000, 0.0000000000000000000 ) ) ;
#1407 = CARTESIAN_POINT ( 'NONE',  ( -7.475000000000060000, 0.0000000000000000000, -8.035000000000000100 ) ) ;
#1408 = DIRECTION ( 'NONE',  ( -0.0000000000000000000, -0.0000000000000000000, 1.000000000000000000 ) ) ;
#1409 = LINE ( 'NONE', #8120, #6318 ) ;
#1410 = LINE ( 'NONE', #1279, #6330 ) ;
#1411 = ORIENTED_EDGE ( 'NONE', *, *, #4673, .F. ) ;
#1412 = EDGE_CURVE ( 'NONE', #659, #5941, #2748, .T. ) ;
#1413 = SURFACE_SIDE_STYLE ('',( #1538 ) ) ;
#1414 = CARTESIAN_POINT ( 'NONE',  ( 8.255000000000070100, 0.0000000000000000000, -4.605000000000008400 ) ) ;
#1415 = LINE ( 'NONE', #5415, #3479 ) ;
#1416 = ORIENTED_EDGE ( 'NONE', *, *, #2584, .T. ) ;
#1417 = AXIS2_PLACEMENT_3D ( 'NONE', #3373, #232, #5277 ) ;
#1418 = CARTESIAN_POINT ( 'NONE',  ( 0.0000000000000000000, 1.000000000000000000, -1.175000000000000700 ) ) ;
#1419 = VECTOR ( 'NONE', #2002, 1000.000000000000000 ) ;
#1420 = DIRECTION ( 'NONE',  ( -0.0000000000000000000, 0.0000000000000000000, 1.000000000000000000 ) ) ;
#1421 = ORIENTED_EDGE ( 'NONE', *, *, #4416, .T. ) ;
#1422 = ADVANCED_FACE ( 'NONE', ( #2166 ), #8024, .F. ) ;
#1423 = EDGE_CURVE ( 'NONE', #7149, #3573, #983, .T. ) ;
#1424 = DIRECTION ( 'NONE',  ( 0.0000000000000000000, 0.0000000000000000000, -1.000000000000000000 ) ) ;
#1425 = EDGE_CURVE ( 'NONE', #253, #5424, #2553, .T. ) ;
#1426 = FACE_OUTER_BOUND ( 'NONE', #6972, .T. ) ;
#1427 = CARTESIAN_POINT ( 'NONE',  ( 9.975000000000001400, 1.000000000000000000, 13.47500000000000100 ) ) ;
#1428 = CARTESIAN_POINT ( 'NONE',  ( -8.255000000000158900, 0.0000000000000000000, 0.4749999999999979800 ) ) ;
#1429 = ORIENTED_EDGE ( 'NONE', *, *, #6404, .T. ) ;
#1430 = DIRECTION ( 'NONE',  ( 1.445602896647339500E-015, 0.0000000000000000000, 1.000000000000000000 ) ) ;
#1431 = AXIS2_PLACEMENT_3D ( 'NONE', #2678, #7014, #7094 ) ;
#1432 = LINE ( 'NONE', #5844, #7145 ) ;
#1433 = DIRECTION ( 'NONE',  ( -1.000000000000000000, -0.0000000000000000000, 1.387778780781446500E-015 ) ) ;
#1434 = VERTEX_POINT ( 'NONE', #5553 ) ;
#1435 = ORIENTED_EDGE ( 'NONE', *, *, #1618, .F. ) ;
#1436 = DIRECTION ( 'NONE',  ( 1.000000000000000000, 0.0000000000000000000, -0.0000000000000000000 ) ) ;
#1437 = DIRECTION ( 'NONE',  ( 0.0000000000000000000, 1.000000000000000000, 0.0000000000000000000 ) ) ;
#1438 = EDGE_LOOP ( 'NONE', ( #7551, #3365 ) ) ;
#1439 = PRESENTATION_STYLE_ASSIGNMENT (( #788 ) ) ;
#1440 = CARTESIAN_POINT ( 'NONE',  ( -7.475000000000060000, 0.0000000000000000000, -8.035000000000000100 ) ) ;
#1441 = ORIENTED_EDGE ( 'NONE', *, *, #4430, .T. ) ;
#1442 = EDGE_LOOP ( 'NONE', ( #4882, #6869, #2397, #5490 ) ) ;
#1443 = ORIENTED_EDGE ( 'NONE', *, *, #7075, .T. ) ;
#1444 = ORIENTED_EDGE ( 'NONE', *, *, #5306, .T. ) ;
#1445 = DIRECTION ( 'NONE',  ( -0.0000000000000000000, 1.000000000000000000, -0.0000000000000000000 ) ) ;
#1446 = CARTESIAN_POINT ( 'NONE',  ( -9.974999999999997900, 0.0000000000000000000, 13.47500000000000100 ) ) ;
#1447 = DIRECTION ( 'NONE',  ( -1.000000000000000000, 0.0000000000000000000, -4.872818752743839300E-016 ) ) ;
#1448 = VECTOR ( 'NONE', #7308, 1000.000000000000000 ) ;
#1449 = ORIENTED_EDGE ( 'NONE', *, *, #4015, .T. ) ;
#1450 = DIRECTION ( 'NONE',  ( 0.0000000000000000000, 1.000000000000000000, 0.0000000000000000000 ) ) ;
#1451 = ORIENTED_EDGE ( 'NONE', *, *, #4936, .F. ) ;
#1452 = ORIENTED_EDGE ( 'NONE', *, *, #5151, .T. ) ;
#1453 = STYLED_ITEM ( 'NONE', ( #824 ), #7746 ) ;
#1454 = EDGE_CURVE ( 'NONE', #6566, #6979, #2740, .T. ) ;
#1455 = VECTOR ( 'NONE', #3497, 1000.000000000000000 ) ;
#1456 = VECTOR ( 'NONE', #4433, 1000.000000000000000 ) ;
#1457 = CARTESIAN_POINT ( 'NONE',  ( -9.974999999999997900, 1.000000000000000000, 13.47500000000000100 ) ) ;
#1458 = ORIENTED_EDGE ( 'NONE', *, *, #459, .F. ) ;
#1459 = VERTEX_POINT ( 'NONE', #530 ) ;
#1460 = EDGE_CURVE ( 'NONE', #3119, #6979, #3740, .T. ) ;
#1461 = VERTEX_POINT ( 'NONE', #6185 ) ;
#1462 = ORIENTED_EDGE ( 'NONE', *, *, #5005, .T. ) ;
#1463 = ORIENTED_EDGE ( 'NONE', *, *, #435, .T. ) ;
#1464 = CARTESIAN_POINT ( 'NONE',  ( 6.735000000000000300, 2.700000000000000200, 0.0000000000000000000 ) ) ;
#1465 = PRESENTATION_STYLE_ASSIGNMENT (( #5724 ) ) ;
#1466 = CARTESIAN_POINT ( 'NONE',  ( 0.0000000000000000000, 0.0000000000000000000, -6.255000000000007000 ) ) ;
#1467 = PLANE ( 'NONE',  #3579 ) ;
#1468 = DIRECTION ( 'NONE',  ( -1.000000000000000000, -0.0000000000000000000, -0.0000000000000000000 ) ) ;
#1469 = ADVANCED_FACE ( 'NONE', ( #7304 ), #500, .F. ) ;
#1470 = PLANE ( 'NONE',  #7049 ) ;
#1471 = ORIENTED_EDGE ( 'NONE', *, *, #2899, .F. ) ;
#1472 = VECTOR ( 'NONE', #6358, 1000.000000000000000 ) ;
#1473 =( GEOMETRIC_REPRESENTATION_CONTEXT ( 3 ) GLOBAL_UNCERTAINTY_ASSIGNED_CONTEXT ( ( #1127 ) ) GLOBAL_UNIT_ASSIGNED_CONTEXT ( ( #4223, #2319, #3568 ) ) REPRESENTATION_CONTEXT ( 'NONE', 'WORKASPACE' ) );
#1474 = LINE ( 'NONE', #7281, #6987 ) ;
#1475 = CARTESIAN_POINT ( 'NONE',  ( 8.255000000000105600, 1.000000000000000000, 6.004999999999991000 ) ) ;
#1476 = ORIENTED_EDGE ( 'NONE', *, *, #7636, .F. ) ;
#1477 = EDGE_CURVE ( 'NONE', #8028, #6679, #5810, .T. ) ;
#1478 = EDGE_CURVE ( 'NONE', #319, #5981, #1069, .T. ) ;
#1479 = CARTESIAN_POINT ( 'NONE',  ( -6.984999999999997700, 2.609976000000000100, 12.97500000000000000 ) ) ;
#1480 = MANIFOLD_SOLID_BREP ( 'Boss-Extrude3[3]', #7454 ) ;
#1481 = VECTOR ( 'NONE', #6063, 1000.000000000000000 ) ;
#1482 = VECTOR ( 'NONE', #6797, 1000.000000000000000 ) ;
#1483 = ORIENTED_EDGE ( 'NONE', *, *, #899, .T. ) ;
#1484 = DIRECTION ( 'NONE',  ( 0.0000000000000000000, 0.0000000000000000000, -1.000000000000000000 ) ) ;
#1485 = AXIS2_PLACEMENT_3D ( 'NONE', #3076, #1808, #6133 ) ;
#1486 = LINE ( 'NONE', #5130, #5517 ) ;
#1487 = CARTESIAN_POINT ( 'NONE',  ( 9.974999999999997900, 0.0000000000000000000, 7.204999999999996500 ) ) ;
#1488 = FACE_OUTER_BOUND ( 'NONE', #6182, .T. ) ;
#1489 = DIRECTION ( 'NONE',  ( -1.000000000000000000, 0.0000000000000000000, -0.0000000000000000000 ) ) ;
#1490 = CARTESIAN_POINT ( 'NONE',  ( 0.0000000000000000000, 2.700000000000000200, -8.285000000000000100 ) ) ;
#1491 = SURFACE_SIDE_STYLE ('',( #4335 ) ) ;
#1492 = VERTEX_POINT ( 'NONE', #1133 ) ;
#1493 = LINE ( 'NONE', #3946, #6214 ) ;
#1494 = EDGE_CURVE ( 'NONE', #5686, #7854, #4422, .T. ) ;
#1495 = LINE ( 'NONE', #2329, #1405 ) ;
#1496 = DIRECTION ( 'NONE',  ( -0.0000000000000000000, -0.0000000000000000000, 1.000000000000000000 ) ) ;
#1497 = VECTOR ( 'NONE', #981, 1000.000000000000000 ) ;
#1498 = SURFACE_STYLE_FILL_AREA ( #4746 ) ;
#1499 = VERTEX_POINT ( 'NONE', #3179 ) ;
#1500 = DIRECTION ( 'NONE',  ( -0.0000000000000000000, -1.000000000000000000, 0.0000000000000000000 ) ) ;
#1501 = CIRCLE ( 'NONE', #8093, 1.199999999999999700 ) ;
#1502 = CARTESIAN_POINT ( 'NONE',  ( -6.984999999999997700, 1.000000000000000000, -8.335000000000000900 ) ) ;
#1503 = CARTESIAN_POINT ( 'NONE',  ( 6.785000000000001000, 1.000000000000000000, 12.97500000000000000 ) ) ;
#1504 = ORIENTED_EDGE ( 'NONE', *, *, #6960, .T. ) ;
#1505 = ORIENTED_EDGE ( 'NONE', *, *, #344, .F. ) ;
#1506 = CARTESIAN_POINT ( 'NONE',  ( -7.475000000000023600, 0.0000000000000000000, 3.905000000000000700 ) ) ;
#1507 = CARTESIAN_POINT ( 'NONE',  ( -9.974999999999997900, 0.0000000000000000000, 11.52500000000000000 ) ) ;
#1508 = LINE ( 'NONE', #4663, #5443 ) ;
#1509 = ADVANCED_FACE ( 'NONE', ( #1857 ), #1371, .F. ) ;
#1510 = EDGE_LOOP ( 'NONE', ( #5209, #4976, #2408, #324 ) ) ;
#1511 = PLANE ( 'NONE',  #6028 ) ;
#1512 = CARTESIAN_POINT ( 'NONE',  ( 0.0000000000000000000, 1.000000000000000000, 4.665000000000000000 ) ) ;
#1513 = DIRECTION ( 'NONE',  ( 0.0000000000000000000, 0.0000000000000000000, 1.000000000000000000 ) ) ;
#1514 = DIRECTION ( 'NONE',  ( 0.0000000000000000000, -1.000000000000000000, 0.0000000000000000000 ) ) ;
#1515 = AXIS2_PLACEMENT_3D ( 'NONE', #2727, #310, #5932 ) ;
#1516 = CIRCLE ( 'NONE', #3720, 0.04999999999999969700 ) ;
#1517 = ORIENTED_EDGE ( 'NONE', *, *, #4451, .T. ) ;
#1518 = CARTESIAN_POINT ( 'NONE',  ( -9.975000000000006800, 0.0000000000000000000, 7.204999999999999200 ) ) ;
#1519 = CARTESIAN_POINT ( 'NONE',  ( -9.975000000000031600, 1.000000000000000000, 1.365000000000000000 ) ) ;
#1520 = DIRECTION ( 'NONE',  ( -0.0000000000000000000, 1.000000000000000000, -0.0000000000000000000 ) ) ;
#1521 = DIRECTION ( 'NONE',  ( 0.0000000000000000000, 1.000000000000000000, -0.0000000000000000000 ) ) ;
#1522 = VECTOR ( 'NONE', #2938, 1000.000000000000000 ) ;
#1523 = FACE_OUTER_BOUND ( 'NONE', #2776, .T. ) ;
#1524 = EDGE_CURVE ( 'NONE', #3615, #3046, #3130, .T. ) ;
#1525 = FILL_AREA_STYLE_COLOUR ( '', #3060 ) ;
#1526 = ORIENTED_EDGE ( 'NONE', *, *, #7775, .T. ) ;
#1527 = CARTESIAN_POINT ( 'NONE',  ( 9.975000000000001400, 0.0000000000000000000, 6.445000000000000300 ) ) ;
#1528 = LINE ( 'NONE', #5640, #7643 ) ;
#1529 = DIRECTION ( 'NONE',  ( 0.0000000000000000000, 0.0000000000000000000, 1.000000000000000000 ) ) ;
#1530 = DIRECTION ( 'NONE',  ( 0.0000000000000000000, 0.0000000000000000000, 1.000000000000000000 ) ) ;
#1531 = DIRECTION ( 'NONE',  ( -0.0000000000000000000, -1.000000000000000000, -0.0000000000000000000 ) ) ;
#1532 = ORIENTED_EDGE ( 'NONE', *, *, #7715, .T. ) ;
#1533 = DIRECTION ( 'NONE',  ( 0.0000000000000000000, 1.000000000000000000, 0.0000000000000000000 ) ) ;
#1534 = EDGE_CURVE ( 'NONE', #7694, #3075, #587, .T. ) ;
#1535 = CARTESIAN_POINT ( 'NONE',  ( 7.474999999999995200, 1.000000000000000000, -3.714999999999999400 ) ) ;
#1536 = EDGE_CURVE ( 'NONE', #1804, #3275, #5999, .T. ) ;
#1537 = DIRECTION ( 'NONE',  ( 1.000000000000000000, 0.0000000000000000000, -0.0000000000000000000 ) ) ;
#1538 = SURFACE_STYLE_FILL_AREA ( #2595 ) ;
#1539 = CARTESIAN_POINT ( 'NONE',  ( 9.974999999999997900, 1.000000000000000000, 7.204999999999996500 ) ) ;
#1540 = CARTESIAN_POINT ( 'NONE',  ( -9.975000000000051200, 1.000000000000000000, -5.495000000000000100 ) ) ;
#1541 = VERTEX_POINT ( 'NONE', #4352 ) ;
#1542 = ORIENTED_EDGE ( 'NONE', *, *, #6264, .T. ) ;
#1543 = CARTESIAN_POINT ( 'NONE',  ( 1.905000000000000000, 1.350000000000000100, -9.415000000000000900 ) ) ;
#1544 = ORIENTED_EDGE ( 'NONE', *, *, #4306, .F. ) ;
#1545 = AXIS2_PLACEMENT_3D ( 'NONE', #8181, #3706, #5629 ) ;
#1546 = EDGE_CURVE ( 'NONE', #6788, #4689, #7294, .T. ) ;
#1547 = CARTESIAN_POINT ( 'NONE',  ( -9.975000000000060000, 1.000000000000000000, -6.254999999999999900 ) ) ;
#1548 = CIRCLE ( 'NONE', #7874, 1.199999999999999700 ) ;
#1549 = CARTESIAN_POINT ( 'NONE',  ( 7.474999999999995200, 0.0000000000000000000, -0.4150000000000004200 ) ) ;
#1550 = CARTESIAN_POINT ( 'NONE',  ( 8.255000000000123400, 0.0000000000000000000, 10.63499999999999100 ) ) ;
#1551 = EDGE_LOOP ( 'NONE', ( #4175, #2591, #3212, #7499 ) ) ;
#1552 = CARTESIAN_POINT ( 'NONE',  ( 0.0000000000000000000, 0.0000000000000000000, 4.665000000000000000 ) ) ;
#1553 = ORIENTED_EDGE ( 'NONE', *, *, #2459, .T. ) ;
#1554 = ADVANCED_FACE ( 'NONE', ( #6892 ), #4456, .F. ) ;
#1555 = VECTOR ( 'NONE', #6650, 1000.000000000000000 ) ;
#1556 = LINE ( 'NONE', #6774, #8063 ) ;
#1557 = CARTESIAN_POINT ( 'NONE',  ( -7.475000000000005900, 0.0000000000000000000, 7.204999999999999200 ) ) ;
#1558 = CLOSED_SHELL ( 'NONE', ( #5012, #3871, #3136, #3622, #6801, #6592, #1706, #307 ) ) ;
#1559 = DIRECTION ( 'NONE',  ( -1.000000000000000000, 0.0000000000000000000, 0.0000000000000000000 ) ) ;
#1560 = ORIENTED_EDGE ( 'NONE', *, *, #6167, .T. ) ;
#1561 = VERTEX_POINT ( 'NONE', #1214 ) ;
#1562 = EDGE_LOOP ( 'NONE', ( #963, #3545, #4151, #7313 ) ) ;
#1563 = CARTESIAN_POINT ( 'NONE',  ( 8.255000000000078900, 0.0000000000000000000, -2.065000000000009700 ) ) ;
#1564 = DIRECTION ( 'NONE',  ( 1.000000000000000000, -0.0000000000000000000, 0.0000000000000000000 ) ) ;
#1565 = DIRECTION ( 'NONE',  ( 1.000000000000000000, 0.0000000000000000000, 0.0000000000000000000 ) ) ;
#1566 = ORIENTED_EDGE ( 'NONE', *, *, #1873, .T. ) ;
#1567 = LINE ( 'NONE', #7631, #1167 ) ;
#1568 = DIRECTION ( 'NONE',  ( -0.0000000000000000000, -0.0000000000000000000, 1.000000000000000000 ) ) ;
#1569 = VERTEX_POINT ( 'NONE', #28 ) ;
#1570 = ORIENTED_EDGE ( 'NONE', *, *, #2431, .F. ) ;
#1571 = AXIS2_PLACEMENT_3D ( 'NONE', #5239, #3359, #5212 ) ;
#1572 = DIRECTION ( 'NONE',  ( 0.0000000000000000000, 1.000000000000000000, 0.0000000000000000000 ) ) ;
#1573 = EDGE_CURVE ( 'NONE', #8132, #5313, #283, .T. ) ;
#1574 = CARTESIAN_POINT ( 'NONE',  ( 8.255000000000087800, 0.0000000000000000000, 0.02499999999999084900 ) ) ;
#1575 = ORIENTED_EDGE ( 'NONE', *, *, #4312, .F. ) ;
#1576 = DIRECTION ( 'NONE',  ( 1.000000000000000000, 0.0000000000000000000, 0.0000000000000000000 ) ) ;
#1577 = ORIENTED_EDGE ( 'NONE', *, *, #3476, .T. ) ;
#1578 = DIRECTION ( 'NONE',  ( 0.0000000000000000000, 0.0000000000000000000, 1.000000000000000000 ) ) ;
#1579 = ORIENTED_EDGE ( 'NONE', *, *, #7955, .T. ) ;
#1580 =( GEOMETRIC_REPRESENTATION_CONTEXT ( 3 ) GLOBAL_UNCERTAINTY_ASSIGNED_CONTEXT ( ( #6254 ) ) GLOBAL_UNIT_ASSIGNED_CONTEXT ( ( #2179, #3431, #2141 ) ) REPRESENTATION_CONTEXT ( 'NONE', 'WORKASPACE' ) );
#1581 = PLANE ( 'NONE',  #846 ) ;
#1582 = FACE_OUTER_BOUND ( 'NONE', #6403, .T. ) ;
#1583 = DIRECTION ( 'NONE',  ( 1.000000000000000000, -0.0000000000000000000, 0.0000000000000000000 ) ) ;
#1584 = VECTOR ( 'NONE', #711, 1000.000000000000000 ) ;
#1585 = VERTEX_POINT ( 'NONE', #3795 ) ;
#1586 = VECTOR ( 'NONE', #6534, 1000.000000000000000 ) ;
#1587 = AXIS2_PLACEMENT_3D ( 'NONE', #304, #3471, #835 ) ;
#1588 = FILL_AREA_STYLE_COLOUR ( '', #7899 ) ;
#1589 = VECTOR ( 'NONE', #6990, 1000.000000000000000 ) ;
#1590 = ORIENTED_EDGE ( 'NONE', *, *, #2667, .T. ) ;
#1591 = EDGE_CURVE ( 'NONE', #3507, #2709, #6089, .T. ) ;
#1592 = EDGE_CURVE ( 'NONE', #6983, #5941, #2939, .T. ) ;
#1593 = ORIENTED_EDGE ( 'NONE', *, *, #7449, .F. ) ;
#1594 = DIRECTION ( 'NONE',  ( 0.0000000000000000000, 0.0000000000000000000, -1.000000000000000000 ) ) ;
#1595 = VERTEX_POINT ( 'NONE', #4970 ) ;
#1596 = VECTOR ( 'NONE', #6803, 1000.000000000000000 ) ;
#1597 = ADVANCED_FACE ( 'NONE', ( #4720 ), #4432, .F. ) ;
#1598 = VECTOR ( 'NONE', #4680, 1000.000000000000000 ) ;
#1599 = CARTESIAN_POINT ( 'NONE',  ( 0.0000000000000000000, 1.000000000000000000, 0.0000000000000000000 ) ) ;
#1600 = AXIS2_PLACEMENT_3D ( 'NONE', #5077, #6405, #178 ) ;
#1601 = DIRECTION ( 'NONE',  ( 1.000000000000000000, 0.0000000000000000000, 0.0000000000000000000 ) ) ;
#1602 = LINE ( 'NONE', #3644, #8112 ) ;
#1603 = CLOSED_SHELL ( 'NONE', ( #5667, #7088, #4394, #3523, #3103, #5345, #6834 ) ) ;
#1604 = LINE ( 'NONE', #1427, #3878 ) ;
#1605 = ORIENTED_EDGE ( 'NONE', *, *, #4581, .F. ) ;
#1606 = CARTESIAN_POINT ( 'NONE',  ( 6.735000000000002100, 2.949999999999999700, 12.72500000000000100 ) ) ;
#1607 = CARTESIAN_POINT ( 'NONE',  ( -9.974999999999997900, 1.000000000000000000, 11.52500000000000000 ) ) ;
#1608 = CYLINDRICAL_SURFACE ( 'NONE', #1587, 1.199999999999999700 ) ;
#1609 = LINE ( 'NONE', #4633, #4555 ) ;
#1610 = ORIENTED_EDGE ( 'NONE', *, *, #3138, .F. ) ;
#1611 = EDGE_CURVE ( 'NONE', #729, #3344, #6490, .T. ) ;
#1612 = ORIENTED_EDGE ( 'NONE', *, *, #6492, .T. ) ;
#1613 = CARTESIAN_POINT ( 'NONE',  ( 0.0000000000000000000, 0.0000000000000000000, 0.0000000000000000000 ) ) ;
#1614 = SURFACE_STYLE_USAGE ( .BOTH. , #2847 ) ;
#1615 = ORIENTED_EDGE ( 'NONE', *, *, #2785, .F. ) ;
#1616 = EDGE_CURVE ( 'NONE', #7485, #5560, #4140, .T. ) ;
#1617 = DIRECTION ( 'NONE',  ( -1.000000000000000000, 0.0000000000000000000, 0.0000000000000000000 ) ) ;
#1618 = EDGE_CURVE ( 'NONE', #2366, #7866, #1663, .T. ) ;
#1619 = VECTOR ( 'NONE', #6406, 1000.000000000000000 ) ;
#1620 = DIRECTION ( 'NONE',  ( 0.0000000000000000000, 1.000000000000000000, -0.0000000000000000000 ) ) ;
#1621 = FACE_OUTER_BOUND ( 'NONE', #1207, .T. ) ;
#1622 = ORIENTED_EDGE ( 'NONE', *, *, #2493, .T. ) ;
#1623 =( NAMED_UNIT ( * ) SI_UNIT ( $, .STERADIAN. ) SOLID_ANGLE_UNIT ( ) );
#1624 = ORIENTED_EDGE ( 'NONE', *, *, #6356, .F. ) ;
#1625 = UNCERTAINTY_MEASURE_WITH_UNIT (LENGTH_MEASURE( 1.000000000000000100E-005 ), #5350, 'distance_accuracy_value', 'NONE');
#1626 = LINE ( 'NONE', #7691, #8142 ) ;
#1627 = CARTESIAN_POINT ( 'NONE',  ( -7.475000000000032500, 0.0000000000000000000, 3.642432017676036200E-015 ) ) ;
#1628 = DIRECTION ( 'NONE',  ( 0.0000000000000000000, 0.0000000000000000000, 1.000000000000000000 ) ) ;
#1629 = ORIENTED_EDGE ( 'NONE', *, *, #5069, .F. ) ;
#1630 = FILL_AREA_STYLE ('',( #6058 ) ) ;
#1631 = STYLED_ITEM ( 'NONE', ( #6653 ), #7238 ) ;
#1632 = ADVANCED_FACE ( 'NONE', ( #6800 ), #2799, .F. ) ;
#1633 = EDGE_CURVE ( 'NONE', #1832, #6924, #5599, .T. ) ;
#1634 = LINE ( 'NONE', #2804, #5269 ) ;
#1635 = VERTEX_POINT ( 'NONE', #5114 ) ;
#1636 = ORIENTED_EDGE ( 'NONE', *, *, #426, .T. ) ;
#1637 = PLANE ( 'NONE',  #2489 ) ;
#1638 = ORIENTED_EDGE ( 'NONE', *, *, #3019, .F. ) ;
#1639 = CARTESIAN_POINT ( 'NONE',  ( -7.475000000000013900, 1.000000000000000000, 6.445000000000000300 ) ) ;
#1640 = CARTESIAN_POINT ( 'NONE',  ( 6.735000000000002100, 2.949999999999999700, 12.72500000000000100 ) ) ;
#1641 = PRESENTATION_LAYER_ASSIGNMENT (  '', '', ( #2226 ) ) ;
#1642 = AXIS2_PLACEMENT_3D ( 'NONE', #7493, #5609, #556 ) ;
#1643 = ORIENTED_EDGE ( 'NONE', *, *, #4430, .F. ) ;
#1644 = ORIENTED_EDGE ( 'NONE', *, *, #5900, .T. ) ;
#1645 = DIRECTION ( 'NONE',  ( 0.0000000000000000000, 1.000000000000000000, 0.0000000000000000000 ) ) ;
#1646 = ORIENTED_EDGE ( 'NONE', *, *, #1460, .T. ) ;
#1647 = ORIENTED_EDGE ( 'NONE', *, *, #6240, .F. ) ;
#1648 = DIRECTION ( 'NONE',  ( 0.0000000000000000000, 0.0000000000000000000, -1.000000000000000000 ) ) ;
#1649 = DIRECTION ( 'NONE',  ( 0.0000000000000000000, 1.000000000000000000, -0.0000000000000000000 ) ) ;
#1650 = VECTOR ( 'NONE', #7130, 1000.000000000000000 ) ;
#1651 = PLANE ( 'NONE',  #3836 ) ;
#1652 = EDGE_LOOP ( 'NONE', ( #7906, #1172, #4814, #1050 ) ) ;
#1653 = EDGE_LOOP ( 'NONE', ( #3826, #1458, #4576, #6172 ) ) ;
#1654 = AXIS2_PLACEMENT_3D ( 'NONE', #2730, #3360, #3387 ) ;
#1655 = EDGE_CURVE ( 'NONE', #1832, #4783, #3329, .T. ) ;
#1656 = DIRECTION ( 'NONE',  ( 0.0000000000000000000, 0.0000000000000000000, 1.000000000000000000 ) ) ;
#1657 = VECTOR ( 'NONE', #5926, 1000.000000000000000 ) ;
#1658 = DIRECTION ( 'NONE',  ( 0.0000000000000000000, 0.0000000000000000000, 1.000000000000000000 ) ) ;
#1659 = VECTOR ( 'NONE', #2501, 1000.000000000000000 ) ;
#1660 = ORIENTED_EDGE ( 'NONE', *, *, #1951, .T. ) ;
#1661 = ORIENTED_EDGE ( 'NONE', *, *, #2940, .T. ) ;
#1662 = EDGE_LOOP ( 'NONE', ( #3195, #1310, #5405, #3504 ) ) ;
#1663 = LINE ( 'NONE', #3743, #7887 ) ;
#1664 = CARTESIAN_POINT ( 'NONE',  ( 7.474999999999979200, 1.000000000000000000, 6.444999999999993200 ) ) ;
#1665 = EDGE_CURVE ( 'NONE', #3302, #3027, #7981, .T. ) ;
#1666 = COLOUR_RGB ( '',1.000000000000000000, 1.000000000000000000, 1.000000000000000000 ) ;
#1667 = DIRECTION ( 'NONE',  ( 0.0000000000000000000, 1.000000000000000000, 0.0000000000000000000 ) ) ;
#1668 = LINE ( 'NONE', #1518, #6096 ) ;
#1669 = ADVANCED_FACE ( 'NONE', ( #3439 ), #7693, .F. ) ;
#1670 = ORIENTED_EDGE ( 'NONE', *, *, #6404, .F. ) ;
#1671 = MECHANICAL_DESIGN_GEOMETRIC_PRESENTATION_REPRESENTATION (  '', ( #730 ), #3953 ) ;
#1672 = CARTESIAN_POINT ( 'NONE',  ( -7.475000000000032500, 0.0000000000000000000, -0.4150000000000004200 ) ) ;
#1673 = LINE ( 'NONE', #3806, #597 ) ;
#1674 =( NAMED_UNIT ( * ) PLANE_ANGLE_UNIT ( ) SI_UNIT ( $, .RADIAN. ) );
#1675 = LINE ( 'NONE', #1742, #3143 ) ;
#1676 = VERTEX_POINT ( 'NONE', #3402 ) ;
#1677 = AXIS2_PLACEMENT_3D ( 'NONE', #6118, #5411, #7399 ) ;
#1678 = DIRECTION ( 'NONE',  ( -4.872818752743839300E-016, 0.0000000000000000000, -1.000000000000000000 ) ) ;
#1679 = CARTESIAN_POINT ( 'NONE',  ( 0.0000000000000000000, 0.0000000000000000000, 2.125000000000000000 ) ) ;
#1680 = DIRECTION ( 'NONE',  ( -1.000000000000000000, 0.0000000000000000000, 1.387778780781446500E-015 ) ) ;
#1681 = VECTOR ( 'NONE', #284, 1000.000000000000000 ) ;
#1682 = FACE_OUTER_BOUND ( 'NONE', #6527, .T. ) ;
#1683 = AXIS2_PLACEMENT_3D ( 'NONE', #6839, #3074, #1072 ) ;
#1684 = VECTOR ( 'NONE', #6688, 1000.000000000000000 ) ;
#1685 = ORIENTED_EDGE ( 'NONE', *, *, #201, .F. ) ;
#1686 = VECTOR ( 'NONE', #2210, 1000.000000000000000 ) ;
#1687 = EDGE_CURVE ( 'NONE', #8125, #6979, #90, .T. ) ;
#1688 = EDGE_CURVE ( 'NONE', #4271, #5967, #5109, .T. ) ;
#1689 = VERTEX_POINT ( 'NONE', #746 ) ;
#1690 = VERTEX_POINT ( 'NONE', #3267 ) ;
#1691 = DIRECTION ( 'NONE',  ( 0.0000000000000000000, 0.0000000000000000000, 1.000000000000000000 ) ) ;
#1692 = LINE ( 'NONE', #5906, #1497 ) ;
#1693 = VECTOR ( 'NONE', #2127, 1000.000000000000000 ) ;
#1694 = VECTOR ( 'NONE', #2743, 1000.000000000000000 ) ;
#1695 = DIRECTION ( 'NONE',  ( -1.387778780781446500E-015, 0.0000000000000000000, -1.000000000000000000 ) ) ;
#1696 = AXIS2_PLACEMENT_3D ( 'NONE', #4057, #234, #265 ) ;
#1697 = DIRECTION ( 'NONE',  ( -0.0000000000000000000, 1.000000000000000000, -0.0000000000000000000 ) ) ;
#1698 = EDGE_CURVE ( 'NONE', #3432, #7061, #6597, .T. ) ;
#1699 = ORIENTED_EDGE ( 'NONE', *, *, #3292, .F. ) ;
#1700 = DIRECTION ( 'NONE',  ( -0.0000000000000000000, 1.000000000000000000, -0.0000000000000000000 ) ) ;
#1701 = CARTESIAN_POINT ( 'NONE',  ( 7.474999999999998800, 1.000000000000000000, 6.445000000000000300 ) ) ;
#1702 = LINE ( 'NONE', #7946, #3173 ) ;
#1703 = EDGE_LOOP ( 'NONE', ( #2029, #7675, #30, #5491 ) ) ;
#1704 = CARTESIAN_POINT ( 'NONE',  ( -7.475000000000047600, 0.0000000000000000000, 3.642432017676043300E-015 ) ) ;
#1705 = CARTESIAN_POINT ( 'NONE',  ( 7.474999999999998800, 1.000000000000000000, 8.984999999999999400 ) ) ;
#1706 = ADVANCED_FACE ( 'NONE', ( #6188, #4332 ), #1373, .F. ) ;
#1707 = DIRECTION ( 'NONE',  ( 4.872818752743839300E-016, 0.0000000000000000000, 1.000000000000000000 ) ) ;
#1708 = LINE ( 'NONE', #493, #46 ) ;
#1709 = DIRECTION ( 'NONE',  ( 0.0000000000000000000, 1.000000000000000000, -0.0000000000000000000 ) ) ;
#1710 = AXIS2_PLACEMENT_3D ( 'NONE', #4961, #5598, #3646 ) ;
#1711 = CARTESIAN_POINT ( 'NONE',  ( -7.475000000000017400, 0.0000000000000000000, 3.642432017676028300E-015 ) ) ;
#1712 = EDGE_CURVE ( 'NONE', #4684, #6397, #5210, .T. ) ;
#1713 = VECTOR ( 'NONE', #553, 1000.000000000000000 ) ;
#1714 = ORIENTED_EDGE ( 'NONE', *, *, #3814, .T. ) ;
#1715 = DIRECTION ( 'NONE',  ( 0.0000000000000000000, 1.000000000000000000, -0.0000000000000000000 ) ) ;
#1716 = EDGE_CURVE ( 'NONE', #6486, #6155, #2639, .T. ) ;
#1717 = CARTESIAN_POINT ( 'NONE',  ( 9.975000000000001400, 0.0000000000000000000, 13.47500000000000100 ) ) ;
#1718 = ORIENTED_EDGE ( 'NONE', *, *, #1817, .F. ) ;
#1719 = LINE ( 'NONE', #3630, #2417 ) ;
#1720 = CARTESIAN_POINT ( 'NONE',  ( 0.0000000000000000000, 1.000000000000000000, 0.0000000000000000000 ) ) ;
#1721 = AXIS2_PLACEMENT_3D ( 'NONE', #5045, #4371, #1202 ) ;
#1722 = ORIENTED_EDGE ( 'NONE', *, *, #5166, .T. ) ;
#1723 = ORIENTED_EDGE ( 'NONE', *, *, #7998, .F. ) ;
#1724 = CARTESIAN_POINT ( 'NONE',  ( -7.474999999999997000, 0.0000000000000000000, 9.745000000000001000 ) ) ;
#1725 = DIRECTION ( 'NONE',  ( -0.0000000000000000000, -0.0000000000000000000, 1.000000000000000000 ) ) ;
#1726 = CARTESIAN_POINT ( 'NONE',  ( -9.975000000000006800, 1.000000000000000000, 8.984999999999999400 ) ) ;
#1727 = ORIENTED_EDGE ( 'NONE', *, *, #3954, .T. ) ;
#1728 = LINE ( 'NONE', #4099, #7956 ) ;
#1729 = DIRECTION ( 'NONE',  ( -0.0000000000000000000, -1.000000000000000000, -0.0000000000000000000 ) ) ;
#1730 = EDGE_LOOP ( 'NONE', ( #7470, #6153, #4900, #3929 ) ) ;
#1731 = PLANE ( 'NONE',  #7389 ) ;
#1732 = EDGE_LOOP ( 'NONE', ( #2887, #1327, #2900, #1758 ) ) ;
#1733 = VERTEX_POINT ( 'NONE', #5785 ) ;
#1734 = VERTEX_POINT ( 'NONE', #909 ) ;
#1735 = EDGE_CURVE ( 'NONE', #4586, #2641, #5700, .T. ) ;
#1736 = EDGE_CURVE ( 'NONE', #6221, #1135, #4037, .T. ) ;
#1737 = VECTOR ( 'NONE', #1445, 1000.000000000000000 ) ;
#1738 = CARTESIAN_POINT ( 'NONE',  ( 7.474999999999995200, 1.000000000000000000, -6.254999999999999900 ) ) ;
#1739 = ORIENTED_EDGE ( 'NONE', *, *, #3358, .F. ) ;
#1740 = ORIENTED_EDGE ( 'NONE', *, *, #3765, .F. ) ;
#1741 = CARTESIAN_POINT ( 'NONE',  ( -8.255000000000141100, 1.000000000000000000, 5.554999999999997900 ) ) ;
#1742 = CARTESIAN_POINT ( 'NONE',  ( -9.975000000000051200, 0.0000000000000000000, -3.714999999999999400 ) ) ;
#1743 = CARTESIAN_POINT ( 'NONE',  ( 0.0000000000000000000, 1.000000000000000000, 2.124999999999993300 ) ) ;
#1744 = DIRECTION ( 'NONE',  ( -0.0000000000000000000, 0.0000000000000000000, 1.000000000000000000 ) ) ;
#1745 = STYLED_ITEM ( 'NONE', ( #7969 ), #2239 ) ;
#1746 = AXIS2_PLACEMENT_3D ( 'NONE', #4773, #3567, #1678 ) ;
#1747 = VECTOR ( 'NONE', #4249, 1000.000000000000000 ) ;
#1748 = FACE_OUTER_BOUND ( 'NONE', #2611, .T. ) ;
#1749 = ADVANCED_FACE ( 'NONE', ( #2157 ), #5337, .F. ) ;
#1750 = ORIENTED_EDGE ( 'NONE', *, *, #3333, .T. ) ;
#1751 = ORIENTED_EDGE ( 'NONE', *, *, #3457, .T. ) ;
#1752 = EDGE_LOOP ( 'NONE', ( #5273, #2848, #6729, #5538 ) ) ;
#1753 = CARTESIAN_POINT ( 'NONE',  ( -8.255000000000150000, 1.000000000000000000, 3.464999999999999000 ) ) ;
#1754 = LINE ( 'NONE', #5421, #7180 ) ;
#1755 = CARTESIAN_POINT ( 'NONE',  ( -8.255000000000167800, 0.0000000000000000000, -2.515000000000002800 ) ) ;
#1756 = ORIENTED_EDGE ( 'NONE', *, *, #2803, .F. ) ;
#1757 = DIRECTION ( 'NONE',  ( -0.0000000000000000000, -0.0000000000000000000, -1.000000000000000000 ) ) ;
#1758 = ORIENTED_EDGE ( 'NONE', *, *, #5197, .T. ) ;
#1759 = EDGE_CURVE ( 'NONE', #5528, #551, #7384, .T. ) ;
#1760 = DIRECTION ( 'NONE',  ( 1.000000000000000000, 0.0000000000000000000, 0.0000000000000000000 ) ) ;
#1761 = CARTESIAN_POINT ( 'NONE',  ( 7.474999999999971200, 1.000000000000000000, 3.642432017676006200E-015 ) ) ;
#1762 = CARTESIAN_POINT ( 'NONE',  ( 7.474999999999998800, 0.0000000000000000000, 4.665000000000000000 ) ) ;
#1763 = ORIENTED_EDGE ( 'NONE', *, *, #7978, .T. ) ;
#1764 = VECTOR ( 'NONE', #82, 1000.000000000000000 ) ;
#1765 = ORIENTED_EDGE ( 'NONE', *, *, #3460, .F. ) ;
#1766 = EDGE_CURVE ( 'NONE', #5967, #5857, #1567, .T. ) ;
#1767 = ORIENTED_EDGE ( 'NONE', *, *, #8044, .F. ) ;
#1768 = DIRECTION ( 'NONE',  ( 0.0000000000000000000, 0.0000000000000000000, 1.000000000000000000 ) ) ;
#1769 = ADVANCED_FACE ( 'NONE', ( #2548 ), #1974, .F. ) ;
#1770 = VECTOR ( 'NONE', #164, 1000.000000000000000 ) ;
#1771 = VERTEX_POINT ( 'NONE', #2232 ) ;
#1772 = FILL_AREA_STYLE_COLOUR ( '', #7717 ) ;
#1773 = CARTESIAN_POINT ( 'NONE',  ( 0.0000000000000000000, 1.000000000000000000, 0.0000000000000000000 ) ) ;
#1774 = DIRECTION ( 'NONE',  ( 1.445602896647339500E-015, 0.0000000000000000000, 1.000000000000000000 ) ) ;
#1775 = CARTESIAN_POINT ( 'NONE',  ( 0.0000000000000000000, 0.0000000000000000000, 0.0000000000000000000 ) ) ;
#1776 = ORIENTED_EDGE ( 'NONE', *, *, #40, .T. ) ;
#1777 = CARTESIAN_POINT ( 'NONE',  ( 0.0000000000000000000, 1.439882414652686500, -11.00500000000000100 ) ) ;
#1778 = CARTESIAN_POINT ( 'NONE',  ( 0.0000000000000000000, 2.700000000000000200, 12.72500000000000000 ) ) ;
#1779 = LINE ( 'NONE', #5463, #4543 ) ;
#1780 = AXIS2_PLACEMENT_3D ( 'NONE', #6523, #5968, #2212 ) ;
#1781 = DIRECTION ( 'NONE',  ( -1.000000000000000000, 0.0000000000000000000, 0.0000000000000000000 ) ) ;
#1782 = ORIENTED_EDGE ( 'NONE', *, *, #5306, .F. ) ;
#1783 = VECTOR ( 'NONE', #3185, 1000.000000000000000 ) ;
#1784 = EDGE_CURVE ( 'NONE', #3952, #7703, #5302, .T. ) ;
#1785 = VERTEX_POINT ( 'NONE', #3490 ) ;
#1786 = DIRECTION ( 'NONE',  ( -4.872818752743839300E-016, 0.0000000000000000000, 1.000000000000000000 ) ) ;
#1787 = VECTOR ( 'NONE', #7326, 1000.000000000000000 ) ;
#1788 = ADVANCED_FACE ( 'NONE', ( #3936 ), #7243, .F. ) ;
#1789 = ORIENTED_EDGE ( 'NONE', *, *, #2262, .T. ) ;
#1790 = VERTEX_POINT ( 'NONE', #5996 ) ;
#1791 = ORIENTED_EDGE ( 'NONE', *, *, #1300, .F. ) ;
#1792 = EDGE_LOOP ( 'NONE', ( #3403, #557, #3940, #5102 ) ) ;
#1793 = AXIS2_PLACEMENT_3D ( 'NONE', #5904, #5242, #176 ) ;
#1794 = DIRECTION ( 'NONE',  ( -1.000000000000000000, 0.0000000000000000000, 0.0000000000000000000 ) ) ;
#1795 = LINE ( 'NONE', #6005, #4664 ) ;
#1796 = DIRECTION ( 'NONE',  ( -1.000000000000000000, 0.0000000000000000000, -4.872818752743839300E-016 ) ) ;
#1797 = ORIENTED_EDGE ( 'NONE', *, *, #8136, .T. ) ;
#1798 = EDGE_LOOP ( 'NONE', ( #4301, #3415, #5574, #6571 ) ) ;
#1799 = ORIENTED_EDGE ( 'NONE', *, *, #8085, .T. ) ;
#1800 = DIRECTION ( 'NONE',  ( 0.0000000000000000000, 1.000000000000000000, -0.0000000000000000000 ) ) ;
#1801 = DIRECTION ( 'NONE',  ( 0.0000000000000000000, 0.0000000000000000000, 1.000000000000000000 ) ) ;
#1802 = AXIS2_PLACEMENT_3D ( 'NONE', #341, #922, #2167 ) ;
#1803 = LINE ( 'NONE', #2334, #7127 ) ;
#1804 = VERTEX_POINT ( 'NONE', #5637 ) ;
#1805 = EDGE_CURVE ( 'NONE', #3249, #4520, #1754, .T. ) ;
#1806 = LINE ( 'NONE', #4708, #837 ) ;
#1807 = FACE_OUTER_BOUND ( 'NONE', #6087, .T. ) ;
#1808 = DIRECTION ( 'NONE',  ( 0.0000000000000000000, 1.000000000000000000, 0.0000000000000000000 ) ) ;
#1809 = ORIENTED_EDGE ( 'NONE', *, *, #5537, .T. ) ;
#1810 = FACE_OUTER_BOUND ( 'NONE', #8145, .T. ) ;
#1811 = DIRECTION ( 'NONE',  ( 0.0000000000000000000, 0.0000000000000000000, 1.000000000000000000 ) ) ;
#1812 = EDGE_LOOP ( 'NONE', ( #4118, #604, #1939, #59 ) ) ;
#1813 = ADVANCED_FACE ( 'NONE', ( #579 ), #7529, .F. ) ;
#1814 = CARTESIAN_POINT ( 'NONE',  ( 9.975000000000001400, 0.0000000000000000000, 13.47500000000000100 ) ) ;
#1815 = CARTESIAN_POINT ( 'NONE',  ( -8.254999999999961700, 0.0000000000000000000, 10.18500000000015300 ) ) ;
#1816 = AXIS2_PLACEMENT_3D ( 'NONE', #3227, #4421, #3816 ) ;
#1817 = EDGE_CURVE ( 'NONE', #900, #7564, #3833, .T. ) ;
#1818 = LINE ( 'NONE', #3247, #5175 ) ;
#1819 = CARTESIAN_POINT ( 'NONE',  ( 6.735000000000000300, 2.750000000000000400, -8.285000000000001900 ) ) ;
#1820 = EDGE_LOOP ( 'NONE', ( #3741, #1303, #7535, #866 ) ) ;
#1821 = ORIENTED_EDGE ( 'NONE', *, *, #5645, .F. ) ;
#1822 = DIRECTION ( 'NONE',  ( -0.0000000000000000000, -1.000000000000000000, 0.0000000000000000000 ) ) ;
#1823 = ADVANCED_FACE ( 'NONE', ( #8070 ), #969, .F. ) ;
#1824 = CARTESIAN_POINT ( 'NONE',  ( 7.474999999999995200, 0.0000000000000000000, 3.905000000000000700 ) ) ;
#1825 = VERTEX_POINT ( 'NONE', #3727 ) ;
#1826 = CARTESIAN_POINT ( 'NONE',  ( 0.0000000000000000000, 0.0000000000000000000, -6.254999999999999900 ) ) ;
#1827 = CARTESIAN_POINT ( 'NONE',  ( 7.474999999999998800, 0.0000000000000000000, 8.984999999999999400 ) ) ;
#1828 = ADVANCED_FACE ( 'NONE', ( #3722 ), #4442, .F. ) ;
#1829 = FACE_OUTER_BOUND ( 'NONE', #4911, .T. ) ;
#1830 = DIRECTION ( 'NONE',  ( -0.0000000000000000000, -0.0000000000000000000, 1.000000000000000000 ) ) ;
#1831 = ORIENTED_EDGE ( 'NONE', *, *, #5380, .T. ) ;
#1832 = VERTEX_POINT ( 'NONE', #1273 ) ;
#1833 = ORIENTED_EDGE ( 'NONE', *, *, #3944, .T. ) ;
#1834 = CARTESIAN_POINT ( 'NONE',  ( 0.0000000000000000000, 1.850000000000000100, -9.925500000000001300 ) ) ;
#1835 = CARTESIAN_POINT ( 'NONE',  ( 7.474999999999995200, 0.0000000000000000000, -8.035000000000000100 ) ) ;
#1836 = MECHANICAL_DESIGN_GEOMETRIC_PRESENTATION_REPRESENTATION (  '', ( #2105 ), #2682 ) ;
#1837 = CYLINDRICAL_SURFACE ( 'NONE', #4, 0.4500000000000002900 ) ;
#1838 = DIRECTION ( 'NONE',  ( 0.0000000000000000000, 0.0000000000000000000, -1.000000000000000000 ) ) ;
#1839 = AXIS2_PLACEMENT_3D ( 'NONE', #5522, #6145, #4836 ) ;
#1840 = VERTEX_POINT ( 'NONE', #6304 ) ;
#1841 = ORIENTED_EDGE ( 'NONE', *, *, #3138, .T. ) ;
#1842 = ORIENTED_EDGE ( 'NONE', *, *, #5727, .T. ) ;
#1843 = EDGE_LOOP ( 'NONE', ( #4186, #8160, #7677, #5311 ) ) ;
#1844 = EDGE_CURVE ( 'NONE', #635, #5284, #6883, .T. ) ;
#1845 = EDGE_CURVE ( 'NONE', #3067, #1900, #375, .T. ) ;
#1846 = VERTEX_POINT ( 'NONE', #11 ) ;
#1847 = DIRECTION ( 'NONE',  ( -1.000000000000000000, 0.0000000000000000000, 0.0000000000000000000 ) ) ;
#1848 = VECTOR ( 'NONE', #6154, 1000.000000000000000 ) ;
#1849 = ORIENTED_EDGE ( 'NONE', *, *, #5484, .F. ) ;
#1850 = ORIENTED_EDGE ( 'NONE', *, *, #3153, .T. ) ;
#1851 = DIRECTION ( 'NONE',  ( 1.000000000000000000, 0.0000000000000000000, 0.0000000000000000000 ) ) ;
#1852 = DIRECTION ( 'NONE',  ( -0.0000000000000000000, 1.000000000000000000, -0.0000000000000000000 ) ) ;
#1853 = ORIENTED_EDGE ( 'NONE', *, *, #2493, .F. ) ;
#1854 = AXIS2_PLACEMENT_3D ( 'NONE', #451, #1709, #4908 ) ;
#1855 = DIRECTION ( 'NONE',  ( -1.000000000000000000, 0.0000000000000000000, 1.387778780781446500E-015 ) ) ;
#1856 = CARTESIAN_POINT ( 'NONE',  ( -6.784999999999996600, 2.700000000000000200, -8.285000000000000100 ) ) ;
#1857 = FACE_OUTER_BOUND ( 'NONE', #5073, .T. ) ;
#1858 = CARTESIAN_POINT ( 'NONE',  ( -6.749644660940670200, 2.949999999999999700, 12.77500000000000000 ) ) ;
#1859 = CARTESIAN_POINT ( 'NONE',  ( -8.254999999999961700, 0.0000000000000000000, 10.63500000000000000 ) ) ;
#1860 = FACE_OUTER_BOUND ( 'NONE', #1955, .T. ) ;
#1861 = DIRECTION ( 'NONE',  ( -0.0000000000000000000, -1.000000000000000000, 0.0000000000000000000 ) ) ;
#1862 = LINE ( 'NONE', #3519, #5017 ) ;
#1863 = ADVANCED_FACE ( 'NONE', ( #2044 ), #1325, .F. ) ;
#1864 = ORIENTED_EDGE ( 'NONE', *, *, #5061, .F. ) ;
#1865 = DIRECTION ( 'NONE',  ( 0.0000000000000000000, 1.000000000000000000, 0.0000000000000000000 ) ) ;
#1866 = DIRECTION ( 'NONE',  ( 1.000000000000000000, 0.0000000000000000000, 0.0000000000000000000 ) ) ;
#1867 = CIRCLE ( 'NONE', #2117, 1.199999999999999700 ) ;
#1868 = ADVANCED_FACE ( 'NONE', ( #3619 ), #5065, .T. ) ;
#1869 = VECTOR ( 'NONE', #5656, 1000.000000000000000 ) ;
#1870 = ORIENTED_EDGE ( 'NONE', *, *, #7076, .F. ) ;
#1871 = ADVANCED_FACE ( 'NONE', ( #173 ), #2596, .F. ) ;
#1872 = ORIENTED_EDGE ( 'NONE', *, *, #3264, .F. ) ;
#1873 = EDGE_CURVE ( 'NONE', #4658, #6187, #5590, .T. ) ;
#1874 = DIRECTION ( 'NONE',  ( 0.0000000000000000000, 1.000000000000000000, 0.0000000000000000000 ) ) ;
#1875 = FACE_OUTER_BOUND ( 'NONE', #699, .T. ) ;
#1876 = EDGE_CURVE ( 'NONE', #3979, #2547, #478, .T. ) ;
#1877 = CARTESIAN_POINT ( 'NONE',  ( 8.255000000000096700, 0.0000000000000000000, 3.464999999999991900 ) ) ;
#1878 = FACE_BOUND ( 'NONE', #5032, .T. ) ;
#1879 = CARTESIAN_POINT ( 'NONE',  ( -7.475000000000031600, 1.000000000000000000, 1.365000000000000000 ) ) ;
#1880 = FACE_OUTER_BOUND ( 'NONE', #3104, .T. ) ;
#1881 = DIRECTION ( 'NONE',  ( 0.0000000000000000000, 0.0000000000000000000, -1.000000000000000000 ) ) ;
#1882 = CIRCLE ( 'NONE', #2858, 0.2500000000000002200 ) ;
#1883 = FACE_OUTER_BOUND ( 'NONE', #7915, .T. ) ;
#1884 = EDGE_CURVE ( 'NONE', #6828, #659, #4322, .T. ) ;
#1885 = EDGE_CURVE ( 'NONE', #6079, #2324, #4511, .T. ) ;
#1886 = CARTESIAN_POINT ( 'NONE',  ( -9.975000000000060000, 0.0000000000000000000, -8.035000000000000100 ) ) ;
#1887 = VERTEX_POINT ( 'NONE', #670 ) ;
#1888 = ORIENTED_EDGE ( 'NONE', *, *, #4497, .T. ) ;
#1889 = CARTESIAN_POINT ( 'NONE',  ( 9.974999999999997900, 0.0000000000000000000, 9.744999999999993900 ) ) ;
#1890 = LINE ( 'NONE', #6651, #127 ) ;
#1891 = AXIS2_PLACEMENT_3D ( 'NONE', #1741, #1141, #6822 ) ;
#1892 = DIRECTION ( 'NONE',  ( -0.0000000000000000000, -1.000000000000000000, -0.0000000000000000000 ) ) ;
#1893 = AXIS2_PLACEMENT_3D ( 'NONE', #750, #8164, #5839 ) ;
#1894 = DIRECTION ( 'NONE',  ( 0.0000000000000000000, 1.000000000000000000, -0.0000000000000000000 ) ) ;
#1895 = VECTOR ( 'NONE', #3709, 1000.000000000000000 ) ;
#1896 = PLANE ( 'NONE',  #5390 ) ;
#1897 = FACE_OUTER_BOUND ( 'NONE', #4379, .T. ) ;
#1898 = ORIENTED_EDGE ( 'NONE', *, *, #7659, .T. ) ;
#1899 = CARTESIAN_POINT ( 'NONE',  ( -8.255000000000167800, 0.0000000000000000000, -2.065000000000002600 ) ) ;
#1900 = VERTEX_POINT ( 'NONE', #2539 ) ;
#1901 = DIRECTION ( 'NONE',  ( -0.0000000000000000000, -1.000000000000000000, 0.0000000000000000000 ) ) ;
#1902 = ADVANCED_FACE ( 'NONE', ( #5497 ), #6944, .F. ) ;
#1903 = CARTESIAN_POINT ( 'NONE',  ( 7.474999999999953500, 1.000000000000000000, -2.955000000000008100 ) ) ;
#1904 = DIRECTION ( 'NONE',  ( 0.0000000000000000000, -0.0000000000000000000, -1.000000000000000000 ) ) ;
#1905 = CIRCLE ( 'NONE', #246, 1.199999999999999700 ) ;
#1906 = DIRECTION ( 'NONE',  ( 0.0000000000000000000, 1.000000000000000000, -0.0000000000000000000 ) ) ;
#1907 = EDGE_CURVE ( 'NONE', #2880, #7074, #4711, .T. ) ;
#1908 = ADVANCED_FACE ( 'NONE', ( #5801 ), #1467, .F. ) ;
#1909 = LINE ( 'NONE', #1041, #1321 ) ;
#1910 = CARTESIAN_POINT ( 'NONE',  ( -9.975000000000015600, 1.000000000000000000, 4.665000000000000000 ) ) ;
#1911 = VERTEX_POINT ( 'NONE', #6422 ) ;
#1912 = DIRECTION ( 'NONE',  ( 0.0000000000000000000, 0.0000000000000000000, 1.000000000000000000 ) ) ;
#1913 = CARTESIAN_POINT ( 'NONE',  ( 0.0000000000000000000, 0.0000000000000000000, 7.204999999999993000 ) ) ;
#1914 = LINE ( 'NONE', #4685, #4105 ) ;
#1915 = ORIENTED_EDGE ( 'NONE', *, *, #618, .T. ) ;
#1916 = CARTESIAN_POINT ( 'NONE',  ( -8.255000000000185500, 0.0000000000000000000, -7.145000000000002200 ) ) ;
#1917 = ORIENTED_EDGE ( 'NONE', *, *, #5875, .F. ) ;
#1918 = VERTEX_POINT ( 'NONE', #2020 ) ;
#1919 = DIRECTION ( 'NONE',  ( 0.0000000000000000000, 1.000000000000000000, 0.0000000000000000000 ) ) ;
#1920 = LINE ( 'NONE', #820, #6865 ) ;
#1921 = CARTESIAN_POINT ( 'NONE',  ( 10.77992235650402700, 0.0000000000000000000, 10.63499999999999300 ) ) ;
#1922 = ORIENTED_EDGE ( 'NONE', *, *, #1876, .F. ) ;
#1923 = ORIENTED_EDGE ( 'NONE', *, *, #899, .F. ) ;
#1924 = DIRECTION ( 'NONE',  ( -1.000000000000000000, 0.0000000000000000000, 0.0000000000000000000 ) ) ;
#1925 = CLOSED_SHELL ( 'NONE', ( #1813, #1246, #517, #470, #6920, #1334 ) ) ;
#1926 = CARTESIAN_POINT ( 'NONE',  ( -9.975000000000024500, 0.0000000000000000000, 3.905000000000000700 ) ) ;
#1927 = CARTESIAN_POINT ( 'NONE',  ( 8.255000000000070100, 1.000000000000000000, -4.155000000000008200 ) ) ;
#1928 = PLANE ( 'NONE',  #6898 ) ;
#1929 = PLANE ( 'NONE',  #4682 ) ;
#1930 = ORIENTED_EDGE ( 'NONE', *, *, #2110, .F. ) ;
#1931 = ORIENTED_EDGE ( 'NONE', *, *, #5516, .T. ) ;
#1932 = AXIS2_PLACEMENT_3D ( 'NONE', #2738, #7791, #1420 ) ;
#1933 = DIRECTION ( 'NONE',  ( -0.0000000000000000000, -1.000000000000000000, 0.0000000000000000000 ) ) ;
#1934 = EDGE_CURVE ( 'NONE', #2745, #4701, #779, .T. ) ;
#1935 = CARTESIAN_POINT ( 'NONE',  ( 0.0000000000000000000, 1.350000000000000100, -11.20500000000000200 ) ) ;
#1936 = DIRECTION ( 'NONE',  ( -1.000000000000000000, 0.0000000000000000000, -0.0000000000000000000 ) ) ;
#1937 = VECTOR ( 'NONE', #6617, 1000.000000000000000 ) ;
#1938 = VECTOR ( 'NONE', #1697, 1000.000000000000000 ) ;
#1939 = ORIENTED_EDGE ( 'NONE', *, *, #3601, .T. ) ;
#1940 = ORIENTED_EDGE ( 'NONE', *, *, #1885, .T. ) ;
#1941 = VERTEX_POINT ( 'NONE', #139 ) ;
#1942 = ORIENTED_EDGE ( 'NONE', *, *, #2564, .F. ) ;
#1943 = ORIENTED_EDGE ( 'NONE', *, *, #4263, .F. ) ;
#1944 = CARTESIAN_POINT ( 'NONE',  ( -10.77992235650408000, 0.0000000000000000000, -4.604999999999999500 ) ) ;
#1945 = DIRECTION ( 'NONE',  ( 0.0000000000000000000, -1.000000000000000000, 0.0000000000000000000 ) ) ;
#1946 = PRESENTATION_LAYER_ASSIGNMENT (  '', '', ( #1376 ) ) ;
#1947 = EDGE_LOOP ( 'NONE', ( #6975, #5216, #5441, #3468 ) ) ;
#1948 = AXIS2_PLACEMENT_3D ( 'NONE', #7832, #6023, #6640 ) ;
#1949 = VERTEX_POINT ( 'NONE', #5822 ) ;
#1950 = PRESENTATION_LAYER_ASSIGNMENT (  '', '', ( #113 ) ) ;
#1951 = EDGE_CURVE ( 'NONE', #253, #2612, #4130, .T. ) ;
#1952 = VERTEX_POINT ( 'NONE', #3277 ) ;
#1953 = ADVANCED_FACE ( 'NONE', ( #7474 ), #6503, .F. ) ;
#1954 = DIRECTION ( 'NONE',  ( -0.0000000000000000000, -1.000000000000000000, 0.0000000000000000000 ) ) ;
#1955 = EDGE_LOOP ( 'NONE', ( #4905, #7289, #3643, #566 ) ) ;
#1956 = FACE_OUTER_BOUND ( 'NONE', #4506, .T. ) ;
#1957 = PLANE ( 'NONE',  #6120 ) ;
#1958 = ORIENTED_EDGE ( 'NONE', *, *, #1165, .T. ) ;
#1959 = CARTESIAN_POINT ( 'NONE',  ( 8.255000000000123400, 1.000000000000000000, 11.08499999999999200 ) ) ;
#1960 = EDGE_CURVE ( 'NONE', #7149, #5500, #3030, .T. ) ;
#1961 = DIRECTION ( 'NONE',  ( -0.0000000000000000000, 1.000000000000000000, -0.0000000000000000000 ) ) ;
#1962 = CARTESIAN_POINT ( 'NONE',  ( -9.974999999999997900, 0.0000000000000000000, -13.47499999999999800 ) ) ;
#1963 = LINE ( 'NONE', #1080, #6010 ) ;
#1964 = CARTESIAN_POINT ( 'NONE',  ( -7.475000000000024500, 0.0000000000000000000, 2.125000000000000000 ) ) ;
#1965 = CIRCLE ( 'NONE', #7645, 0.2500000000000002200 ) ;
#1966 = DIRECTION ( 'NONE',  ( -1.000000000000000000, 0.0000000000000000000, 0.0000000000000000000 ) ) ;
#1967 = EDGE_LOOP ( 'NONE', ( #1395, #2694, #1776, #1064 ) ) ;
#1968 = VERTEX_POINT ( 'NONE', #4573 ) ;
#1969 = CARTESIAN_POINT ( 'NONE',  ( -8.255000000000167800, 1.000000000000000000, -1.615000000000002200 ) ) ;
#1970 = PLANE ( 'NONE',  #5046 ) ;
#1971 = FACE_OUTER_BOUND ( 'NONE', #1730, .T. ) ;
#1972 = DIRECTION ( 'NONE',  ( 0.0000000000000000000, 0.0000000000000000000, 1.000000000000000000 ) ) ;
#1973 = LINE ( 'NONE', #4022, #1387 ) ;
#1974 = PLANE ( 'NONE',  #6326 ) ;
#1975 = ORIENTED_EDGE ( 'NONE', *, *, #3176, .T. ) ;
#1976 = CARTESIAN_POINT ( 'NONE',  ( 0.0000000000000000000, 1.350000000000000100, -11.00500000000000100 ) ) ;
#1977 = MANIFOLD_SOLID_BREP ( 'Boss-Extrude3[2]', #6771 ) ;
#1978 = DIRECTION ( 'NONE',  ( 0.0000000000000000000, 0.0000000000000000000, 1.000000000000000000 ) ) ;
#1979 = ORIENTED_EDGE ( 'NONE', *, *, #7233, .T. ) ;
#1980 = LINE ( 'NONE', #2549, #5129 ) ;
#1981 = CARTESIAN_POINT ( 'NONE',  ( -9.975000000000024500, 1.000000000000000000, 2.125000000000000000 ) ) ;
#1982 = VECTOR ( 'NONE', #5118, 1000.000000000000000 ) ;
#1983 = EDGE_CURVE ( 'NONE', #7371, #2128, #7875, .T. ) ;
#1984 = CARTESIAN_POINT ( 'NONE',  ( -6.749644660940670200, 2.609976000000000100, 12.97500000000000000 ) ) ;
#1985 = VECTOR ( 'NONE', #6168, 1000.000000000000000 ) ;
#1986 = CARTESIAN_POINT ( 'NONE',  ( 7.474999999999951700, 1.000000000000000000, 3.642432017675996000E-015 ) ) ;
#1987 = ORIENTED_EDGE ( 'NONE', *, *, #2803, .T. ) ;
#1988 = CARTESIAN_POINT ( 'NONE',  ( 9.975000000000001400, 0.0000000000000000000, -1.175000000000000700 ) ) ;
#1989 = VECTOR ( 'NONE', #7934, 1000.000000000000000 ) ;
#1990 = ORIENTED_EDGE ( 'NONE', *, *, #3803, .T. ) ;
#1991 = AXIS2_PLACEMENT_3D ( 'NONE', #8152, #3759, #1252 ) ;
#1992 = ORIENTED_EDGE ( 'NONE', *, *, #1716, .T. ) ;
#1993 = DIRECTION ( 'NONE',  ( 1.000000000000000000, 0.0000000000000000000, 0.0000000000000000000 ) ) ;
#1994 = DIRECTION ( 'NONE',  ( 0.0000000000000000000, 0.0000000000000000000, 1.000000000000000000 ) ) ;
#1995 = LINE ( 'NONE', #7339, #6633 ) ;
#1996 = VECTOR ( 'NONE', #572, 1000.000000000000000 ) ;
#1997 = CARTESIAN_POINT ( 'NONE',  ( 0.0000000000000000000, 0.0000000000000000000, 0.0000000000000000000 ) ) ;
#1998 = ADVANCED_FACE ( 'NONE', ( #7573 ), #8062, .F. ) ;
#1999 = CARTESIAN_POINT ( 'NONE',  ( 6.735000000000002100, 2.949999999999999700, -8.285000000000001900 ) ) ;
#2000 = VERTEX_POINT ( 'NONE', #166 ) ;
#2001 = AXIS2_PLACEMENT_3D ( 'NONE', #2615, #7671, #6336 ) ;
#2002 = DIRECTION ( 'NONE',  ( 0.0000000000000000000, 1.000000000000000000, 0.0000000000000000000 ) ) ;
#2003 = ADVANCED_FACE ( 'NONE', ( #7466 ), #1259, .F. ) ;
#2004 = LINE ( 'NONE', #3611, #3371 ) ;
#2005 = EDGE_CURVE ( 'NONE', #5064, #2175, #2930, .T. ) ;
#2006 = EDGE_CURVE ( 'NONE', #6070, #3230, #7170, .T. ) ;
#2007 = DIRECTION ( 'NONE',  ( -0.0000000000000000000, -1.000000000000000000, 0.0000000000000000000 ) ) ;
#2008 = ORIENTED_EDGE ( 'NONE', *, *, #4104, .T. ) ;
#2009 = CARTESIAN_POINT ( 'NONE',  ( -8.255000000000141100, 0.0000000000000000000, 5.554999999999997900 ) ) ;
#2010 = PLANE ( 'NONE',  #2382 ) ;
#2011 = DIRECTION ( 'NONE',  ( 4.872818752743839300E-016, 0.0000000000000000000, 1.000000000000000000 ) ) ;
#2012 = DIRECTION ( 'NONE',  ( -0.0000000000000000000, 1.000000000000000000, -0.0000000000000000000 ) ) ;
#2013 = CIRCLE ( 'NONE', #1780, 1.199999999999999700 ) ;
#2014 = AXIS2_PLACEMENT_3D ( 'NONE', #6487, #4697, #821 ) ;
#2015 = VECTOR ( 'NONE', #5271, 1000.000000000000000 ) ;
#2016 = DIRECTION ( 'NONE',  ( 0.0000000000000000000, 0.0000000000000000000, 1.000000000000000000 ) ) ;
#2017 = DIRECTION ( 'NONE',  ( 0.0000000000000000000, 0.0000000000000000000, 1.000000000000000000 ) ) ;
#2018 = ORIENTED_EDGE ( 'NONE', *, *, #2826, .T. ) ;
#2019 =( NAMED_UNIT ( * ) PLANE_ANGLE_UNIT ( ) SI_UNIT ( $, .RADIAN. ) );
#2020 = CARTESIAN_POINT ( 'NONE',  ( -6.984999999999997700, 2.609976000000000100, -8.285000000000003700 ) ) ;
#2021 = LINE ( 'NONE', #6210, #7844 ) ;
#2022 = DIRECTION ( 'NONE',  ( -0.0000000000000000000, -1.000000000000000000, 0.0000000000000000000 ) ) ;
#2023 = EDGE_LOOP ( 'NONE', ( #5193, #3268, #944, #8090, #1553, #2253, #5478, #5961, #85, #7897, #6820, #3252, #5917, #5079, #5087, #5454, #3325, #1504, #1068, #5800, #7249, #2233, #6791, #3005, #1078, #25, #6930, #4490, #4805, #6223, #1463, #1756, #2325, #1452, #6732, #6863, #5249, #564, #6799, #7336, #6583, #483, #787, #5783, #66, #444, #577, #8123, #1381, #7356, #137, #99, #5143, #4521, #5748, #6986, #1323, #3886, #6959, #175, #5377, #798, #3404, #3175, #1842, #2429, #848, #3095 ) ) ;
#2024 = DIRECTION ( 'NONE',  ( -0.0000000000000000000, 1.000000000000000000, -0.0000000000000000000 ) ) ;
#2025 = PLANE ( 'NONE',  #7022 ) ;
#2026 = VECTOR ( 'NONE', #7110, 1000.000000000000000 ) ;
#2027 = CARTESIAN_POINT ( 'NONE',  ( -9.975000000000024500, 0.0000000000000000000, 3.905000000000000700 ) ) ;
#2028 = EDGE_LOOP ( 'NONE', ( #8058, #8076, #5297, #7164 ) ) ;
#2029 = ORIENTED_EDGE ( 'NONE', *, *, #5112, .F. ) ;
#2030 = VERTEX_POINT ( 'NONE', #757 ) ;
#2031 = CARTESIAN_POINT ( 'NONE',  ( -8.255000000000150000, 0.0000000000000000000, 3.464999999999999000 ) ) ;
#2032 = PRESENTATION_LAYER_ASSIGNMENT (  '', '', ( #1453 ) ) ;
#2033 = DIRECTION ( 'NONE',  ( 0.0000000000000000000, 0.0000000000000000000, 1.000000000000000000 ) ) ;
#2034 = EDGE_CURVE ( 'NONE', #160, #651, #6375, .T. ) ;
#2035 = DIRECTION ( 'NONE',  ( -4.872818752743839300E-016, 0.0000000000000000000, 1.000000000000000000 ) ) ;
#2036 = EDGE_LOOP ( 'NONE', ( #2722, #1483, #1026, #2551 ) ) ;
#2037 = EDGE_LOOP ( 'NONE', ( #5542, #905, #2464, #6864 ) ) ;
#2038 = VERTEX_POINT ( 'NONE', #7111 ) ;
#2039 = EDGE_CURVE ( 'NONE', #2612, #2641, #4313, .T. ) ;
#2040 = LINE ( 'NONE', #4373, #366 ) ;
#2041 = ORIENTED_EDGE ( 'NONE', *, *, #683, .F. ) ;
#2042 = ORIENTED_EDGE ( 'NONE', *, *, #5254, .T. ) ;
#2043 = ADVANCED_FACE ( 'NONE', ( #4896 ), #5369, .T. ) ;
#2044 = FACE_OUTER_BOUND ( 'NONE', #1195, .T. ) ;
#2045 = LINE ( 'NONE', #6295, #174 ) ;
#2046 = AXIS2_PLACEMENT_3D ( 'NONE', #2342, #438, #6673 ) ;
#2047 = CARTESIAN_POINT ( 'NONE',  ( -7.475000000000040500, 1.000000000000000000, -1.175000000000000700 ) ) ;
#2048 = VERTEX_POINT ( 'NONE', #7894 ) ;
#2049 = ORIENTED_EDGE ( 'NONE', *, *, #5814, .T. ) ;
#2050 = DIRECTION ( 'NONE',  ( 0.0000000000000000000, 1.000000000000000000, 0.0000000000000000000 ) ) ;
#2051 = EDGE_LOOP ( 'NONE', ( #5592, #3786, #448, #5495 ) ) ;
#2052 = ORIENTED_EDGE ( 'NONE', *, *, #2533, .T. ) ;
#2053 = EDGE_CURVE ( 'NONE', #6008, #7557, #5977, .T. ) ;
#2054 = DIRECTION ( 'NONE',  ( -0.0000000000000000000, 1.000000000000000000, 0.0000000000000000000 ) ) ;
#2055 = DIRECTION ( 'NONE',  ( 0.0000000000000000000, 1.000000000000000000, -0.0000000000000000000 ) ) ;
#2056 = PLANE ( 'NONE',  #2794 ) ;
#2057 = EDGE_LOOP ( 'NONE', ( #7453, #1723 ) ) ;
#2058 = DIRECTION ( 'NONE',  ( 0.0000000000000000000, 0.0000000000000000000, -1.000000000000000000 ) ) ;
#2059 = DIRECTION ( 'NONE',  ( 0.0000000000000000000, 1.000000000000000000, 0.0000000000000000000 ) ) ;
#2060 = AXIS2_PLACEMENT_3D ( 'NONE', #3875, #7706, #5179 ) ;
#2061 = DIRECTION ( 'NONE',  ( -1.000000000000000000, 0.0000000000000000000, 4.872818752743839300E-016 ) ) ;
#2062 = FACE_OUTER_BOUND ( 'NONE', #7306, .T. ) ;
#2063 = FACE_OUTER_BOUND ( 'NONE', #274, .T. ) ;
#2064 = DIRECTION ( 'NONE',  ( -1.000000000000000000, -0.0000000000000000000, 1.387778780781446500E-015 ) ) ;
#2065 = ORIENTED_EDGE ( 'NONE', *, *, #498, .F. ) ;
#2066 = VECTOR ( 'NONE', #2326, 1000.000000000000000 ) ;
#2067 = LINE ( 'NONE', #7490, #6996 ) ;
#2068 = PRESENTATION_LAYER_ASSIGNMENT (  '', '', ( #7569 ) ) ;
#2069 = ORIENTED_EDGE ( 'NONE', *, *, #7183, .T. ) ;
#2070 = EDGE_CURVE ( 'NONE', #4934, #5521, #8172, .T. ) ;
#2071 = CARTESIAN_POINT ( 'NONE',  ( -10.77992235650408900, 1.000000000000000000, -7.145000000000000500 ) ) ;
#2072 = ORIENTED_EDGE ( 'NONE', *, *, #3215, .F. ) ;
#2073 = VECTOR ( 'NONE', #793, 1000.000000000000000 ) ;
#2074 = DIRECTION ( 'NONE',  ( 0.0000000000000000000, 0.0000000000000000000, 1.000000000000000000 ) ) ;
#2075 = DIRECTION ( 'NONE',  ( -1.000000000000000000, 0.0000000000000000000, -0.0000000000000000000 ) ) ;
#2076 = LINE ( 'NONE', #2534, #5621 ) ;
#2077 = DIRECTION ( 'NONE',  ( 0.0000000000000000000, 0.0000000000000000000, -1.000000000000000000 ) ) ;
#2078 = PLANE ( 'NONE',  #7287 ) ;
#2079 = VECTOR ( 'NONE', #3577, 1000.000000000000000 ) ;
#2080 = DIRECTION ( 'NONE',  ( -0.0000000000000000000, 0.0000000000000000000, 1.000000000000000000 ) ) ;
#2081 = ORIENTED_EDGE ( 'NONE', *, *, #5332, .F. ) ;
#2082 = VECTOR ( 'NONE', #2367, 1000.000000000000000 ) ;
#2083 = ADVANCED_FACE ( 'NONE', ( #7670 ), #4810, .F. ) ;
#2084 = EDGE_CURVE ( 'NONE', #8125, #2153, #6272, .T. ) ;
#2085 = LINE ( 'NONE', #6663, #1294 ) ;
#2086 = DIRECTION ( 'NONE',  ( 0.0000000000000000000, 1.000000000000000000, 0.0000000000000000000 ) ) ;
#2087 = CARTESIAN_POINT ( 'NONE',  ( 6.985000000000000300, 2.609976000000000100, 12.73964466094067300 ) ) ;
#2088 = VECTOR ( 'NONE', #6848, 1000.000000000000000 ) ;
#2089 = ORIENTED_EDGE ( 'NONE', *, *, #5358, .F. ) ;
#2090 = AXIS2_PLACEMENT_3D ( 'NONE', #5128, #5100, #1328 ) ;
#2091 = LINE ( 'NONE', #6520, #419 ) ;
#2092 = EDGE_LOOP ( 'NONE', ( #142, #7122 ) ) ;
#2093 = ORIENTED_EDGE ( 'NONE', *, *, #3154, .F. ) ;
#2094 = DIRECTION ( 'NONE',  ( -4.872818752743839300E-016, 0.0000000000000000000, -1.000000000000000000 ) ) ;
#2095 = CARTESIAN_POINT ( 'NONE',  ( -7.475000000000049400, 0.0000000000000000000, -3.714999999999999400 ) ) ;
#2096 = DIRECTION ( 'NONE',  ( 0.0000000000000000000, 0.0000000000000000000, -1.000000000000000000 ) ) ;
#2097 = LINE ( 'NONE', #2854, #535 ) ;
#2098 = AXIS2_PLACEMENT_3D ( 'NONE', #5526, #4324, #3203 ) ;
#2099 = DIRECTION ( 'NONE',  ( 0.0000000000000000000, 0.0000000000000000000, -1.000000000000000000 ) ) ;
#2100 = VECTOR ( 'NONE', #1936, 1000.000000000000000 ) ;
#2101 = CARTESIAN_POINT ( 'NONE',  ( 6.785000000000001000, 1.000000000000000000, -8.299644660940671800 ) ) ;
#2102 = VECTOR ( 'NONE', #7850, 1000.000000000000000 ) ;
#2103 = DIRECTION ( 'NONE',  ( 0.0000000000000000000, 1.734723475976805500E-015, 1.000000000000000000 ) ) ;
#2104 = DIRECTION ( 'NONE',  ( -1.000000000000000000, 0.0000000000000000000, 0.0000000000000000000 ) ) ;
#2105 = STYLED_ITEM ( 'NONE', ( #1465 ), #1480 ) ;
#2106 = ORIENTED_EDGE ( 'NONE', *, *, #1193, .F. ) ;
#2107 =( GEOMETRIC_REPRESENTATION_CONTEXT ( 3 ) GLOBAL_UNCERTAINTY_ASSIGNED_CONTEXT ( ( #1020 ) ) GLOBAL_UNIT_ASSIGNED_CONTEXT ( ( #4319, #2444, #6203 ) ) REPRESENTATION_CONTEXT ( 'NONE', 'WORKASPACE' ) );
#2108 = SURFACE_SIDE_STYLE ('',( #433 ) ) ;
#2109 = CARTESIAN_POINT ( 'NONE',  ( 6.735000000000002100, 2.700000000000000200, 12.97500000000000000 ) ) ;
#2110 = EDGE_CURVE ( 'NONE', #1492, #5616, #958, .T. ) ;
#2111 = CIRCLE ( 'NONE', #96, 0.4499999999999999000 ) ;
#2112 = CARTESIAN_POINT ( 'NONE',  ( 9.975000000000005000, 1.000000000000000000, 6.445000000000000300 ) ) ;
#2113 = CIRCLE ( 'NONE', #1210, 0.4499999999999999000 ) ;
#2114 = EDGE_LOOP ( 'NONE', ( #2162, #1087, #660, #7835 ) ) ;
#2115 = DIRECTION ( 'NONE',  ( -1.000000000000000000, 0.0000000000000000000, 0.0000000000000000000 ) ) ;
#2116 = CARTESIAN_POINT ( 'NONE',  ( 8.255000000000096700, 0.0000000000000000000, 3.464999999999991900 ) ) ;
#2117 = AXIS2_PLACEMENT_3D ( 'NONE', #1111, #4231, #4853 ) ;
#2118 = VECTOR ( 'NONE', #7729, 1000.000000000000000 ) ;
#2119 = EDGE_CURVE ( 'NONE', #2427, #1635, #7776, .T. ) ;
#2120 = DIRECTION ( 'NONE',  ( -0.0000000000000000000, 1.000000000000000000, -0.0000000000000000000 ) ) ;
#2121 = ORIENTED_EDGE ( 'NONE', *, *, #2195, .F. ) ;
#2122 = DIRECTION ( 'NONE',  ( 1.000000000000000000, 0.0000000000000000000, 0.0000000000000000000 ) ) ;
#2123 = ORIENTED_EDGE ( 'NONE', *, *, #4431, .T. ) ;
#2124 = DIRECTION ( 'NONE',  ( -0.0000000000000000000, 1.000000000000000000, -0.0000000000000000000 ) ) ;
#2125 = ADVANCED_FACE ( 'NONE', ( #2827 ), #2190, .T. ) ;
#2126 = LINE ( 'NONE', #896, #6954 ) ;
#2127 = DIRECTION ( 'NONE',  ( 0.0000000000000000000, 1.000000000000000000, 0.0000000000000000000 ) ) ;
#2128 = VERTEX_POINT ( 'NONE', #7224 ) ;
#2129 = VERTEX_POINT ( 'NONE', #4093 ) ;
#2130 = ORIENTED_EDGE ( 'NONE', *, *, #1315, .T. ) ;
#2131 = CARTESIAN_POINT ( 'NONE',  ( -6.734999999999998500, 2.949999999999999700, -8.335000000000000900 ) ) ;
#2132 = ORIENTED_EDGE ( 'NONE', *, *, #7233, .F. ) ;
#2133 = DIRECTION ( 'NONE',  ( -6.938893903907233900E-015, 1.000000000000000000, 0.0000000000000000000 ) ) ;
#2134 = DIRECTION ( 'NONE',  ( 1.000000000000000000, 0.0000000000000000000, 0.0000000000000000000 ) ) ;
#2135 = DIRECTION ( 'NONE',  ( -0.0000000000000000000, -0.0000000000000000000, -1.000000000000000000 ) ) ;
#2136 = SURFACE_SIDE_STYLE ('',( #7514 ) ) ;
#2137 = CYLINDRICAL_SURFACE ( 'NONE', #4027, 0.4499999999999999000 ) ;
#2138 = EDGE_LOOP ( 'NONE', ( #5499, #7957, #7658, #2540 ) ) ;
#2139 = VERTEX_POINT ( 'NONE', #7196 ) ;
#2140 = CARTESIAN_POINT ( 'NONE',  ( 6.749644660940673700, 2.609976000000000100, 12.97500000000000000 ) ) ;
#2141 =( NAMED_UNIT ( * ) SI_UNIT ( $, .STERADIAN. ) SOLID_ANGLE_UNIT ( ) );
#2142 = AXIS2_PLACEMENT_3D ( 'NONE', #7385, #988, #7310 ) ;
#2143 = CARTESIAN_POINT ( 'NONE',  ( 7.474999999999995200, 0.0000000000000000000, -6.254999999999999900 ) ) ;
#2144 = EDGE_CURVE ( 'NONE', #8169, #6391, #6693, .T. ) ;
#2145 = CARTESIAN_POINT ( 'NONE',  ( 7.474999999999998800, 0.0000000000000000000, 4.665000000000000000 ) ) ;
#2146 = LINE ( 'NONE', #468, #4121 ) ;
#2147 = CARTESIAN_POINT ( 'NONE',  ( -9.975000000000031600, 0.0000000000000000000, -0.4150000000000004200 ) ) ;
#2148 = LINE ( 'NONE', #2555, #1456 ) ;
#2149 = CARTESIAN_POINT ( 'NONE',  ( 6.735000000000002100, 2.700000000000000200, 12.97500000000000000 ) ) ;
#2150 = EDGE_CURVE ( 'NONE', #3617, #7442, #3217, .T. ) ;
#2151 = CARTESIAN_POINT ( 'NONE',  ( -1.905000000000000000, 1.000000000000000000, -9.415000000000000900 ) ) ;
#2152 = EDGE_LOOP ( 'NONE', ( #6464, #3386, #5110, #5139 ) ) ;
#2153 = VERTEX_POINT ( 'NONE', #970 ) ;
#2154 = AXIS2_PLACEMENT_3D ( 'NONE', #514, #3672, #8092 ) ;
#2155 = PLANE ( 'NONE',  #7925 ) ;
#2156 = ORIENTED_EDGE ( 'NONE', *, *, #4696, .F. ) ;
#2157 = FACE_OUTER_BOUND ( 'NONE', #1843, .T. ) ;
#2158 = CARTESIAN_POINT ( 'NONE',  ( 7.474999999999933900, 1.000000000000000000, -6.255000000000007000 ) ) ;
#2159 = CARTESIAN_POINT ( 'NONE',  ( -9.975000000000051200, 0.0000000000000000000, -5.495000000000000100 ) ) ;
#2160 = VERTEX_POINT ( 'NONE', #4662 ) ;
#2161 = EDGE_LOOP ( 'NONE', ( #6929, #6635, #2924, #1615 ) ) ;
#2162 = ORIENTED_EDGE ( 'NONE', *, *, #5146, .T. ) ;
#2163 =( NAMED_UNIT ( * ) PLANE_ANGLE_UNIT ( ) SI_UNIT ( $, .RADIAN. ) );
#2164 = ORIENTED_EDGE ( 'NONE', *, *, #182, .T. ) ;
#2165 = AXIS2_PLACEMENT_3D ( 'NONE', #1762, #6813, #3023 ) ;
#2166 = FACE_OUTER_BOUND ( 'NONE', #610, .T. ) ;
#2167 = DIRECTION ( 'NONE',  ( 0.0000000000000000000, 0.0000000000000000000, -1.000000000000000000 ) ) ;
#2168 = CARTESIAN_POINT ( 'NONE',  ( -7.475000000000040500, 1.000000000000000000, -1.175000000000000700 ) ) ;
#2169 = ORIENTED_EDGE ( 'NONE', *, *, #5516, .F. ) ;
#2170 = EDGE_CURVE ( 'NONE', #1063, #3405, #266, .T. ) ;
#2171 = EDGE_CURVE ( 'NONE', #5941, #7379, #1351, .T. ) ;
#2172 = DIRECTION ( 'NONE',  ( 0.0000000000000000000, 1.000000000000000000, 0.0000000000000000000 ) ) ;
#2173 = DIRECTION ( 'NONE',  ( -0.0000000000000000000, -1.000000000000000000, -0.0000000000000000000 ) ) ;
#2174 = CARTESIAN_POINT ( 'NONE',  ( 6.785000000000001000, 2.949999999999999700, -8.285000000000000100 ) ) ;
#2175 = VERTEX_POINT ( 'NONE', #3411 ) ;
#2176 = LINE ( 'NONE', #7321, #3636 ) ;
#2177 = LINE ( 'NONE', #3196, #6401 ) ;
#2178 = ADVANCED_FACE ( 'NONE', ( #3320 ), #6781, .F. ) ;
#2179 =( LENGTH_UNIT ( ) NAMED_UNIT ( * ) SI_UNIT ( .MILLI., .METRE. ) );
#2180 = ORIENTED_EDGE ( 'NONE', *, *, #5841, .T. ) ;
#2181 = DIRECTION ( 'NONE',  ( 0.0000000000000000000, 0.0000000000000000000, 1.000000000000000000 ) ) ;
#2182 = ORIENTED_EDGE ( 'NONE', *, *, #1344, .F. ) ;
#2183 = AXIS2_PLACEMENT_3D ( 'NONE', #5973, #4066, #6752 ) ;
#2184 = DIRECTION ( 'NONE',  ( -1.000000000000000000, -0.0000000000000000000, -0.0000000000000000000 ) ) ;
#2185 = FACE_OUTER_BOUND ( 'NONE', #6360, .T. ) ;
#2186 = DIRECTION ( 'NONE',  ( 0.0000000000000000000, 1.000000000000000000, 0.0000000000000000000 ) ) ;
#2187 = VECTOR ( 'NONE', #4648, 1000.000000000000000 ) ;
#2188 = CARTESIAN_POINT ( 'NONE',  ( 8.255000000000087800, 1.000000000000000000, 0.02499999999999084900 ) ) ;
#2189 = DIRECTION ( 'NONE',  ( -1.000000000000000000, 0.0000000000000000000, -0.0000000000000000000 ) ) ;
#2190 = PLANE ( 'NONE',  #4439 ) ;
#2191 = DIRECTION ( 'NONE',  ( 0.0000000000000000000, 1.000000000000000000, -0.0000000000000000000 ) ) ;
#2192 = ORIENTED_EDGE ( 'NONE', *, *, #6737, .F. ) ;
#2193 = CIRCLE ( 'NONE', #1545, 0.4499999999999999000 ) ;
#2194 = PLANE ( 'NONE',  #5949 ) ;
#2195 = EDGE_CURVE ( 'NONE', #4613, #3437, #6479, .T. ) ;
#2196 = ORIENTED_EDGE ( 'NONE', *, *, #337, .F. ) ;
#2197 = FACE_OUTER_BOUND ( 'NONE', #5373, .T. ) ;
#2198 = DIRECTION ( 'NONE',  ( 0.0000000000000000000, 0.0000000000000000000, 1.000000000000000000 ) ) ;
#2199 = LINE ( 'NONE', #4285, #311 ) ;
#2200 = CARTESIAN_POINT ( 'NONE',  ( 7.474999999999998800, 0.0000000000000000000, 4.665000000000000000 ) ) ;
#2201 = ORIENTED_EDGE ( 'NONE', *, *, #8085, .F. ) ;
#2202 = CIRCLE ( 'NONE', #5067, 0.4499999999999999000 ) ;
#2203 = DIRECTION ( 'NONE',  ( 0.0000000000000000000, 0.0000000000000000000, -1.000000000000000000 ) ) ;
#2204 = ORIENTED_EDGE ( 'NONE', *, *, #3553, .T. ) ;
#2205 = ORIENTED_EDGE ( 'NONE', *, *, #7847, .F. ) ;
#2206 = EDGE_CURVE ( 'NONE', #4224, #5894, #2346, .T. ) ;
#2207 = CARTESIAN_POINT ( 'NONE',  ( -8.254999999999961700, 0.0000000000000000000, 11.08499999999984600 ) ) ;
#2208 = LINE ( 'NONE', #4278, #213 ) ;
#2209 = COLOUR_RGB ( '',1.000000000000000000, 0.8117647058823529400, 0.5019607843137254800 ) ;
#2210 = DIRECTION ( 'NONE',  ( -0.0000000000000000000, 1.000000000000000000, -0.0000000000000000000 ) ) ;
#2211 = DIRECTION ( 'NONE',  ( 0.0000000000000000000, 0.0000000000000000000, -1.000000000000000000 ) ) ;
#2212 = DIRECTION ( 'NONE',  ( 0.0000000000000000000, 0.0000000000000000000, 1.000000000000000000 ) ) ;
#2213 = DIRECTION ( 'NONE',  ( 0.0000000000000000000, 1.000000000000000000, 0.0000000000000000000 ) ) ;
#2214 = CARTESIAN_POINT ( 'NONE',  ( 7.474999999999998800, 0.0000000000000000000, 9.745000000000001000 ) ) ;
#2215 = DIRECTION ( 'NONE',  ( -1.000000000000000000, 0.0000000000000000000, 0.0000000000000000000 ) ) ;
#2216 = CARTESIAN_POINT ( 'NONE',  ( -7.475000000000060000, 0.0000000000000000000, -8.035000000000000100 ) ) ;
#2217 = AXIS2_PLACEMENT_3D ( 'NONE', #603, #3069, #4942 ) ;
#2218 = ADVANCED_FACE ( 'NONE', ( #3021 ), #5487, .F. ) ;
#2219 = VECTOR ( 'NONE', #1513, 1000.000000000000000 ) ;
#2220 = LINE ( 'NONE', #5831, #3284 ) ;
#2221 = EDGE_CURVE ( 'NONE', #2473, #995, #3416, .T. ) ;
#2222 = ORIENTED_EDGE ( 'NONE', *, *, #1166, .F. ) ;
#2223 = CARTESIAN_POINT ( 'NONE',  ( 7.474999999999998800, 1.000000000000000000, 4.665000000000000000 ) ) ;
#2224 = FACE_OUTER_BOUND ( 'NONE', #7071, .T. ) ;
#2225 = DIRECTION ( 'NONE',  ( 0.0000000000000000000, 1.000000000000000000, 0.0000000000000000000 ) ) ;
#2226 = STYLED_ITEM ( 'NONE', ( #7484 ), #2339 ) ;
#2227 = AXIS2_PLACEMENT_3D ( 'NONE', #4601, #4626, #5871 ) ;
#2228 = ORIENTED_EDGE ( 'NONE', *, *, #6459, .F. ) ;
#2229 = DIRECTION ( 'NONE',  ( 0.0000000000000000000, 1.000000000000000000, -0.0000000000000000000 ) ) ;
#2230 = CARTESIAN_POINT ( 'NONE',  ( 9.974999999999953500, 0.0000000000000000000, -2.955000000000008100 ) ) ;
#2231 = VECTOR ( 'NONE', #3410, 1000.000000000000000 ) ;
#2232 = CARTESIAN_POINT ( 'NONE',  ( 9.974999999999980100, 1.000000000000000000, 6.444999999999993200 ) ) ;
#2233 = ORIENTED_EDGE ( 'NONE', *, *, #2928, .T. ) ;
#2234 = ORIENTED_EDGE ( 'NONE', *, *, #7392, .F. ) ;
#2235 = DIRECTION ( 'NONE',  ( 1.000000000000000000, -0.0000000000000000000, 0.0000000000000000000 ) ) ;
#2236 = EDGE_LOOP ( 'NONE', ( #6410, #2732, #5418, #3794 ) ) ;
#2237 = DIRECTION ( 'NONE',  ( -0.0000000000000000000, 1.000000000000000000, -0.0000000000000000000 ) ) ;
#2238 = EDGE_CURVE ( 'NONE', #4458, #4934, #4705, .T. ) ;
#2239 = MANIFOLD_SOLID_BREP ( 'Boss-Extrude5', #4826 ) ;
#2240 = DIRECTION ( 'NONE',  ( 0.0000000000000000000, 1.000000000000000000, 0.0000000000000000000 ) ) ;
#2241 = VECTOR ( 'NONE', #2601, 1000.000000000000000 ) ;
#2242 = CARTESIAN_POINT ( 'NONE',  ( 7.474999999999995200, 1.000000000000000000, -5.495000000000000100 ) ) ;
#2243 = VERTEX_POINT ( 'NONE', #6056 ) ;
#2244 = ORIENTED_EDGE ( 'NONE', *, *, #4014, .T. ) ;
#2245 = FACE_OUTER_BOUND ( 'NONE', #1652, .T. ) ;
#2246 = SURFACE_STYLE_USAGE ( .BOTH. , #6622 ) ;
#2247 = DIRECTION ( 'NONE',  ( 1.000000000000000000, -0.0000000000000000000, 0.0000000000000000000 ) ) ;
#2248 = EDGE_LOOP ( 'NONE', ( #4891, #4843, #217, #2089 ) ) ;
#2249 = VERTEX_POINT ( 'NONE', #2348 ) ;
#2250 = EDGE_LOOP ( 'NONE', ( #1987, #7054, #1647, #4467 ) ) ;
#2251 = ORIENTED_EDGE ( 'NONE', *, *, #5224, .T. ) ;
#2252 = CARTESIAN_POINT ( 'NONE',  ( 9.975000000000001400, 1.000000000000000000, 13.47500000000000100 ) ) ;
#2253 = ORIENTED_EDGE ( 'NONE', *, *, #7697, .T. ) ;
#2254 = VECTOR ( 'NONE', #5845, 1000.000000000000000 ) ;
#2255 = VECTOR ( 'NONE', #2035, 1000.000000000000000 ) ;
#2256 = ORIENTED_EDGE ( 'NONE', *, *, #1536, .F. ) ;
#2257 = ADVANCED_FACE ( 'NONE', ( #3824 ), #2969, .F. ) ;
#2258 = ORIENTED_EDGE ( 'NONE', *, *, #6009, .T. ) ;
#2259 = EDGE_LOOP ( 'NONE', ( #1990, #1038, #7424, #6973 ) ) ;
#2260 = ORIENTED_EDGE ( 'NONE', *, *, #1116, .F. ) ;
#2261 = CARTESIAN_POINT ( 'NONE',  ( -8.255000000000132200, 0.0000000000000000000, 7.644999999999996900 ) ) ;
#2262 = EDGE_CURVE ( 'NONE', #5001, #1771, #5091, .T. ) ;
#2263 = CARTESIAN_POINT ( 'NONE',  ( 7.474999999999998800, 0.0000000000000000000, 7.204999999999999200 ) ) ;
#2264 = ORIENTED_EDGE ( 'NONE', *, *, #5254, .F. ) ;
#2265 = CARTESIAN_POINT ( 'NONE',  ( -1.905000000000000000, 1.350000000000000100, -12.59500000000000200 ) ) ;
#2266 = CARTESIAN_POINT ( 'NONE',  ( 7.474999999999998800, 1.000000000000000000, 7.204999999999999200 ) ) ;
#2267 = AXIS2_PLACEMENT_3D ( 'NONE', #7954, #3608, #5459 ) ;
#2268 = FACE_OUTER_BOUND ( 'NONE', #4515, .T. ) ;
#2269 = FILL_AREA_STYLE ('',( #6035 ) ) ;
#2270 = FACE_OUTER_BOUND ( 'NONE', #4593, .T. ) ;
#2271 = EDGE_LOOP ( 'NONE', ( #7043, #3204 ) ) ;
#2272 = AXIS2_PLACEMENT_3D ( 'NONE', #5258, #2695, #7135 ) ;
#2273 = FACE_OUTER_BOUND ( 'NONE', #7279, .T. ) ;
#2274 = AXIS2_PLACEMENT_3D ( 'NONE', #1428, #2689, #7102 ) ;
#2275 = CARTESIAN_POINT ( 'NONE',  ( 9.974999999999994300, 0.0000000000000000000, -8.035000000000003700 ) ) ;
#2276 = LINE ( 'NONE', #6888, #8096 ) ;
#2277 = EDGE_CURVE ( 'NONE', #5313, #5274, #5292, .T. ) ;
#2278 = ORIENTED_EDGE ( 'NONE', *, *, #6659, .T. ) ;
#2279 = CARTESIAN_POINT ( 'NONE',  ( 6.985000000000000300, 2.609976000000000100, 12.97500000000000000 ) ) ;
#2280 = CARTESIAN_POINT ( 'NONE',  ( -8.255000000000150000, 0.0000000000000000000, 3.014999999999998800 ) ) ;
#2281 = CARTESIAN_POINT ( 'NONE',  ( 7.474999999999998800, 0.0000000000000000000, 8.984999999999999400 ) ) ;
#2282 = VERTEX_POINT ( 'NONE', #3595 ) ;
#2283 = LINE ( 'NONE', #1149, #605 ) ;
#2284 = VECTOR ( 'NONE', #4286, 1000.000000000000000 ) ;
#2285 = CARTESIAN_POINT ( 'NONE',  ( 9.974999999999997900, 0.0000000000000000000, 11.52499999999999300 ) ) ;
#2286 = AXIS2_PLACEMENT_3D ( 'NONE', #5750, #3233, #7652 ) ;
#2287 = CARTESIAN_POINT ( 'NONE',  ( 0.0000000000000000000, 1.000000000000000000, 11.52500000000000000 ) ) ;
#2288 = CARTESIAN_POINT ( 'NONE',  ( -9.975000000000024500, 0.0000000000000000000, 2.125000000000000000 ) ) ;
#2289 = VECTOR ( 'NONE', #2903, 1000.000000000000000 ) ;
#2290 = ORIENTED_EDGE ( 'NONE', *, *, #2950, .F. ) ;
#2291 = FACE_BOUND ( 'NONE', #4417, .T. ) ;
#2292 = FACE_OUTER_BOUND ( 'NONE', #4540, .T. ) ;
#2293 = DIRECTION ( 'NONE',  ( 1.000000000000000000, 0.0000000000000000000, 0.0000000000000000000 ) ) ;
#2294 = DIRECTION ( 'NONE',  ( -1.000000000000000000, 0.0000000000000000000, 0.0000000000000000000 ) ) ;
#2295 = DIRECTION ( 'NONE',  ( 1.000000000000000000, 0.0000000000000000000, 0.0000000000000000000 ) ) ;
#2296 = CIRCLE ( 'NONE', #5541, 0.4500000000000002900 ) ;
#2297 = ADVANCED_FACE ( 'NONE', ( #6579 ), #767, .F. ) ;
#2298 = FACE_OUTER_BOUND ( 'NONE', #4503, .T. ) ;
#2299 = VECTOR ( 'NONE', #3753, 1000.000000000000000 ) ;
#2300 = ORIENTED_EDGE ( 'NONE', *, *, #5300, .F. ) ;
#2301 = FACE_OUTER_BOUND ( 'NONE', #7391, .T. ) ;
#2302 = FACE_OUTER_BOUND ( 'NONE', #7492, .T. ) ;
#2303 = EDGE_LOOP ( 'NONE', ( #457, #6389, #4764, #89 ) ) ;
#2304 = DIRECTION ( 'NONE',  ( 1.000000000000000000, 0.0000000000000000000, 0.0000000000000000000 ) ) ;
#2305 = DIRECTION ( 'NONE',  ( -0.0000000000000000000, -0.0000000000000000000, 1.000000000000000000 ) ) ;
#2306 = EDGE_CURVE ( 'NONE', #5424, #7371, #2146, .T. ) ;
#2307 = CARTESIAN_POINT ( 'NONE',  ( 7.474999999999995200, 0.0000000000000000000, -8.035000000000000100 ) ) ;
#2308 = EDGE_CURVE ( 'NONE', #2880, #3102, #5578, .T. ) ;
#2309 = FACE_OUTER_BOUND ( 'NONE', #2616, .T. ) ;
#2310 = VECTOR ( 'NONE', #6408, 1000.000000000000000 ) ;
#2311 = DIRECTION ( 'NONE',  ( 0.0000000000000000000, 1.000000000000000000, 0.0000000000000000000 ) ) ;
#2312 = ORIENTED_EDGE ( 'NONE', *, *, #1391, .T. ) ;
#2313 = CARTESIAN_POINT ( 'NONE',  ( -6.749644660940670200, 2.949999999999999700, -8.535000000000000100 ) ) ;
#2314 = DIRECTION ( 'NONE',  ( 0.0000000000000000000, 1.000000000000000000, -0.0000000000000000000 ) ) ;
#2315 = VECTOR ( 'NONE', #7938, 1000.000000000000000 ) ;
#2316 = CARTESIAN_POINT ( 'NONE',  ( 0.0000000000000000000, 1.000000000000000000, 0.0000000000000000000 ) ) ;
#2317 =( NAMED_UNIT ( * ) SI_UNIT ( $, .STERADIAN. ) SOLID_ANGLE_UNIT ( ) );
#2318 = ORIENTED_EDGE ( 'NONE', *, *, #7, .T. ) ;
#2319 =( NAMED_UNIT ( * ) PLANE_ANGLE_UNIT ( ) SI_UNIT ( $, .RADIAN. ) );
#2320 = AXIS2_PLACEMENT_3D ( 'NONE', #2402, #496, #8074 ) ;
#2321 = EDGE_CURVE ( 'NONE', #6455, #2441, #5793, .T. ) ;
#2322 = EDGE_CURVE ( 'NONE', #6189, #576, #2769, .T. ) ;
#2323 = VECTOR ( 'NONE', #2122, 1000.000000000000000 ) ;
#2324 = VERTEX_POINT ( 'NONE', #7285 ) ;
#2325 = ORIENTED_EDGE ( 'NONE', *, *, #2687, .T. ) ;
#2326 = DIRECTION ( 'NONE',  ( 0.0000000000000000000, 1.000000000000000000, 0.0000000000000000000 ) ) ;
#2327 = ORIENTED_EDGE ( 'NONE', *, *, #7840, .F. ) ;
#2328 = PLANE ( 'NONE',  #6927 ) ;
#2329 = CARTESIAN_POINT ( 'NONE',  ( 7.474999999999991700, 1.000000000000000000, 3.642432017676015700E-015 ) ) ;
#2330 = CYLINDRICAL_SURFACE ( 'NONE', #2906, 0.4499999999999999000 ) ;
#2331 = AXIS2_PLACEMENT_3D ( 'NONE', #4567, #5202, #1430 ) ;
#2332 = ORIENTED_EDGE ( 'NONE', *, *, #2757, .T. ) ;
#2333 = ORIENTED_EDGE ( 'NONE', *, *, #6659, .F. ) ;
#2334 = CARTESIAN_POINT ( 'NONE',  ( -6.784999999999997500, 2.949999999999999700, -8.285000000000003700 ) ) ;
#2335 = ORIENTED_EDGE ( 'NONE', *, *, #475, .T. ) ;
#2336 = ADVANCED_FACE ( 'NONE', ( #6109 ), #1045, .F. ) ;
#2337 = ORIENTED_EDGE ( 'NONE', *, *, #1083, .T. ) ;
#2338 = CARTESIAN_POINT ( 'NONE',  ( 0.0000000000000000000, 1.350000000000000100, -11.20500000000000200 ) ) ;
#2339 = MANIFOLD_SOLID_BREP ( 'Boss-Extrude3[8]', #6477 ) ;
#2340 = LINE ( 'NONE', #1332, #6776 ) ;
#2341 = DIRECTION ( 'NONE',  ( 0.0000000000000000000, 1.000000000000000000, 0.0000000000000000000 ) ) ;
#2342 = CARTESIAN_POINT ( 'NONE',  ( 0.0000000000000000000, 2.700000000000000200, 12.72500000000000000 ) ) ;
#2343 = ORIENTED_EDGE ( 'NONE', *, *, #2170, .F. ) ;
#2344 = EDGE_CURVE ( 'NONE', #8113, #4271, #5934, .T. ) ;
#2345 = CARTESIAN_POINT ( 'NONE',  ( 6.735000000000002100, 2.949999999999999700, -8.535000000000000100 ) ) ;
#2346 = LINE ( 'NONE', #243, #1657 ) ;
#2347 = DIRECTION ( 'NONE',  ( -1.000000000000000000, 0.0000000000000000000, 1.387778780781446500E-015 ) ) ;
#2348 = CARTESIAN_POINT ( 'NONE',  ( 9.975000000000001400, 1.000000000000000000, 1.365000000000000000 ) ) ;
#2349 = LINE ( 'NONE', #6211, #1848 ) ;
#2350 = DIRECTION ( 'NONE',  ( 0.0000000000000000000, 1.000000000000000000, 0.0000000000000000000 ) ) ;
#2351 = VERTEX_POINT ( 'NONE', #6783 ) ;
#2352 = ORIENTED_EDGE ( 'NONE', *, *, #1315, .F. ) ;
#2353 = EDGE_LOOP ( 'NONE', ( #194, #4487, #3751, #3450 ) ) ;
#2354 = ORIENTED_EDGE ( 'NONE', *, *, #2960, .F. ) ;
#2355 = VECTOR ( 'NONE', #5947, 1000.000000000000000 ) ;
#2356 = CARTESIAN_POINT ( 'NONE',  ( -6.734999999999998500, 2.700000000000000200, 12.72500000000000000 ) ) ;
#2357 = EDGE_LOOP ( 'NONE', ( #1366, #1872, #6143, #847 ) ) ;
#2358 = CARTESIAN_POINT ( 'NONE',  ( -9.975000000000015600, 0.0000000000000000000, 6.445000000000000300 ) ) ;
#2359 = EDGE_CURVE ( 'NONE', #2243, #3915, #4847, .T. ) ;
#2360 = CARTESIAN_POINT ( 'NONE',  ( 7.474999999999944600, 0.0000000000000000000, -5.495000000000007200 ) ) ;
#2361 = VERTEX_POINT ( 'NONE', #501 ) ;
#2362 = CARTESIAN_POINT ( 'NONE',  ( 1.322006219679567300E-016, 1.850000000000000100, -9.925500000000001300 ) ) ;
#2363 = ORIENTED_EDGE ( 'NONE', *, *, #5946, .F. ) ;
#2364 = DIRECTION ( 'NONE',  ( 0.0000000000000000000, 1.000000000000000000, 0.0000000000000000000 ) ) ;
#2365 = SURFACE_STYLE_FILL_AREA ( #3020 ) ;
#2366 = VERTEX_POINT ( 'NONE', #7441 ) ;
#2367 = DIRECTION ( 'NONE',  ( -0.0000000000000000000, -0.0000000000000000000, 1.000000000000000000 ) ) ;
#2368 = CARTESIAN_POINT ( 'NONE',  ( 0.0000000000000000000, 1.350000000000000100, -11.00500000000000100 ) ) ;
#2369 = CLOSED_SHELL ( 'NONE', ( #4360, #6544, #6420, #5582, #2742, #1342, #7668, #4474 ) ) ;
#2370 = FACE_OUTER_BOUND ( 'NONE', #3588, .T. ) ;
#2371 = DIRECTION ( 'NONE',  ( 0.0000000000000000000, 0.0000000000000000000, 1.000000000000000000 ) ) ;
#2372 = CARTESIAN_POINT ( 'NONE',  ( 6.785000000000001000, 2.700000000000000200, -8.285000000000000100 ) ) ;
#2373 = AXIS2_PLACEMENT_3D ( 'NONE', #7042, #3943, #6435 ) ;
#2374 = FACE_OUTER_BOUND ( 'NONE', #4154, .T. ) ;
#2375 = ORIENTED_EDGE ( 'NONE', *, *, #5696, .F. ) ;
#2376 = EDGE_CURVE ( 'NONE', #5666, #5981, #3769, .T. ) ;
#2377 = CARTESIAN_POINT ( 'NONE',  ( -6.784999999999997500, 2.949999999999999700, 12.72500000000000100 ) ) ;
#2378 = CARTESIAN_POINT ( 'NONE',  ( -9.974999999999997900, 1.000000000000000000, 13.47500000000000100 ) ) ;
#2379 = ADVANCED_FACE ( 'NONE', ( #7116 ), #5561, .T. ) ;
#2380 = VECTOR ( 'NONE', #7913, 1000.000000000000000 ) ;
#2381 = AXIS2_PLACEMENT_3D ( 'NONE', #6528, #162, #1489 ) ;
#2382 = AXIS2_PLACEMENT_3D ( 'NONE', #5838, #6495, #7698 ) ;
#2383 = CIRCLE ( 'NONE', #5819, 0.04999999999999969700 ) ;
#2384 = ORIENTED_EDGE ( 'NONE', *, *, #589, .T. ) ;
#2385 = VECTOR ( 'NONE', #3559, 1000.000000000000000 ) ;
#2386 = DIRECTION ( 'NONE',  ( -4.872818752743839300E-016, -0.0000000000000000000, -1.000000000000000000 ) ) ;
#2387 = EDGE_CURVE ( 'NONE', #5880, #5385, #7329, .T. ) ;
#2388 = CARTESIAN_POINT ( 'NONE',  ( -7.475000000000041400, 1.000000000000000000, -2.955000000000001000 ) ) ;
#2389 = CYLINDRICAL_SURFACE ( 'NONE', #2267, 1.199999999999999700 ) ;
#2390 = DIRECTION ( 'NONE',  ( 0.0000000000000000000, 1.000000000000000000, 0.0000000000000000000 ) ) ;
#2391 = PLANE ( 'NONE',  #6355 ) ;
#2392 = FACE_OUTER_BOUND ( 'NONE', #7762, .T. ) ;
#2393 = ORIENTED_EDGE ( 'NONE', *, *, #6244, .F. ) ;
#2394 =( LENGTH_UNIT ( ) NAMED_UNIT ( * ) SI_UNIT ( .MILLI., .METRE. ) );
#2395 = CARTESIAN_POINT ( 'NONE',  ( -9.975000000000060000, 1.000000000000000000, -6.254999999999999900 ) ) ;
#2396 = EDGE_CURVE ( 'NONE', #3890, #6861, #4554, .T. ) ;
#2397 = ORIENTED_EDGE ( 'NONE', *, *, #4090, .F. ) ;
#2398 = CARTESIAN_POINT ( 'NONE',  ( 7.474999999999995200, 0.0000000000000000000, -5.495000000000000100 ) ) ;
#2399 = PLANE ( 'NONE',  #6518 ) ;
#2400 = ADVANCED_FACE ( 'NONE', ( #26 ), #7516, .F. ) ;
#2402 = CARTESIAN_POINT ( 'NONE',  ( 6.985000000000000300, 2.609976000000000100, 12.97500000000000000 ) ) ;
#2401 = LINE ( 'NONE', #3787, #7517 ) ;
#2403 = EDGE_LOOP ( 'NONE', ( #7708, #1435, #3841, #4719 ) ) ;
#2404 = CARTESIAN_POINT ( 'NONE',  ( 6.735000000000002100, 2.700000000000000200, -8.535000000000000100 ) ) ;
#2405 = VERTEX_POINT ( 'NONE', #510 ) ;
#2406 = DIRECTION ( 'NONE',  ( -0.0000000000000000000, -0.0000000000000000000, -1.000000000000000000 ) ) ;
#2407 = LINE ( 'NONE', #8071, #7936 ) ;
#2408 = ORIENTED_EDGE ( 'NONE', *, *, #921, .T. ) ;
#2409 = CARTESIAN_POINT ( 'NONE',  ( 8.255000000000123400, 0.0000000000000000000, 11.08499999999999200 ) ) ;
#2410 = VECTOR ( 'NONE', #4060, 1000.000000000000000 ) ;
#2411 = CARTESIAN_POINT ( 'NONE',  ( 9.974999999999994300, 0.0000000000000000000, -8.035000000000003700 ) ) ;
#2412 = STYLED_ITEM ( 'NONE', ( #2784 ), #8100 ) ;
#2413 = EDGE_CURVE ( 'NONE', #7142, #6706, #1106, .T. ) ;
#2414 = LINE ( 'NONE', #5498, #6347 ) ;
#2415 = ORIENTED_EDGE ( 'NONE', *, *, #37, .F. ) ;
#2416 = ADVANCED_FACE ( 'NONE', ( #6219, #5733 ), #3007, .F. ) ;
#2417 = VECTOR ( 'NONE', #1134, 1000.000000000000000 ) ;
#2418 = CARTESIAN_POINT ( 'NONE',  ( 7.474999999999995200, 1.000000000000000000, -2.955000000000001000 ) ) ;
#2419 = DIRECTION ( 'NONE',  ( 0.0000000000000000000, 1.000000000000000000, 0.0000000000000000000 ) ) ;
#2420 = DIRECTION ( 'NONE',  ( 0.0000000000000000000, 0.0000000000000000000, -1.000000000000000000 ) ) ;
#2421 = ORIENTED_EDGE ( 'NONE', *, *, #154, .F. ) ;
#2422 = DIRECTION ( 'NONE',  ( 0.0000000000000000000, 1.000000000000000000, 6.938893903907233900E-015 ) ) ;
#2423 = CARTESIAN_POINT ( 'NONE',  ( -9.974999999999997900, 1.000000000000000000, 13.47500000000000100 ) ) ;
#2424 = LINE ( 'NONE', #7247, #350 ) ;
#2425 = DIRECTION ( 'NONE',  ( -0.0000000000000000000, 0.0000000000000000000, 1.000000000000000000 ) ) ;
#2426 = ORIENTED_EDGE ( 'NONE', *, *, #6074, .T. ) ;
#2427 = VERTEX_POINT ( 'NONE', #3668 ) ;
#2428 = AXIS2_PLACEMENT_3D ( 'NONE', #5016, #1894, #2506 ) ;
#2429 = ORIENTED_EDGE ( 'NONE', *, *, #1951, .F. ) ;
#2430 = EDGE_CURVE ( 'NONE', #2852, #5677, #1409, .T. ) ;
#2431 = EDGE_CURVE ( 'NONE', #6677, #1941, #719, .T. ) ;
#2432 = LINE ( 'NONE', #3122, #7263 ) ;
#2433 = ORIENTED_EDGE ( 'NONE', *, *, #5413, .F. ) ;
#2434 = VERTEX_POINT ( 'NONE', #3032 ) ;
#2435 = DIRECTION ( 'NONE',  ( -0.0000000000000000000, 1.000000000000000000, -0.0000000000000000000 ) ) ;
#2436 = VECTOR ( 'NONE', #7338, 1000.000000000000000 ) ;
#2437 = CYLINDRICAL_SURFACE ( 'NONE', #2683, 0.2000000000000005100 ) ;
#2438 = DIRECTION ( 'NONE',  ( 0.0000000000000000000, -1.000000000000000000, 0.0000000000000000000 ) ) ;
#2439 = ORIENTED_EDGE ( 'NONE', *, *, #2306, .F. ) ;
#2440 = ORIENTED_EDGE ( 'NONE', *, *, #5431, .T. ) ;
#2441 = VERTEX_POINT ( 'NONE', #3575 ) ;
#2442 = VERTEX_POINT ( 'NONE', #8007 ) ;
#2443 = DIRECTION ( 'NONE',  ( -4.872818752743839300E-016, -0.0000000000000000000, -1.000000000000000000 ) ) ;
#2444 =( NAMED_UNIT ( * ) PLANE_ANGLE_UNIT ( ) SI_UNIT ( $, .RADIAN. ) );
#2445 = ORIENTED_EDGE ( 'NONE', *, *, #506, .T. ) ;
#2446 = VECTOR ( 'NONE', #7755, 1000.000000000000000 ) ;
#2447 = LINE ( 'NONE', #6236, #3724 ) ;
#2448 = VERTEX_POINT ( 'NONE', #481 ) ;
#2449 = ORIENTED_EDGE ( 'NONE', *, *, #4234, .F. ) ;
#2450 = ORIENTED_EDGE ( 'NONE', *, *, #6928, .T. ) ;
#2451 = PLANE ( 'NONE',  #2791 ) ;
#2452 = VERTEX_POINT ( 'NONE', #6116 ) ;
#2453 = CARTESIAN_POINT ( 'NONE',  ( -6.734999999999998500, 2.700000000000000200, 12.77500000000000000 ) ) ;
#2454 = DIRECTION ( 'NONE',  ( -0.0000000000000000000, -1.000000000000000000, -0.0000000000000000000 ) ) ;
#2455 = SURFACE_STYLE_FILL_AREA ( #4377 ) ;
#2456 = ADVANCED_FACE ( 'NONE', ( #5840 ), #4956, .F. ) ;
#2457 = AXIS2_PLACEMENT_3D ( 'NONE', #4812, #4236, #6715 ) ;
#2458 = ADVANCED_FACE ( 'NONE', ( #4654 ), #450, .F. ) ;
#2459 = EDGE_CURVE ( 'NONE', #2844, #7749, #417, .T. ) ;
#2460 = LINE ( 'NONE', #1322, #1472 ) ;
#2461 = DIRECTION ( 'NONE',  ( -0.0000000000000000000, 1.000000000000000000, -0.0000000000000000000 ) ) ;
#2462 = VECTOR ( 'NONE', #3543, 1000.000000000000000 ) ;
#2463 = EDGE_CURVE ( 'NONE', #6628, #5983, #1212, .T. ) ;
#2464 = ORIENTED_EDGE ( 'NONE', *, *, #1277, .T. ) ;
#2465 = DIRECTION ( 'NONE',  ( -0.0000000000000000000, 1.000000000000000000, 0.0000000000000000000 ) ) ;
#2466 = DIRECTION ( 'NONE',  ( 1.000000000000000000, -0.0000000000000000000, 0.0000000000000000000 ) ) ;
#2467 = FACE_OUTER_BOUND ( 'NONE', #2250, .T. ) ;
#2468 = VECTOR ( 'NONE', #722, 1000.000000000000000 ) ;
#2469 = CARTESIAN_POINT ( 'NONE',  ( 1.322006219679566500E-016, 1.850000000000000100, -12.08450000000000000 ) ) ;
#2470 = DIRECTION ( 'NONE',  ( -4.872818752743839300E-016, -0.0000000000000000000, -1.000000000000000000 ) ) ;
#2471 = ORIENTED_EDGE ( 'NONE', *, *, #2763, .T. ) ;
#2472 = DIRECTION ( 'NONE',  ( 0.0000000000000000000, 0.0000000000000000000, 1.000000000000000000 ) ) ;
#2473 = VERTEX_POINT ( 'NONE', #6762 ) ;
#2474 = LINE ( 'NONE', #2285, #509 ) ;
#2475 = PRESENTATION_LAYER_ASSIGNMENT (  '', '', ( #1631 ) ) ;
#2476 = VECTOR ( 'NONE', #2390, 1000.000000000000000 ) ;
#2477 = EDGE_CURVE ( 'NONE', #6671, #3031, #2485, .T. ) ;
#2478 = DIRECTION ( 'NONE',  ( -0.0000000000000000000, 0.0000000000000000000, 1.000000000000000000 ) ) ;
#2479 = DIRECTION ( 'NONE',  ( 0.0000000000000000000, 0.0000000000000000000, 1.000000000000000000 ) ) ;
#2480 = CARTESIAN_POINT ( 'NONE',  ( -1.905000000000000000, 1.350000000000000100, -9.415000000000000900 ) ) ;
#2481 = LINE ( 'NONE', #1743, #811 ) ;
#2482 = PRESENTATION_STYLE_ASSIGNMENT (( #1092 ) ) ;
#2483 = AXIS2_PLACEMENT_3D ( 'NONE', #4823, #7363, #8000 ) ;
#2484 = ADVANCED_FACE ( 'NONE', ( #7725 ), #7478, .F. ) ;
#2485 = CIRCLE ( 'NONE', #1891, 0.4499999999999999000 ) ;
#2486 = CARTESIAN_POINT ( 'NONE',  ( 7.474999999999995200, 1.000000000000000000, 3.905000000000000700 ) ) ;
#2487 = DIRECTION ( 'NONE',  ( 1.445602896647339500E-015, 0.0000000000000000000, 1.000000000000000000 ) ) ;
#2488 = ADVANCED_FACE ( 'NONE', ( #4171, #1009 ), #8031, .F. ) ;
#2489 = AXIS2_PLACEMENT_3D ( 'NONE', #1613, #6656, #2198 ) ;
#2490 = VECTOR ( 'NONE', #5386, 1000.000000000000000 ) ;
#2491 = CARTESIAN_POINT ( 'NONE',  ( -8.255000000000185500, 1.000000000000000000, -6.695000000000002100 ) ) ;
#2492 = EDGE_LOOP ( 'NONE', ( #3440, #4166, #6085, #3314 ) ) ;
#2493 = EDGE_CURVE ( 'NONE', #4689, #4548, #3361, .T. ) ;
#2494 = ADVANCED_FACE ( 'NONE', ( #3976 ), #5938, .T. ) ;
#2495 = CARTESIAN_POINT ( 'NONE',  ( 7.474999999999934800, 0.0000000000000000000, -8.035000000000007200 ) ) ;
#2496 = VECTOR ( 'NONE', #1336, 1000.000000000000000 ) ;
#2497 = CARTESIAN_POINT ( 'NONE',  ( 0.0000000000000000000, 1.000000000000000000, -6.255000000000007000 ) ) ;
#2498 = DIRECTION ( 'NONE',  ( -0.0000000000000000000, -1.000000000000000000, 0.0000000000000000000 ) ) ;
#2499 = CARTESIAN_POINT ( 'NONE',  ( -8.255000000000176600, 0.0000000000000000000, -4.155000000000001100 ) ) ;
#2500 = VERTEX_POINT ( 'NONE', #4670 ) ;
#2501 = DIRECTION ( 'NONE',  ( 0.0000000000000000000, 1.000000000000000000, 0.0000000000000000000 ) ) ;
#2502 = VERTEX_POINT ( 'NONE', #7869 ) ;
#2503 = EDGE_CURVE ( 'NONE', #6218, #5284, #2579, .T. ) ;
#2504 = VECTOR ( 'NONE', #1700, 1000.000000000000000 ) ;
#2505 = CYLINDRICAL_SURFACE ( 'NONE', #3472, 0.2000000000000005100 ) ;
#2506 = DIRECTION ( 'NONE',  ( 0.0000000000000000000, 0.0000000000000000000, 1.000000000000000000 ) ) ;
#2507 = ORIENTED_EDGE ( 'NONE', *, *, #1591, .T. ) ;
#2508 = DIRECTION ( 'NONE',  ( 0.0000000000000000000, 0.0000000000000000000, -1.000000000000000000 ) ) ;
#2509 = DIRECTION ( 'NONE',  ( -1.000000000000000000, 0.0000000000000000000, 1.387778780781446500E-015 ) ) ;
#2510 = AXIS2_PLACEMENT_3D ( 'NONE', #6948, #5161, #4526 ) ;
#2511 = VECTOR ( 'NONE', #303, 1000.000000000000000 ) ;
#2512 = DIRECTION ( 'NONE',  ( 0.0000000000000000000, 1.000000000000000000, 0.0000000000000000000 ) ) ;
#2513 = ORIENTED_EDGE ( 'NONE', *, *, #7378, .T. ) ;
#2514 = ORIENTED_EDGE ( 'NONE', *, *, #7185, .F. ) ;
#2515 = DIRECTION ( 'NONE',  ( -0.0000000000000000000, -1.000000000000000000, 0.0000000000000000000 ) ) ;
#2516 = DIRECTION ( 'NONE',  ( -0.0000000000000000000, -1.000000000000000000, 0.0000000000000000000 ) ) ;
#2517 = CLOSED_SHELL ( 'NONE', ( #5723, #220, #5134, #2043, #1863, #2003, #4255, #731 ) ) ;
#2518 = AXIS2_PLACEMENT_3D ( 'NONE', #3996, #4653, #4029 ) ;
#2519 = CARTESIAN_POINT ( 'NONE',  ( 0.0000000000000000000, 0.0000000000000000000, -5.495000000000000100 ) ) ;
#2520 = DIRECTION ( 'NONE',  ( 0.0000000000000000000, 0.0000000000000000000, -1.000000000000000000 ) ) ;
#2521 = EDGE_CURVE ( 'NONE', #3027, #3302, #6922, .T. ) ;
#2522 = DIRECTION ( 'NONE',  ( 0.0000000000000000000, -0.0000000000000000000, 1.000000000000000000 ) ) ;
#2523 = EDGE_LOOP ( 'NONE', ( #6947, #484, #6104, #3113 ) ) ;
#2524 = VERTEX_POINT ( 'NONE', #925 ) ;
#2525 = ORIENTED_EDGE ( 'NONE', *, *, #7448, .T. ) ;
#2526 = ORIENTED_EDGE ( 'NONE', *, *, #5112, .T. ) ;
#2527 = DIRECTION ( 'NONE',  ( 4.872818752743839300E-016, 0.0000000000000000000, 1.000000000000000000 ) ) ;
#2528 = AXIS2_PLACEMENT_3D ( 'NONE', #7578, #8186, #2527 ) ;
#2529 = LINE ( 'NONE', #4424, #7768 ) ;
#2530 = ADVANCED_FACE ( 'NONE', ( #4362 ), #4077, .F. ) ;
#2531 = ORIENTED_EDGE ( 'NONE', *, *, #5332, .T. ) ;
#2532 = AXIS2_PLACEMENT_3D ( 'NONE', #6041, #1744, #7348 ) ;
#2533 = EDGE_CURVE ( 'NONE', #8046, #7694, #2296, .T. ) ;
#2534 = CARTESIAN_POINT ( 'NONE',  ( -8.254999999999961700, 0.0000000000000000000, 10.18500000000015300 ) ) ;
#2535 = ADVANCED_FACE ( 'NONE', ( #7419 ), #4759, .F. ) ;
#2536 = VECTOR ( 'NONE', #6004, 1000.000000000000000 ) ;
#2537 = FACE_OUTER_BOUND ( 'NONE', #7213, .T. ) ;
#2538 = VERTEX_POINT ( 'NONE', #3986 ) ;
#2539 = CARTESIAN_POINT ( 'NONE',  ( 8.255000000000078900, 1.000000000000000000, -2.515000000000009900 ) ) ;
#2540 = ORIENTED_EDGE ( 'NONE', *, *, #7910, .T. ) ;
#2541 = ORIENTED_EDGE ( 'NONE', *, *, #3606, .F. ) ;
#2542 = ORIENTED_EDGE ( 'NONE', *, *, #667, .T. ) ;
#2543 = ORIENTED_EDGE ( 'NONE', *, *, #2560, .F. ) ;
#2544 = AXIS2_PLACEMENT_3D ( 'NONE', #7001, #6279, #2509 ) ;
#2545 = EDGE_CURVE ( 'NONE', #859, #4990, #5241, .T. ) ;
#2546 = DIRECTION ( 'NONE',  ( 4.872818752743839300E-016, 0.0000000000000000000, 1.000000000000000000 ) ) ;
#2547 = VERTEX_POINT ( 'NONE', #4615 ) ;
#2548 = FACE_OUTER_BOUND ( 'NONE', #2036, .T. ) ;
#2549 = CARTESIAN_POINT ( 'NONE',  ( -9.974999999999997900, 0.0000000000000000000, 9.745000000000001000 ) ) ;
#2550 = ORIENTED_EDGE ( 'NONE', *, *, #435, .F. ) ;
#2551 = ORIENTED_EDGE ( 'NONE', *, *, #1071, .F. ) ;
#2552 = CARTESIAN_POINT ( 'NONE',  ( -9.974999999999997900, 1.000000000000000000, -13.47499999999999800 ) ) ;
#2553 = LINE ( 'NONE', #5471, #3732 ) ;
#2554 = ORIENTED_EDGE ( 'NONE', *, *, #1477, .T. ) ;
#2555 = CARTESIAN_POINT ( 'NONE',  ( 7.474999999999961500, 0.0000000000000000000, -0.4150000000000073600 ) ) ;
#2556 = FACE_OUTER_BOUND ( 'NONE', #277, .T. ) ;
#2557 = VECTOR ( 'NONE', #7644, 1000.000000000000000 ) ;
#2558 = VERTEX_POINT ( 'NONE', #3454 ) ;
#2559 = AXIS2_PLACEMENT_3D ( 'NONE', #1034, #1120, #1691 ) ;
#2560 = EDGE_CURVE ( 'NONE', #1499, #5284, #1882, .T. ) ;
#2561 = DIRECTION ( 'NONE',  ( 0.0000000000000000000, 0.0000000000000000000, 1.000000000000000000 ) ) ;
#2562 = CIRCLE ( 'NONE', #7889, 0.4499999999999999000 ) ;
#2563 = CARTESIAN_POINT ( 'NONE',  ( 7.474999999999995200, 0.0000000000000000000, -0.4150000000000004200 ) ) ;
#2564 = EDGE_CURVE ( 'NONE', #7034, #7576, #7819, .T. ) ;
#2565 = DIRECTION ( 'NONE',  ( -0.0000000000000000000, -0.0000000000000000000, -1.000000000000000000 ) ) ;
#2566 = LINE ( 'NONE', #5741, #897 ) ;
#2567 = ORIENTED_EDGE ( 'NONE', *, *, #3224, .T. ) ;
#2568 = VECTOR ( 'NONE', #7716, 1000.000000000000000 ) ;
#2569 = DIRECTION ( 'NONE',  ( 0.0000000000000000000, 1.000000000000000000, 0.0000000000000000000 ) ) ;
#2570 = ORIENTED_EDGE ( 'NONE', *, *, #4358, .T. ) ;
#2571 = VECTOR ( 'NONE', #1205, 1000.000000000000100 ) ;
#2572 = CARTESIAN_POINT ( 'NONE',  ( 8.255000000000087800, 0.0000000000000000000, 0.4749999999999910400 ) ) ;
#2573 = DIRECTION ( 'NONE',  ( 0.0000000000000000000, 0.0000000000000000000, 1.000000000000000000 ) ) ;
#2574 = ORIENTED_EDGE ( 'NONE', *, *, #6817, .F. ) ;
#2575 = ADVANCED_FACE ( 'NONE', ( #2392 ), #7920, .F. ) ;
#2576 = CARTESIAN_POINT ( 'NONE',  ( 8.255000000000078900, 0.0000000000000000000, -2.515000000000009900 ) ) ;
#2577 = SURFACE_STYLE_USAGE ( .BOTH. , #3823 ) ;
#2578 = AXIS2_PLACEMENT_3D ( 'NONE', #5642, #3210, #6267 ) ;
#2579 = LINE ( 'NONE', #7235, #2676 ) ;
#2580 = CARTESIAN_POINT ( 'NONE',  ( 8.255000000000061200, 0.0000000000000000000, -7.595000000000008600 ) ) ;
#2581 = ORIENTED_EDGE ( 'NONE', *, *, #4460, .T. ) ;
#2582 = VECTOR ( 'NONE', #7560, 1000.000000000000000 ) ;
#2583 = EDGE_CURVE ( 'NONE', #1254, #6924, #4453, .T. ) ;
#2584 = EDGE_CURVE ( 'NONE', #57, #6039, #1298, .T. ) ;
#2585 = CARTESIAN_POINT ( 'NONE',  ( -8.255000000000167800, 0.0000000000000000000, -1.615000000000002200 ) ) ;
#2586 = ORIENTED_EDGE ( 'NONE', *, *, #4608, .T. ) ;
#2587 = CARTESIAN_POINT ( 'NONE',  ( -9.974999999999997900, 0.0000000000000000000, 11.52500000000000000 ) ) ;
#2588 = UNCERTAINTY_MEASURE_WITH_UNIT (LENGTH_MEASURE( 1.000000000000000100E-005 ), #7898, 'distance_accuracy_value', 'NONE');
#2589 = CIRCLE ( 'NONE', #6305, 0.4499999999999999000 ) ;
#2590 = CARTESIAN_POINT ( 'NONE',  ( 9.975000000000001400, 0.0000000000000000000, -6.254999999999999900 ) ) ;
#2591 = ORIENTED_EDGE ( 'NONE', *, *, #2039, .F. ) ;
#2592 = AXIS2_PLACEMENT_3D ( 'NONE', #5094, #7612, #7585 ) ;
#2593 = AXIS2_PLACEMENT_3D ( 'NONE', #3687, #1103, #2425 ) ;
#2594 = CARTESIAN_POINT ( 'NONE',  ( -10.77992235650404500, 0.0000000000000000000, 5.554999999999999700 ) ) ;
#2595 = FILL_AREA_STYLE ('',( #1354 ) ) ;
#2596 = PLANE ( 'NONE',  #3483 ) ;
#2597 = CARTESIAN_POINT ( 'NONE',  ( 7.474999999999995200, 0.0000000000000000000, 2.125000000000000000 ) ) ;
#2598 = VECTOR ( 'NONE', #3238, 1000.000000000000000 ) ;
#2599 = CARTESIAN_POINT ( 'NONE',  ( 0.0000000000000000000, 0.0000000000000000000, 9.744999999999993900 ) ) ;
#2600 = VECTOR ( 'NONE', #7273, 1000.000000000000000 ) ;
#2601 = DIRECTION ( 'NONE',  ( 1.000000000000000000, 0.0000000000000000000, 0.0000000000000000000 ) ) ;
#2602 = EDGE_CURVE ( 'NONE', #5928, #5002, #6429, .T. ) ;
#2603 = CARTESIAN_POINT ( 'NONE',  ( 6.735000000000002100, 2.700000000000000200, -8.535000000000000100 ) ) ;
#2604 = ORIENTED_EDGE ( 'NONE', *, *, #6384, .T. ) ;
#2605 = CARTESIAN_POINT ( 'NONE',  ( 7.474999999999988100, 1.000000000000000000, 8.984999999999992300 ) ) ;
#2606 = DIRECTION ( 'NONE',  ( 0.0000000000000000000, 0.0000000000000000000, 1.000000000000000000 ) ) ;
#2607 = DIRECTION ( 'NONE',  ( 0.0000000000000000000, 0.0000000000000000000, -1.000000000000000000 ) ) ;
#2608 = VECTOR ( 'NONE', #2968, 1000.000000000000000 ) ;
#2609 = CARTESIAN_POINT ( 'NONE',  ( -6.734999999999998500, 2.949999999999999700, 12.72500000000000100 ) ) ;
#2610 = EDGE_CURVE ( 'NONE', #729, #3307, #3161, .T. ) ;
#2611 = EDGE_LOOP ( 'NONE', ( #3931, #5154, #947, #3037 ) ) ;
#2612 = VERTEX_POINT ( 'NONE', #6040 ) ;
#2613 = ADVANCED_FACE ( 'NONE', ( #8014 ), #2328, .F. ) ;
#2614 = VECTOR ( 'NONE', #333, 1000.000000000000000 ) ;
#2615 = CARTESIAN_POINT ( 'NONE',  ( 0.0000000000000000000, 1.000000000000000000, 0.0000000000000000000 ) ) ;
#2616 = EDGE_LOOP ( 'NONE', ( #7618, #5991, #5715, #7292 ) ) ;
#2617 = ORIENTED_EDGE ( 'NONE', *, *, #13, .T. ) ;
#2618 = CARTESIAN_POINT ( 'NONE',  ( -7.475000000000050300, 0.0000000000000000000, -5.495000000000000100 ) ) ;
#2619 = EDGE_LOOP ( 'NONE', ( #7020, #1797, #3916, #1052 ) ) ;
#2620 = CARTESIAN_POINT ( 'NONE',  ( 6.985000000000000300, 2.700000000000000200, 12.97500000000000000 ) ) ;
#2621 = CIRCLE ( 'NONE', #6328, 0.04999999999999969700 ) ;
#2622 = CARTESIAN_POINT ( 'NONE',  ( -7.475000000000050300, 1.000000000000000000, -5.495000000000000100 ) ) ;
#2623 = ORIENTED_EDGE ( 'NONE', *, *, #4263, .T. ) ;
#2624 = AXIS2_PLACEMENT_3D ( 'NONE', #1369, #5856, #179 ) ;
#2625 = ORIENTED_EDGE ( 'NONE', *, *, #6945, .T. ) ;
#2626 = EDGE_CURVE ( 'NONE', #5880, #6767, #1692, .T. ) ;
#2627 = DIRECTION ( 'NONE',  ( 1.000000000000000000, -0.0000000000000000000, 0.0000000000000000000 ) ) ;
#2628 = VECTOR ( 'NONE', #2805, 1000.000000000000000 ) ;
#2629 = VECTOR ( 'NONE', #1015, 1000.000000000000000 ) ;
#2630 = VERTEX_POINT ( 'NONE', #4204 ) ;
#2631 = CARTESIAN_POINT ( 'NONE',  ( -6.749644660940670200, 2.609976000000000100, 12.77500000000000000 ) ) ;
#2632 = ORIENTED_EDGE ( 'NONE', *, *, #1934, .F. ) ;
#2633 = ORIENTED_EDGE ( 'NONE', *, *, #6433, .T. ) ;
#2634 = CARTESIAN_POINT ( 'NONE',  ( -6.984999999999997700, 2.700000000000000200, -8.535000000000000100 ) ) ;
#2635 = CARTESIAN_POINT ( 'NONE',  ( 0.0000000000000000000, 0.0000000000000000000, 0.0000000000000000000 ) ) ;
#2636 = AXIS2_PLACEMENT_3D ( 'NONE', #1075, #4146, #5473 ) ;
#2637 = CARTESIAN_POINT ( 'NONE',  ( 8.255000000000114500, 1.000000000000000000, 8.544999999999991000 ) ) ;
#2638 = EDGE_LOOP ( 'NONE', ( #4317, #2777, #5159, #5893 ) ) ;
#2639 = LINE ( 'NONE', #3436, #2836 ) ;
#2640 = VECTOR ( 'NONE', #4486, 1000.000000000000000 ) ;
#2641 = VERTEX_POINT ( 'NONE', #4723 ) ;
#2642 = VERTEX_POINT ( 'NONE', #8008 ) ;
#2643 = ORIENTED_EDGE ( 'NONE', *, *, #1344, .T. ) ;
#2644 = VERTEX_POINT ( 'NONE', #6541 ) ;
#2645 = VECTOR ( 'NONE', #6105, 1000.000000000000000 ) ;
#2646 = CARTESIAN_POINT ( 'NONE',  ( 9.975000000000001400, 1.000000000000000000, 13.47500000000000100 ) ) ;
#2647 = VERTEX_POINT ( 'NONE', #4128 ) ;
#2648 = AXIS2_PLACEMENT_3D ( 'NONE', #2599, #3229, #5713 ) ;
#2649 = EDGE_CURVE ( 'NONE', #3051, #4658, #5624, .T. ) ;
#2650 = PLANE ( 'NONE',  #8177 ) ;
#2651 = LINE ( 'NONE', #3657, #982 ) ;
#2652 = LINE ( 'NONE', #809, #488 ) ;
#2653 = CARTESIAN_POINT ( 'NONE',  ( 7.474999999999995200, 0.0000000000000000000, 1.365000000000000000 ) ) ;
#2654 = DIRECTION ( 'NONE',  ( -1.000000000000000000, 0.0000000000000000000, 0.0000000000000000000 ) ) ;
#2655 = VERTEX_POINT ( 'NONE', #4752 ) ;
#2656 = DIRECTION ( 'NONE',  ( -1.000000000000000000, 0.0000000000000000000, 0.0000000000000000000 ) ) ;
#2657 = CARTESIAN_POINT ( 'NONE',  ( 6.735000000000002100, 2.609976000000000100, 12.97500000000000000 ) ) ;
#2658 = LINE ( 'NONE', #6191, #4434 ) ;
#2659 = CARTESIAN_POINT ( 'NONE',  ( 7.474999999999998800, 0.0000000000000000000, 11.52500000000000000 ) ) ;
#2660 = LINE ( 'NONE', #2497, #3747 ) ;
#2661 = EDGE_CURVE ( 'NONE', #1117, #2243, #3058, .T. ) ;
#2662 = VERTEX_POINT ( 'NONE', #1005 ) ;
#2663 = CARTESIAN_POINT ( 'NONE',  ( -7.474999999999997000, 0.0000000000000000000, 9.745000000000001000 ) ) ;
#2664 = DIRECTION ( 'NONE',  ( 0.0000000000000000000, 0.0000000000000000000, -1.000000000000000000 ) ) ;
#2665 = FACE_OUTER_BOUND ( 'NONE', #7062, .T. ) ;
#2666 = VECTOR ( 'NONE', #7410, 1000.000000000000000 ) ;
#2667 = EDGE_CURVE ( 'NONE', #7061, #2434, #5137, .T. ) ;
#2668 = FACE_OUTER_BOUND ( 'NONE', #7030, .T. ) ;
#2669 = CARTESIAN_POINT ( 'NONE',  ( -7.475000000000055600, 0.0000000000000000000, 3.642432017676047300E-015 ) ) ;
#2670 = CARTESIAN_POINT ( 'NONE',  ( -6.984999999999997700, 2.949999999999999700, 12.73964466094067300 ) ) ;
#2671 = EDGE_LOOP ( 'NONE', ( #973, #1570, #4125, #4044 ) ) ;
#2672 = ORIENTED_EDGE ( 'NONE', *, *, #153, .T. ) ;
#2673 = VECTOR ( 'NONE', #5907, 1000.000000000000000 ) ;
#2674 = AXIS2_PLACEMENT_3D ( 'NONE', #690, #4351, #4376 ) ;
#2675 = CARTESIAN_POINT ( 'NONE',  ( -7.475000000000060000, 0.0000000000000000000, -8.035000000000000100 ) ) ;
#2676 = VECTOR ( 'NONE', #901, 1000.000000000000000 ) ;
#2677 = LINE ( 'NONE', #7430, #7428 ) ;
#2678 = CARTESIAN_POINT ( 'NONE',  ( -9.975000000000051200, 0.0000000000000000000, -3.714999999999999400 ) ) ;
#2679 = PLANE ( 'NONE',  #940 ) ;
#2680 = ORIENTED_EDGE ( 'NONE', *, *, #7262, .T. ) ;
#2681 = CARTESIAN_POINT ( 'NONE',  ( -7.475000000000025400, 0.0000000000000000000, 3.642432017676032300E-015 ) ) ;
#2682 =( GEOMETRIC_REPRESENTATION_CONTEXT ( 3 ) GLOBAL_UNCERTAINTY_ASSIGNED_CONTEXT ( ( #5160 ) ) GLOBAL_UNIT_ASSIGNED_CONTEXT ( ( #607, #54, #6910 ) ) REPRESENTATION_CONTEXT ( 'NONE', 'WORKASPACE' ) );
#2683 = AXIS2_PLACEMENT_3D ( 'NONE', #6720, #3013, #4185 ) ;
#2684 = PLANE ( 'NONE',  #7525 ) ;
#2685 = VECTOR ( 'NONE', #3509, 1000.000000000000000 ) ;
#2686 = AXIS2_PLACEMENT_3D ( 'NONE', #3482, #5354, #4671 ) ;
#2687 = EDGE_CURVE ( 'NONE', #953, #6447, #3662, .T. ) ;
#2688 = VERTEX_POINT ( 'NONE', #3532 ) ;
#2689 = DIRECTION ( 'NONE',  ( 0.0000000000000000000, 1.000000000000000000, -0.0000000000000000000 ) ) ;
#2690 = CARTESIAN_POINT ( 'NONE',  ( 8.255000000000061200, 0.0000000000000000000, -7.595000000000008600 ) ) ;
#2691 = DIRECTION ( 'NONE',  ( 1.000000000000000000, 0.0000000000000000000, 0.0000000000000000000 ) ) ;
#2692 = AXIS2_PLACEMENT_3D ( 'NONE', #3891, #6460, #3317 ) ;
#2693 = LINE ( 'NONE', #1507, #4184 ) ;
#2694 = ORIENTED_EDGE ( 'NONE', *, *, #5915, .T. ) ;
#2695 = DIRECTION ( 'NONE',  ( -0.0000000000000000000, 0.0000000000000000000, 1.000000000000000000 ) ) ;
#2696 = DIRECTION ( 'NONE',  ( 0.0000000000000000000, 0.0000000000000000000, 1.000000000000000000 ) ) ;
#2697 = DIRECTION ( 'NONE',  ( -4.872818752743839300E-016, -0.0000000000000000000, -1.000000000000000000 ) ) ;
#2698 = ADVANCED_FACE ( 'NONE', ( #7015 ), #948, .F. ) ;
#2699 = ORIENTED_EDGE ( 'NONE', *, *, #6382, .F. ) ;
#2700 = LINE ( 'NONE', #3714, #5771 ) ;
#2701 = LINE ( 'NONE', #7147, #1232 ) ;
#2702 = VERTEX_POINT ( 'NONE', #6091 ) ;
#2703 = PLANE ( 'NONE',  #4768 ) ;
#2704 = DIRECTION ( 'NONE',  ( 0.0000000000000000000, 1.000000000000000000, 0.0000000000000000000 ) ) ;
#2705 = FACE_OUTER_BOUND ( 'NONE', #8080, .T. ) ;
#2706 = CARTESIAN_POINT ( 'NONE',  ( -9.974999999999997900, 1.000000000000000000, 13.47500000000000100 ) ) ;
#2707 = VERTEX_POINT ( 'NONE', #5458 ) ;
#2708 = ORIENTED_EDGE ( 'NONE', *, *, #5646, .F. ) ;
#2709 = VERTEX_POINT ( 'NONE', #5410 ) ;
#2710 = DIRECTION ( 'NONE',  ( -1.000000000000000000, 0.0000000000000000000, -0.0000000000000000000 ) ) ;
#2711 = AXIS2_PLACEMENT_3D ( 'NONE', #5858, #2080, #7718 ) ;
#2712 = EDGE_CURVE ( 'NONE', #3501, #7977, #3969, .T. ) ;
#2713 = VECTOR ( 'NONE', #7843, 1000.000000000000000 ) ;
#2714 = CARTESIAN_POINT ( 'NONE',  ( 7.474999999999998800, 0.0000000000000000000, 9.745000000000001000 ) ) ;
#2715 = ORIENTED_EDGE ( 'NONE', *, *, #898, .F. ) ;
#2716 = VERTEX_POINT ( 'NONE', #7904 ) ;
#2717 = ORIENTED_EDGE ( 'NONE', *, *, #4580, .T. ) ;
#2718 = EDGE_CURVE ( 'NONE', #4909, #7293, #1001, .T. ) ;
#2719 = ORIENTED_EDGE ( 'NONE', *, *, #4851, .F. ) ;
#2720 = FACE_OUTER_BOUND ( 'NONE', #5970, .T. ) ;
#2721 = CARTESIAN_POINT ( 'NONE',  ( -6.984999999999997700, 2.609976000000000100, 12.77500000000000000 ) ) ;
#2722 = ORIENTED_EDGE ( 'NONE', *, *, #3047, .T. ) ;
#2723 = DIRECTION ( 'NONE',  ( -1.000000000000000000, 0.0000000000000000000, -0.0000000000000000000 ) ) ;
#2724 = ORIENTED_EDGE ( 'NONE', *, *, #956, .T. ) ;
#2725 = ORIENTED_EDGE ( 'NONE', *, *, #4014, .F. ) ;
#2726 = VERTEX_POINT ( 'NONE', #2252 ) ;
#2727 = CARTESIAN_POINT ( 'NONE',  ( 0.0000000000000000000, 1.000000000000000000, 0.0000000000000000000 ) ) ;
#2728 = CIRCLE ( 'NONE', #4229, 0.4500000000000001800 ) ;
#2729 = AXIS2_PLACEMENT_3D ( 'NONE', #4922, #1757, #4484 ) ;
#2730 = CARTESIAN_POINT ( 'NONE',  ( 10.77992235650396500, 0.0000000000000000000, -7.145000000000007600 ) ) ;
#2731 = ORIENTED_EDGE ( 'NONE', *, *, #2477, .F. ) ;
#2732 = ORIENTED_EDGE ( 'NONE', *, *, #6726, .F. ) ;
#2733 = ORIENTED_EDGE ( 'NONE', *, *, #5432, .F. ) ;
#2734 = ORIENTED_EDGE ( 'NONE', *, *, #2850, .T. ) ;
#2735 = EDGE_CURVE ( 'NONE', #4320, #1240, #3758, .T. ) ;
#2736 = EDGE_CURVE ( 'NONE', #5666, #4989, #6421, .T. ) ;
#2737 = CARTESIAN_POINT ( 'NONE',  ( 0.0000000000000000000, 0.0000000000000000000, -6.254999999999999900 ) ) ;
#2738 = CARTESIAN_POINT ( 'NONE',  ( 6.735000000000002100, 2.700000000000000200, 12.72500000000000000 ) ) ;
#2739 = ORIENTED_EDGE ( 'NONE', *, *, #588, .T. ) ;
#2740 = LINE ( 'NONE', #2345, #2846 ) ;
#2741 = DIRECTION ( 'NONE',  ( 1.000000000000000000, -0.0000000000000000000, -0.0000000000000000000 ) ) ;
#2742 = ADVANCED_FACE ( 'NONE', ( #2668 ), #5232, .F. ) ;
#2743 = DIRECTION ( 'NONE',  ( 0.0000000000000000000, 1.000000000000000000, 0.0000000000000000000 ) ) ;
#2744 = MECHANICAL_DESIGN_GEOMETRIC_PRESENTATION_REPRESENTATION (  '', ( #1745 ), #3872 ) ;
#2745 = VERTEX_POINT ( 'NONE', #1639 ) ;
#2746 = STYLED_ITEM ( 'NONE', ( #1144 ), #5773 ) ;
#2747 = DIRECTION ( 'NONE',  ( 0.0000000000000000000, -1.000000000000000000, 0.0000000000000000000 ) ) ;
#2748 = CIRCLE ( 'NONE', #7343, 1.199999999999999700 ) ;
#2749 = ORIENTED_EDGE ( 'NONE', *, *, #7118, .F. ) ;
#2750 = CARTESIAN_POINT ( 'NONE',  ( -9.974999999999997900, 0.0000000000000000000, -13.47499999999999800 ) ) ;
#2751 = CIRCLE ( 'NONE', #6212, 0.4500000000000007300 ) ;
#2752 = CARTESIAN_POINT ( 'NONE',  ( -9.975000000000051200, 0.0000000000000000000, -5.495000000000000100 ) ) ;
#2753 = CARTESIAN_POINT ( 'NONE',  ( -8.255000000000185500, 0.0000000000000000000, -6.695000000000002100 ) ) ;
#2754 = CARTESIAN_POINT ( 'NONE',  ( -9.974999999999997900, 1.000000000000000000, -13.47499999999999800 ) ) ;
#2755 = LINE ( 'NONE', #7621, #1081 ) ;
#2756 = ORIENTED_EDGE ( 'NONE', *, *, #4280, .F. ) ;
#2757 = EDGE_CURVE ( 'NONE', #7764, #687, #408, .T. ) ;
#2758 = DIRECTION ( 'NONE',  ( 0.0000000000000000000, 0.0000000000000000000, 1.000000000000000000 ) ) ;
#2759 = VECTOR ( 'NONE', #1496, 1000.000000000000000 ) ;
#2760 = CARTESIAN_POINT ( 'NONE',  ( 6.735000000000000300, 2.700000000000000200, 0.0000000000000000000 ) ) ;
#2761 = DIRECTION ( 'NONE',  ( 0.0000000000000000000, 1.000000000000000000, 0.0000000000000000000 ) ) ;
#2762 = CARTESIAN_POINT ( 'NONE',  ( 6.735000000000002100, 2.750000000000000400, 12.72500000000000000 ) ) ;
#2763 = EDGE_CURVE ( 'NONE', #420, #4075, #119, .T. ) ;
#2764 = VECTOR ( 'NONE', #1368, 1000.000000000000000 ) ;
#2765 = DIRECTION ( 'NONE',  ( 0.0000000000000000000, 1.000000000000000000, 0.0000000000000000000 ) ) ;
#2766 = ORIENTED_EDGE ( 'NONE', *, *, #4382, .T. ) ;
#2767 = FACE_OUTER_BOUND ( 'NONE', #4019, .T. ) ;
#2768 = EDGE_CURVE ( 'NONE', #2716, #6187, #3156, .T. ) ;
#2769 = LINE ( 'NONE', #5504, #6824 ) ;
#2770 = CARTESIAN_POINT ( 'NONE',  ( -7.475000000000047600, 1.000000000000000000, 3.642432017676043300E-015 ) ) ;
#2771 = DIRECTION ( 'NONE',  ( -0.0000000000000000000, -1.000000000000000000, -0.0000000000000000000 ) ) ;
#2772 = CARTESIAN_POINT ( 'NONE',  ( 0.0000000000000000000, 0.0000000000000000000, -8.035000000000000100 ) ) ;
#2773 = LINE ( 'NONE', #5505, #5434 ) ;
#2774 = PLANE ( 'NONE',  #1257 ) ;
#2775 = CIRCLE ( 'NONE', #6222, 1.199999999999999700 ) ;
#2776 = EDGE_LOOP ( 'NONE', ( #2352, #2542, #1339, #1449 ) ) ;
#2777 = ORIENTED_EDGE ( 'NONE', *, *, #7960, .T. ) ;
#2778 = CARTESIAN_POINT ( 'NONE',  ( -1.905000000000000000, 1.350000000000000100, -9.415000000000000900 ) ) ;
#2779 = PLANE ( 'NONE',  #7402 ) ;
#2780 = DIRECTION ( 'NONE',  ( 1.445602896647339500E-015, 0.0000000000000000000, 1.000000000000000000 ) ) ;
#2781 = CARTESIAN_POINT ( 'NONE',  ( 8.255000000000087800, 0.0000000000000000000, 0.4749999999999910400 ) ) ;
#2782 = AXIS2_PLACEMENT_3D ( 'NONE', #5882, #2055, #5809 ) ;
#2783 = ADVANCED_FACE ( 'NONE', ( #4748 ), #6827, .F. ) ;
#2784 = PRESENTATION_STYLE_ASSIGNMENT (( #172 ) ) ;
#2785 = EDGE_CURVE ( 'NONE', #1499, #261, #16, .T. ) ;
#2786 =( NAMED_UNIT ( * ) PLANE_ANGLE_UNIT ( ) SI_UNIT ( $, .RADIAN. ) );
#2787 = DIRECTION ( 'NONE',  ( 0.0000000000000000000, 0.0000000000000000000, 1.000000000000000000 ) ) ;
#2788 = DIRECTION ( 'NONE',  ( -1.000000000000000000, 0.0000000000000000000, 0.0000000000000000000 ) ) ;
#2789 = ORIENTED_EDGE ( 'NONE', *, *, #1126, .T. ) ;
#2790 = CARTESIAN_POINT ( 'NONE',  ( 0.0000000000000000000, 1.350000000000000100, -11.00500000000000100 ) ) ;
#2791 = AXIS2_PLACEMENT_3D ( 'NONE', #1704, #441, #3566 ) ;
#2792 = AXIS2_PLACEMENT_3D ( 'NONE', #2368, #7992, #5465 ) ;
#2793 = CARTESIAN_POINT ( 'NONE',  ( 6.985000000000000300, 2.949999999999999700, -8.285000000000000100 ) ) ;
#2794 = AXIS2_PLACEMENT_3D ( 'NONE', #3235, #1447, #7653 ) ;
#2795 = FILL_AREA_STYLE_COLOUR ( '', #3452 ) ;
#2796 = EDGE_CURVE ( 'NONE', #4585, #3061, #6623, .T. ) ;
#2797 = FACE_OUTER_BOUND ( 'NONE', #7397, .T. ) ;
#2798 = CARTESIAN_POINT ( 'NONE',  ( 7.474999999999943700, 0.0000000000000000000, -3.715000000000006500 ) ) ;
#2799 = PLANE ( 'NONE',  #4378 ) ;
#2800 = ORIENTED_EDGE ( 'NONE', *, *, #6707, .F. ) ;
#2801 = AXIS2_PLACEMENT_3D ( 'NONE', #6481, #7735, #7788 ) ;
#2802 = LINE ( 'NONE', #2377, #2902 ) ;
#2803 = EDGE_CURVE ( 'NONE', #953, #6350, #3548, .T. ) ;
#2804 = CARTESIAN_POINT ( 'NONE',  ( -9.974999999999997900, 0.0000000000000000000, 13.47500000000000100 ) ) ;
#2805 = DIRECTION ( 'NONE',  ( 0.0000000000000000000, -1.000000000000000000, 0.0000000000000000000 ) ) ;
#2806 = ORIENTED_EDGE ( 'NONE', *, *, #854, .T. ) ;
#2807 = DIRECTION ( 'NONE',  ( 0.0000000000000000000, 0.0000000000000000000, -1.000000000000000000 ) ) ;
#2808 = LINE ( 'NONE', #4818, #63 ) ;
#2809 = VERTEX_POINT ( 'NONE', #2360 ) ;
#2810 = ORIENTED_EDGE ( 'NONE', *, *, #6879, .F. ) ;
#2811 = VERTEX_POINT ( 'NONE', #3607 ) ;
#2812 = DIRECTION ( 'NONE',  ( 0.0000000000000000000, 1.000000000000000000, 0.0000000000000000000 ) ) ;
#2813 = VERTEX_POINT ( 'NONE', #6117 ) ;
#2814 = PLANE ( 'NONE',  #7554 ) ;
#2815 = CARTESIAN_POINT ( 'NONE',  ( -6.734999999999998500, 2.700000000000000200, 12.72500000000000000 ) ) ;
#2816 = CARTESIAN_POINT ( 'NONE',  ( 9.974999999999971200, 1.000000000000000000, 3.904999999999993600 ) ) ;
#2817 = DIRECTION ( 'NONE',  ( 0.0000000000000000000, -0.0000000000000000000, 1.000000000000000000 ) ) ;
#2818 = SURFACE_STYLE_FILL_AREA ( #626 ) ;
#2819 = ORIENTED_EDGE ( 'NONE', *, *, #4649, .F. ) ;
#2820 = ORIENTED_EDGE ( 'NONE', *, *, #6066, .T. ) ;
#2821 = PLANE ( 'NONE',  #7635 ) ;
#2822 = ORIENTED_EDGE ( 'NONE', *, *, #3372, .T. ) ;
#2823 = ADVANCED_FACE ( 'NONE', ( #6913, #516 ), #7479, .F. ) ;
#2824 =( GEOMETRIC_REPRESENTATION_CONTEXT ( 3 ) GLOBAL_UNCERTAINTY_ASSIGNED_CONTEXT ( ( #258 ) ) GLOBAL_UNIT_ASSIGNED_CONTEXT ( ( #3385, #2163, #6562 ) ) REPRESENTATION_CONTEXT ( 'NONE', 'WORKASPACE' ) );
#2825 = DIRECTION ( 'NONE',  ( -0.0000000000000000000, -1.000000000000000000, 0.0000000000000000000 ) ) ;
#2826 = EDGE_CURVE ( 'NONE', #6184, #687, #5533, .T. ) ;
#2827 = FACE_OUTER_BOUND ( 'NONE', #5282, .T. ) ;
#2828 = DIRECTION ( 'NONE',  ( 0.0000000000000000000, 1.000000000000000000, 0.0000000000000000000 ) ) ;
#2829 = LINE ( 'NONE', #6578, #6784 ) ;
#2830 = EDGE_LOOP ( 'NONE', ( #4930, #5781, #58, #5481 ) ) ;
#2831 = ORIENTED_EDGE ( 'NONE', *, *, #6961, .F. ) ;
#2832 = ORIENTED_EDGE ( 'NONE', *, *, #2396, .F. ) ;
#2833 = ORIENTED_EDGE ( 'NONE', *, *, #5886, .F. ) ;
#2834 = MANIFOLD_SOLID_BREP ( 'Convert-Solid1', #345 ) ;
#2835 = ORIENTED_EDGE ( 'NONE', *, *, #7582, .T. ) ;
#2836 = VECTOR ( 'NONE', #4676, 1000.000000000000000 ) ;
#2837 = CARTESIAN_POINT ( 'NONE',  ( 7.474999999999980100, 0.0000000000000000000, 4.664999999999992900 ) ) ;
#2838 = DIRECTION ( 'NONE',  ( -1.000000000000000000, 0.0000000000000000000, 0.0000000000000000000 ) ) ;
#2839 = LINE ( 'NONE', #3773, #1659 ) ;
#2840 = DIRECTION ( 'NONE',  ( -4.872818752743839300E-016, -0.0000000000000000000, -1.000000000000000000 ) ) ;
#2841 = ORIENTED_EDGE ( 'NONE', *, *, #3803, .F. ) ;
#2842 = DIRECTION ( 'NONE',  ( -0.0000000000000000000, -1.000000000000000000, -0.0000000000000000000 ) ) ;
#2843 = VERTEX_POINT ( 'NONE', #6196 ) ;
#2844 = VERTEX_POINT ( 'NONE', #2411 ) ;
#2845 = AXIS2_PLACEMENT_3D ( 'NONE', #1921, #118, #6969 ) ;
#2846 = VECTOR ( 'NONE', #2994, 1000.000000000000000 ) ;
#2847 = SURFACE_SIDE_STYLE ('',( #3805 ) ) ;
#2848 = ORIENTED_EDGE ( 'NONE', *, *, #5379, .T. ) ;
#2849 = EDGE_CURVE ( 'NONE', #5586, #6886, #1602, .T. ) ;
#2850 = EDGE_CURVE ( 'NONE', #2709, #2448, #2874, .T. ) ;
#2851 = CARTESIAN_POINT ( 'NONE',  ( 0.0000000000000000000, 1.850000000000000100, -12.08450000000000000 ) ) ;
#2852 = VERTEX_POINT ( 'NONE', #2388 ) ;
#2853 = VECTOR ( 'NONE', #3413, 1000.000000000000000 ) ;
#2854 = CARTESIAN_POINT ( 'NONE',  ( -9.974999999999997900, 1.000000000000000000, 13.47500000000000100 ) ) ;
#2855 = FACE_OUTER_BOUND ( 'NONE', #4616, .T. ) ;
#2856 = ORIENTED_EDGE ( 'NONE', *, *, #154, .T. ) ;
#2857 = DIRECTION ( 'NONE',  ( -0.0000000000000000000, 1.000000000000000000, -0.0000000000000000000 ) ) ;
#2858 = AXIS2_PLACEMENT_3D ( 'NONE', #2815, #5855, #2103 ) ;
#2859 = CARTESIAN_POINT ( 'NONE',  ( 0.0000000000000000000, 0.0000000000000000000, -3.715000000000006500 ) ) ;
#2860 = CARTESIAN_POINT ( 'NONE',  ( 9.975000000000001400, 1.000000000000000000, 13.47500000000000100 ) ) ;
#2861 = CYLINDRICAL_SURFACE ( 'NONE', #5770, 0.2500000000000002200 ) ;
#2862 = DIRECTION ( 'NONE',  ( 0.0000000000000000000, 1.000000000000000000, 0.0000000000000000000 ) ) ;
#2863 = FILL_AREA_STYLE_COLOUR ( '', #440 ) ;
#2864 = VECTOR ( 'NONE', #4672, 1000.000000000000000 ) ;
#2865 = ORIENTED_EDGE ( 'NONE', *, *, #7119, .F. ) ;
#2866 = DIRECTION ( 'NONE',  ( 1.000000000000000000, 0.0000000000000000000, 0.0000000000000000000 ) ) ;
#2867 = CARTESIAN_POINT ( 'NONE',  ( 9.975000000000001400, 0.0000000000000000000, 3.905000000000000700 ) ) ;
#2868 = CARTESIAN_POINT ( 'NONE',  ( -9.975000000000060000, 0.0000000000000000000, -8.035000000000000100 ) ) ;
#2869 = DIRECTION ( 'NONE',  ( 0.0000000000000000000, 1.000000000000000000, 0.0000000000000000000 ) ) ;
#2870 = ORIENTED_EDGE ( 'NONE', *, *, #6298, .F. ) ;
#2871 = VECTOR ( 'NONE', #3040, 1000.000000000000000 ) ;
#2872 = ADVANCED_FACE ( 'NONE', ( #1880 ), #3670, .T. ) ;
#2873 = VECTOR ( 'NONE', #6766, 1000.000000000000000 ) ;
#2874 = LINE ( 'NONE', #512, #1985 ) ;
#2875 = CARTESIAN_POINT ( 'NONE',  ( 0.0000000000000000000, 1.000000000000000000, 8.984999999999999400 ) ) ;
#2876 = ORIENTED_EDGE ( 'NONE', *, *, #6493, .F. ) ;
#2877 = VECTOR ( 'NONE', #775, 1000.000000000000000 ) ;
#2878 = CARTESIAN_POINT ( 'NONE',  ( 7.474999999999995200, 0.0000000000000000000, -3.714999999999999400 ) ) ;
#2879 =( GEOMETRIC_REPRESENTATION_CONTEXT ( 3 ) GLOBAL_UNCERTAINTY_ASSIGNED_CONTEXT ( ( #3538 ) ) GLOBAL_UNIT_ASSIGNED_CONTEXT ( ( #7151, #4080, #7794 ) ) REPRESENTATION_CONTEXT ( 'NONE', 'WORKASPACE' ) );
#2880 = VERTEX_POINT ( 'NONE', #7398 ) ;
#2881 = FACE_OUTER_BOUND ( 'NONE', #5835, .T. ) ;
#2882 = CARTESIAN_POINT ( 'NONE',  ( 7.474999999999998800, 1.000000000000000000, 8.984999999999999400 ) ) ;
#2883 = EDGE_CURVE ( 'NONE', #7485, #4613, #2199, .T. ) ;
#2884 = VECTOR ( 'NONE', #4232, 1000.000000000000000 ) ;
#2885 = FACE_OUTER_BOUND ( 'NONE', #2403, .T. ) ;
#2886 = EDGE_CURVE ( 'NONE', #2243, #4215, #2481, .T. ) ;
#2887 = ORIENTED_EDGE ( 'NONE', *, *, #3777, .T. ) ;
#2888 = CARTESIAN_POINT ( 'NONE',  ( -8.255000000000185500, 1.000000000000000000, -7.145000000000002200 ) ) ;
#2889 = DIRECTION ( 'NONE',  ( 0.0000000000000000000, 1.000000000000000000, 0.0000000000000000000 ) ) ;
#2890 = ORIENTED_EDGE ( 'NONE', *, *, #3911, .F. ) ;
#2891 = PLANE ( 'NONE',  #2142 ) ;
#2892 = VECTOR ( 'NONE', #7403, 1000.000000000000000 ) ;
#2893 = CARTESIAN_POINT ( 'NONE',  ( 0.0000000000000000000, 0.0000000000000000000, -0.4150000000000073600 ) ) ;
#2894 = CARTESIAN_POINT ( 'NONE',  ( -8.255000000000185500, 0.0000000000000000000, -7.145000000000002200 ) ) ;
#2895 = DIRECTION ( 'NONE',  ( -0.0000000000000000000, 1.000000000000000000, -0.0000000000000000000 ) ) ;
#2896 = MECHANICAL_DESIGN_GEOMETRIC_PRESENTATION_REPRESENTATION (  '', ( #1631 ), #3304 ) ;
#2897 = LINE ( 'NONE', #8157, #1024 ) ;
#2898 = FACE_BOUND ( 'NONE', #2937, .T. ) ;
#2899 = EDGE_CURVE ( 'NONE', #1690, #6037, #8005, .T. ) ;
#2900 = ORIENTED_EDGE ( 'NONE', *, *, #5772, .F. ) ;
#2901 = CARTESIAN_POINT ( 'NONE',  ( -6.984999999999997700, 2.700000000000000200, 12.77500000000000000 ) ) ;
#2902 = VECTOR ( 'NONE', #2995, 1000.000000000000000 ) ;
#2903 = DIRECTION ( 'NONE',  ( -0.0000000000000000000, -1.000000000000000000, 0.0000000000000000000 ) ) ;
#2904 = AXIS2_PLACEMENT_3D ( 'NONE', #8089, #539, #3697 ) ;
#2905 = FACE_OUTER_BOUND ( 'NONE', #531, .T. ) ;
#2906 = AXIS2_PLACEMENT_3D ( 'NONE', #7144, #2761, #4047 ) ;
#2907 = EDGE_LOOP ( 'NONE', ( #5975, #7654, #5607, #2643 ) ) ;
#2908 = CARTESIAN_POINT ( 'NONE',  ( 7.474999999999943700, 0.0000000000000000000, -3.715000000000006500 ) ) ;
#2909 = ADVANCED_FACE ( 'NONE', ( #4165 ), #619, .F. ) ;
#2910 = DIRECTION ( 'NONE',  ( 0.0000000000000000000, 1.000000000000000000, -0.0000000000000000000 ) ) ;
#2911 = LINE ( 'NONE', #937, #2231 ) ;
#2912 = CARTESIAN_POINT ( 'NONE',  ( 9.975000000000006800, 1.000000000000000000, 11.52500000000000000 ) ) ;
#2913 = VERTEX_POINT ( 'NONE', #567 ) ;
#2914 = ORIENTED_EDGE ( 'NONE', *, *, #4538, .F. ) ;
#2915 = DIRECTION ( 'NONE',  ( -0.0000000000000000000, 0.0000000000000000000, 1.000000000000000000 ) ) ;
#2916 = VERTEX_POINT ( 'NONE', #1815 ) ;
#2917 = EDGE_CURVE ( 'NONE', #6486, #2139, #215, .T. ) ;
#2918 = DIRECTION ( 'NONE',  ( 0.0000000000000000000, 0.0000000000000000000, 1.000000000000000000 ) ) ;
#2919 = DIRECTION ( 'NONE',  ( -0.0000000000000000000, 0.0000000000000000000, 1.000000000000000000 ) ) ;
#2920 = ORIENTED_EDGE ( 'NONE', *, *, #4657, .F. ) ;
#2921 = CARTESIAN_POINT ( 'NONE',  ( -7.475000000000014700, 1.000000000000000000, 4.665000000000000000 ) ) ;
#2922 = ORIENTED_EDGE ( 'NONE', *, *, #7979, .F. ) ;
#2923 = ORIENTED_EDGE ( 'NONE', *, *, #3571, .T. ) ;
#2924 = ORIENTED_EDGE ( 'NONE', *, *, #1116, .T. ) ;
#2925 = LINE ( 'NONE', #462, #2629 ) ;
#2926 = ORIENTED_EDGE ( 'NONE', *, *, #6595, .T. ) ;
#2927 = ORIENTED_EDGE ( 'NONE', *, *, #5986, .F. ) ;
#2928 = EDGE_CURVE ( 'NONE', #4686, #2452, #914, .T. ) ;
#2929 = DIRECTION ( 'NONE',  ( -0.0000000000000000000, -1.000000000000000000, -0.0000000000000000000 ) ) ;
#2930 = CIRCLE ( 'NONE', #641, 0.4500000000000007300 ) ;
#2931 = FACE_OUTER_BOUND ( 'NONE', #4677, .T. ) ;
#2932 = FILL_AREA_STYLE_COLOUR ( '', #3174 ) ;
#2933 = ORIENTED_EDGE ( 'NONE', *, *, #1546, .T. ) ;
#2934 = ORIENTED_EDGE ( 'NONE', *, *, #863, .T. ) ;
#2935 = CARTESIAN_POINT ( 'NONE',  ( 8.255000000000105600, 0.0000000000000000000, 5.104999999999991500 ) ) ;
#2936 = UNCERTAINTY_MEASURE_WITH_UNIT (LENGTH_MEASURE( 1.000000000000000100E-005 ), #4296, 'distance_accuracy_value', 'NONE');
#2937 = EDGE_LOOP ( 'NONE', ( #681, #7463 ) ) ;
#2938 = DIRECTION ( 'NONE',  ( 0.0000000000000000000, 0.0000000000000000000, 1.000000000000000000 ) ) ;
#2939 = LINE ( 'NONE', #5608, #978 ) ;
#2940 = EDGE_CURVE ( 'NONE', #7808, #2324, #4454, .T. ) ;
#2941 = DIRECTION ( 'NONE',  ( 1.000000000000000000, -0.0000000000000000000, 0.0000000000000000000 ) ) ;
#2942 = DIRECTION ( 'NONE',  ( 0.0000000000000000000, 1.000000000000000000, -0.0000000000000000000 ) ) ;
#2943 = DIRECTION ( 'NONE',  ( 0.0000000000000000000, 0.0000000000000000000, -1.000000000000000000 ) ) ;
#2944 = ADVANCED_FACE ( 'NONE', ( #1107 ), #3783, .F. ) ;
#2945 = VERTEX_POINT ( 'NONE', #5038 ) ;
#2946 = AXIS2_PLACEMENT_3D ( 'NONE', #4058, #7695, #267 ) ;
#2947 = LINE ( 'NONE', #7501, #1079 ) ;
#2948 = AXIS2_PLACEMENT_3D ( 'NONE', #7512, #5603, #4345 ) ;
#2949 = LINE ( 'NONE', #7836, #3342 ) ;
#2950 = EDGE_CURVE ( 'NONE', #3960, #2434, #4849, .T. ) ;
#2951 = EDGE_CURVE ( 'NONE', #6828, #6983, #1501, .T. ) ;
#2952 = ORIENTED_EDGE ( 'NONE', *, *, #187, .T. ) ;
#2953 = DIRECTION ( 'NONE',  ( -1.000000000000000000, 0.0000000000000000000, -0.0000000000000000000 ) ) ;
#2954 = ORIENTED_EDGE ( 'NONE', *, *, #3843, .F. ) ;
#2955 =( NAMED_UNIT ( * ) PLANE_ANGLE_UNIT ( ) SI_UNIT ( $, .RADIAN. ) );
#2956 = LINE ( 'NONE', #4667, #2759 ) ;
#2957 = LINE ( 'NONE', #4455, #1589 ) ;
#2958 = CARTESIAN_POINT ( 'NONE',  ( 7.474999999999941900, 0.0000000000000000000, 3.642432017675991300E-015 ) ) ;
#2959 = ORIENTED_EDGE ( 'NONE', *, *, #1688, .T. ) ;
#2960 = EDGE_CURVE ( 'NONE', #4304, #812, #2775, .T. ) ;
#2961 = DIRECTION ( 'NONE',  ( 0.0000000000000000000, 0.0000000000000000000, -1.000000000000000000 ) ) ;
#2962 = VECTOR ( 'NONE', #2059, 1000.000000000000000 ) ;
#2963 = CARTESIAN_POINT ( 'NONE',  ( -9.974999999999997900, 0.0000000000000000000, 9.745000000000001000 ) ) ;
#2964 = VECTOR ( 'NONE', #5744, 1000.000000000000000 ) ;
#2965 = ORIENTED_EDGE ( 'NONE', *, *, #3372, .F. ) ;
#2966 = VECTOR ( 'NONE', #6067, 1000.000000000000000 ) ;
#2967 = CARTESIAN_POINT ( 'NONE',  ( 8.255000000000087800, 0.0000000000000000000, 0.4749999999999910400 ) ) ;
#2968 = DIRECTION ( 'NONE',  ( -0.0000000000000000000, -1.000000000000000000, -0.0000000000000000000 ) ) ;
#2969 = PLANE ( 'NONE',  #5861 ) ;
#2970 = DIRECTION ( 'NONE',  ( -0.0000000000000000000, -1.000000000000000000, 0.0000000000000000000 ) ) ;
#2971 = VECTOR ( 'NONE', #6870, 1000.000000000000000 ) ;
#2972 = LINE ( 'NONE', #735, #3363 ) ;
#2973 = ORIENTED_EDGE ( 'NONE', *, *, #5646, .T. ) ;
#2974 = ORIENTED_EDGE ( 'NONE', *, *, #5957, .T. ) ;
#2975 = CARTESIAN_POINT ( 'NONE',  ( 1.322006219679568200E-016, 1.850000000000000100, -9.925500000000001300 ) ) ;
#2976 = VECTOR ( 'NONE', #7418, 1000.000000000000000 ) ;
#2977 = DIRECTION ( 'NONE',  ( -1.000000000000000000, -0.0000000000000000000, 1.387778780781446500E-015 ) ) ;
#2978 = FACE_OUTER_BOUND ( 'NONE', #5878, .T. ) ;
#2979 = ORIENTED_EDGE ( 'NONE', *, *, #5837, .T. ) ;
#2980 = AXIS2_PLACEMENT_3D ( 'NONE', #7741, #6437, #2710 ) ;
#2981 = DIRECTION ( 'NONE',  ( -0.0000000000000000000, -1.000000000000000000, -0.0000000000000000000 ) ) ;
#2982 = EDGE_CURVE ( 'NONE', #2175, #5064, #903, .T. ) ;
#2983 = DIRECTION ( 'NONE',  ( -4.872818752743839300E-016, 0.0000000000000000000, 1.000000000000000000 ) ) ;
#2984 = ADVANCED_FACE ( 'NONE', ( #7117 ), #1896, .T. ) ;
#2985 = EDGE_CURVE ( 'NONE', #6875, #5967, #7810, .T. ) ;
#2986 = DIRECTION ( 'NONE',  ( 0.0000000000000000000, 0.0000000000000000000, -1.000000000000000000 ) ) ;
#2987 = LINE ( 'NONE', #7628, #3086 ) ;
#2988 = ORIENTED_EDGE ( 'NONE', *, *, #6857, .F. ) ;
#2989 = AXIS2_PLACEMENT_3D ( 'NONE', #3815, #5042, #649 ) ;
#2990 = CARTESIAN_POINT ( 'NONE',  ( 0.0000000000000000000, 0.0000000000000000000, -8.035000000000007200 ) ) ;
#2991 = CARTESIAN_POINT ( 'NONE',  ( 6.985000000000000300, 1.000000000000000000, 12.73964466094067300 ) ) ;
#2992 = FACE_OUTER_BOUND ( 'NONE', #1248, .T. ) ;
#2993 = FACE_OUTER_BOUND ( 'NONE', #5879, .T. ) ;
#2994 = DIRECTION ( 'NONE',  ( 0.0000000000000000000, 1.000000000000000000, 0.0000000000000000000 ) ) ;
#2995 = DIRECTION ( 'NONE',  ( 0.0000000000000000000, 1.000000000000000000, 0.0000000000000000000 ) ) ;
#2996 =( NAMED_UNIT ( * ) PLANE_ANGLE_UNIT ( ) SI_UNIT ( $, .RADIAN. ) );
#2997 = ORIENTED_EDGE ( 'NONE', *, *, #2503, .F. ) ;
#2998 = CARTESIAN_POINT ( 'NONE',  ( -6.784999999999997500, 2.949999999999999700, -8.299644660940671800 ) ) ;
#2999 = AXIS2_PLACEMENT_3D ( 'NONE', #5580, #2454, #6862 ) ;
#3000 = EDGE_CURVE ( 'NONE', #551, #3027, #6731, .T. ) ;
#3001 = EDGE_CURVE ( 'NONE', #456, #6466, #4268, .T. ) ;
#3002 = FACE_OUTER_BOUND ( 'NONE', #7280, .T. ) ;
#3003 = ORIENTED_EDGE ( 'NONE', *, *, #4895, .T. ) ;
#3004 = CARTESIAN_POINT ( 'NONE',  ( -7.475000000000017400, 0.0000000000000000000, 3.642432017676028300E-015 ) ) ;
#3005 = ORIENTED_EDGE ( 'NONE', *, *, #1716, .F. ) ;
#3006 = ADVANCED_FACE ( 'NONE', ( #7409 ), #1225, .F. ) ;
#3007 = PLANE ( 'NONE',  #8141 ) ;
#3008 = PRESENTATION_LAYER_ASSIGNMENT (  '', '', ( #1220 ) ) ;
#3009 = EDGE_LOOP ( 'NONE', ( #5099, #6268, #6699, #7849, #5940, #1330, #167, #8185 ) ) ;
#3010 = ORIENTED_EDGE ( 'NONE', *, *, #7660, .T. ) ;
#3011 = DIRECTION ( 'NONE',  ( 0.0000000000000000000, 0.0000000000000000000, 1.000000000000000000 ) ) ;
#3012 = EDGE_LOOP ( 'NONE', ( #300, #2121 ) ) ;
#3013 = DIRECTION ( 'NONE',  ( -0.0000000000000000000, -1.000000000000000000, -0.0000000000000000000 ) ) ;
#3014 = VECTOR ( 'NONE', #7650, 1000.000000000000000 ) ;
#3015 = PLANE ( 'NONE',  #2217 ) ;
#3016 = CARTESIAN_POINT ( 'NONE',  ( 7.474999999999943700, 1.000000000000000000, -3.715000000000006500 ) ) ;
#3017 = ORIENTED_EDGE ( 'NONE', *, *, #1534, .F. ) ;
#3018 = EDGE_LOOP ( 'NONE', ( #6282, #3811 ) ) ;
#3019 = EDGE_CURVE ( 'NONE', #1253, #7462, #6526, .T. ) ;
#3020 = FILL_AREA_STYLE ('',( #6858 ) ) ;
#3021 = FACE_OUTER_BOUND ( 'NONE', #3236, .T. ) ;
#3022 = CYLINDRICAL_SURFACE ( 'NONE', #1839, 0.4499999999999999000 ) ;
#3023 = DIRECTION ( 'NONE',  ( 0.0000000000000000000, 0.0000000000000000000, 1.000000000000000000 ) ) ;
#3024 = ORIENTED_EDGE ( 'NONE', *, *, #7101, .T. ) ;
#3025 = ADVANCED_FACE ( 'NONE', ( #1096 ), #8146, .F. ) ;
#3026 = ORIENTED_EDGE ( 'NONE', *, *, #4234, .T. ) ;
#3027 = VERTEX_POINT ( 'NONE', #6337 ) ;
#3028 = VERTEX_POINT ( 'NONE', #5737 ) ;
#3029 = EDGE_CURVE ( 'NONE', #3102, #2880, #721, .T. ) ;
#3030 = CIRCLE ( 'NONE', #2060, 1.199999999999999700 ) ;
#3031 = VERTEX_POINT ( 'NONE', #3114 ) ;
#3032 = CARTESIAN_POINT ( 'NONE',  ( -6.984999999999997700, 2.609976000000000100, 12.73964466094067300 ) ) ;
#3033 = EDGE_CURVE ( 'NONE', #1900, #2558, #5924, .T. ) ;
#3034 = DIRECTION ( 'NONE',  ( -0.0000000000000000000, -1.000000000000000000, -0.0000000000000000000 ) ) ;
#3035 = VERTEX_POINT ( 'NONE', #1959 ) ;
#3036 = CARTESIAN_POINT ( 'NONE',  ( -6.749644660940670200, 2.609976000000000100, 12.97500000000000000 ) ) ;
#3037 = ORIENTED_EDGE ( 'NONE', *, *, #6615, .F. ) ;
#3038 = VECTOR ( 'NONE', #7519, 1000.000000000000000 ) ;
#3039 = ORIENTED_EDGE ( 'NONE', *, *, #529, .T. ) ;
#3040 = DIRECTION ( 'NONE',  ( 0.0000000000000000000, 1.000000000000000000, 0.0000000000000000000 ) ) ;
#3041 = DIRECTION ( 'NONE',  ( 0.0000000000000000000, 1.000000000000000000, 0.0000000000000000000 ) ) ;
#3042 = LINE ( 'NONE', #2609, #1074 ) ;
#3043 = CARTESIAN_POINT ( 'NONE',  ( 7.474999999999933900, 0.0000000000000000000, -6.255000000000007000 ) ) ;
#3044 = FACE_OUTER_BOUND ( 'NONE', #4874, .T. ) ;
#3045 = DIRECTION ( 'NONE',  ( 0.0000000000000000000, 1.000000000000000000, 0.0000000000000000000 ) ) ;
#3046 = VERTEX_POINT ( 'NONE', #1357 ) ;
#3047 = EDGE_CURVE ( 'NONE', #915, #6886, #2972, .T. ) ;
#3048 = DIRECTION ( 'NONE',  ( 1.000000000000000000, -0.0000000000000000000, 0.0000000000000000000 ) ) ;
#3049 = CARTESIAN_POINT ( 'NONE',  ( -8.255000000000141100, 0.0000000000000000000, 5.104999999999998600 ) ) ;
#3050 = LINE ( 'NONE', #1535, #2864 ) ;
#3051 = VERTEX_POINT ( 'NONE', #5769 ) ;
#3052 = AXIS2_PLACEMENT_3D ( 'NONE', #1835, #1159, #2347 ) ;
#3053 = CARTESIAN_POINT ( 'NONE',  ( 9.974999999999962300, 1.000000000000000000, -0.4150000000000073600 ) ) ;
#3054 = ORIENTED_EDGE ( 'NONE', *, *, #7582, .F. ) ;
#3055 = FACE_OUTER_BOUND ( 'NONE', #2236, .T. ) ;
#3056 = FACE_OUTER_BOUND ( 'NONE', #2037, .T. ) ;
#3057 = CARTESIAN_POINT ( 'NONE',  ( -10.77992235650406100, 1.000000000000000000, 0.4749999999999997600 ) ) ;
#3058 = LINE ( 'NONE', #5352, #609 ) ;
#3059 = ADVANCED_FACE ( 'NONE', ( #8016 ), #7031, .F. ) ;
#3060 = COLOUR_RGB ( '',0.7529411764705882200, 0.7529411764705882200, 0.7529411764705882200 ) ;
#3061 = VERTEX_POINT ( 'NONE', #1988 ) ;
#3062 = FACE_OUTER_BOUND ( 'NONE', #447, .T. ) ;
#3063 = CARTESIAN_POINT ( 'NONE',  ( -7.475000000000024500, 0.0000000000000000000, 2.125000000000000000 ) ) ;
#3064 = AXIS2_PLACEMENT_3D ( 'NONE', #5389, #1620, #5309 ) ;
#3065 = DIRECTION ( 'NONE',  ( 0.0000000000000000000, -1.000000000000000000, 0.0000000000000000000 ) ) ;
#3066 = EDGE_CURVE ( 'NONE', #7552, #2688, #6926, .T. ) ;
#3067 = VERTEX_POINT ( 'NONE', #2576 ) ;
#3068 = LINE ( 'NONE', #6514, #209 ) ;
#3069 = DIRECTION ( 'NONE',  ( 0.0000000000000000000, 1.000000000000000000, -0.0000000000000000000 ) ) ;
#3070 = DIRECTION ( 'NONE',  ( -0.0000000000000000000, -1.000000000000000000, 0.0000000000000000000 ) ) ;
#3071 = VECTOR ( 'NONE', #5217, 1000.000000000000000 ) ;
#3072 = FACE_OUTER_BOUND ( 'NONE', #7203, .T. ) ;
#3073 = EDGE_LOOP ( 'NONE', ( #5226, #4815, #2988, #6156 ) ) ;
#3074 = DIRECTION ( 'NONE',  ( -1.000000000000000000, 0.0000000000000000000, 0.0000000000000000000 ) ) ;
#3075 = VERTEX_POINT ( 'NONE', #1969 ) ;
#3076 = CARTESIAN_POINT ( 'NONE',  ( -10.77992235650408900, 0.0000000000000000000, -7.145000000000000500 ) ) ;
#3077 = DIRECTION ( 'NONE',  ( -1.000000000000000000, 0.0000000000000000000, 0.0000000000000000000 ) ) ;
#3078 = VECTOR ( 'NONE', #6604, 1000.000000000000000 ) ;
#3079 = EDGE_CURVE ( 'NONE', #4338, #1635, #4254, .T. ) ;
#3080 = UNCERTAINTY_MEASURE_WITH_UNIT (LENGTH_MEASURE( 1.000000000000000100E-005 ), #5450, 'distance_accuracy_value', 'NONE');
#3081 = CARTESIAN_POINT ( 'NONE',  ( 0.0000000000000000000, 0.0000000000000000000, 8.984999999999999400 ) ) ;
#3082 = DIRECTION ( 'NONE',  ( 0.0000000000000000000, -1.000000000000000000, 0.0000000000000000000 ) ) ;
#3083 = DIRECTION ( 'NONE',  ( 1.000000000000000000, 0.0000000000000000000, 0.0000000000000000000 ) ) ;
#3084 = MECHANICAL_DESIGN_GEOMETRIC_PRESENTATION_REPRESENTATION (  '', ( #2412 ), #7160 ) ;
#3085 = EDGE_CURVE ( 'NONE', #1846, #4479, #6114, .T. ) ;
#3086 = VECTOR ( 'NONE', #5053, 1000.000000000000000 ) ;
#3087 = DIRECTION ( 'NONE',  ( -1.000000000000000000, -0.0000000000000000000, -0.0000000000000000000 ) ) ;
#3088 = ORIENTED_EDGE ( 'NONE', *, *, #1391, .F. ) ;
#3089 = CARTESIAN_POINT ( 'NONE',  ( 0.0000000000000000000, 1.350000000000000100, -12.08450000000000000 ) ) ;
#3090 = CARTESIAN_POINT ( 'NONE',  ( 0.0000000000000000000, 2.949999999999999700, 0.0000000000000000000 ) ) ;
#3091 = FACE_OUTER_BOUND ( 'NONE', #3073, .T. ) ;
#3092 = CARTESIAN_POINT ( 'NONE',  ( -9.975000000000006800, 0.0000000000000000000, 8.984999999999999400 ) ) ;
#3093 = CYLINDRICAL_SURFACE ( 'NONE', #4326, 0.4500000000000002900 ) ;
#3094 = DIRECTION ( 'NONE',  ( -0.0000000000000000000, -1.000000000000000000, 0.0000000000000000000 ) ) ;
#3095 = ORIENTED_EDGE ( 'NONE', *, *, #5132, .T. ) ;
#3096 = ADVANCED_FACE ( 'NONE', ( #1883 ), #7820, .F. ) ;
#3097 = DIRECTION ( 'NONE',  ( 1.000000000000000000, 0.0000000000000000000, 0.0000000000000000000 ) ) ;
#3098 = LINE ( 'NONE', #7784, #5371 ) ;
#3099 = CARTESIAN_POINT ( 'NONE',  ( -7.475000000000023600, 0.0000000000000000000, 3.905000000000000700 ) ) ;
#3100 = ORIENTED_EDGE ( 'NONE', *, *, #7733, .F. ) ;
#3101 = CARTESIAN_POINT ( 'NONE',  ( -6.734999999999998500, 2.700000000000000200, -8.535000000000000100 ) ) ;
#3102 = VERTEX_POINT ( 'NONE', #5190 ) ;
#3103 = ADVANCED_FACE ( 'NONE', ( #5937, #7422 ), #5135, .T. ) ;
#3104 = EDGE_LOOP ( 'NONE', ( #2333, #2756, #3674, #6830 ) ) ;
#3105 = EDGE_CURVE ( 'NONE', #7364, #832, #2383, .T. ) ;
#3106 = EDGE_CURVE ( 'NONE', #1241, #6050, #5535, .T. ) ;
#3107 = ADVANCED_FACE ( 'NONE', ( #1301 ), #7739, .F. ) ;
#3108 = VECTOR ( 'NONE', #2788, 1000.000000000000000 ) ;
#3109 = CARTESIAN_POINT ( 'NONE',  ( -9.974999999999997900, 0.0000000000000000000, 13.47500000000000100 ) ) ;
#3110 = ORIENTED_EDGE ( 'NONE', *, *, #6215, .T. ) ;
#3111 = VERTEX_POINT ( 'NONE', #1311 ) ;
#3112 = ORIENTED_EDGE ( 'NONE', *, *, #5050, .F. ) ;
#3113 = ORIENTED_EDGE ( 'NONE', *, *, #6341, .T. ) ;
#3114 = CARTESIAN_POINT ( 'NONE',  ( -8.255000000000141100, 1.000000000000000000, 6.004999999999998100 ) ) ;
#3115 = AXIS2_PLACEMENT_3D ( 'NONE', #2635, #107, #2033 ) ;
#3116 = VECTOR ( 'NONE', #7242, 1000.000000000000000 ) ;
#3117 = CARTESIAN_POINT ( 'NONE',  ( -9.975000000000042300, 0.0000000000000000000, -1.175000000000000700 ) ) ;
#3118 = ORIENTED_EDGE ( 'NONE', *, *, #3106, .T. ) ;
#3119 = VERTEX_POINT ( 'NONE', #1999 ) ;
#3120 = EDGE_LOOP ( 'NONE', ( #3422, #4178, #645, #3798 ) ) ;
#3121 = CARTESIAN_POINT ( 'NONE',  ( 0.0000000000000000000, 1.350000000000000100, -11.20500000000000200 ) ) ;
#3122 = CARTESIAN_POINT ( 'NONE',  ( 9.975000000000001400, 0.0000000000000000000, -1.175000000000000700 ) ) ;
#3123 = DIRECTION ( 'NONE',  ( -1.000000000000000000, -0.0000000000000000000, -0.0000000000000000000 ) ) ;
#3124 = SURFACE_STYLE_FILL_AREA ( #4169 ) ;
#3125 = CYLINDRICAL_SURFACE ( 'NONE', #2999, 1.079499999999998800 ) ;
#3126 = ORIENTED_EDGE ( 'NONE', *, *, #4488, .F. ) ;
#3127 = ORIENTED_EDGE ( 'NONE', *, *, #2883, .T. ) ;
#3128 = ORIENTED_EDGE ( 'NONE', *, *, #4539, .F. ) ;
#3129 = CARTESIAN_POINT ( 'NONE',  ( -8.255000000000158900, 1.000000000000000000, 0.4749999999999979800 ) ) ;
#3130 = LINE ( 'NONE', #5055, #6702 ) ;
#3131 = AXIS2_PLACEMENT_3D ( 'NONE', #7995, #6052, #7333 ) ;
#3132 = EDGE_CURVE ( 'NONE', #3249, #7914, #7206, .T. ) ;
#3133 = LINE ( 'NONE', #918, #6806 ) ;
#3134 = PLANE ( 'NONE',  #5375 ) ;
#3135 = FACE_OUTER_BOUND ( 'NONE', #3987, .T. ) ;
#3136 = ADVANCED_FACE ( 'NONE', ( #5438 ), #5718, .F. ) ;
#3137 = DIRECTION ( 'NONE',  ( -0.0000000000000000000, 0.0000000000000000000, 1.000000000000000000 ) ) ;
#3138 = EDGE_CURVE ( 'NONE', #1585, #4701, #7220, .T. ) ;
#3139 = CARTESIAN_POINT ( 'NONE',  ( 7.474999999999995200, 1.000000000000000000, -0.4150000000000004200 ) ) ;
#3140 = CARTESIAN_POINT ( 'NONE',  ( 7.474999999999989000, 1.000000000000000000, 7.204999999999993000 ) ) ;
#3141 = VECTOR ( 'NONE', #1847, 1000.000000000000000 ) ;
#3142 = ADVANCED_FACE ( 'NONE', ( #5738 ), #1335, .F. ) ;
#3143 = VECTOR ( 'NONE', #4984, 1000.000000000000000 ) ;
#3144 = DIRECTION ( 'NONE',  ( -1.000000000000000000, 0.0000000000000000000, -0.0000000000000000000 ) ) ;
#3145 = PLANE ( 'NONE',  #7769 ) ;
#3146 = EDGE_LOOP ( 'NONE', ( #5896, #5962, #7577, #804 ) ) ;
#3147 = ADVANCED_FACE ( 'NONE', ( #3770 ), #6348, .F. ) ;
#3148 = CARTESIAN_POINT ( 'NONE',  ( -9.975000000000006800, 0.0000000000000000000, 8.984999999999999400 ) ) ;
#3149 = VECTOR ( 'NONE', #1000, 1000.000000000000000 ) ;
#3150 = AXIS2_PLACEMENT_3D ( 'NONE', #563, #1794, #1297 ) ;
#3151 = LINE ( 'NONE', #3036, #6909 ) ;
#3152 = ADVANCED_FACE ( 'NONE', ( #3865 ), #4076, .F. ) ;
#3153 = EDGE_CURVE ( 'NONE', #261, #2688, #3558, .T. ) ;
#3154 = EDGE_CURVE ( 'NONE', #1887, #4215, #4656, .T. ) ;
#3155 = CARTESIAN_POINT ( 'NONE',  ( -7.475000000000031600, 0.0000000000000000000, 1.365000000000000000 ) ) ;
#3156 = LINE ( 'NONE', #2279, #4546 ) ;
#3157 = EDGE_LOOP ( 'NONE', ( #6069, #3279, #5613, #6943 ) ) ;
#3158 = LINE ( 'NONE', #4762, #1686 ) ;
#3159 = CARTESIAN_POINT ( 'NONE',  ( 1.905000000000000000, 1.350000000000000100, -12.59500000000000200 ) ) ;
#3160 = AXIS2_PLACEMENT_3D ( 'NONE', #7943, #5401, #5449 ) ;
#3161 = LINE ( 'NONE', #4016, #6524 ) ;
#3162 = DIRECTION ( 'NONE',  ( 1.000000000000000000, -0.0000000000000000000, -0.0000000000000000000 ) ) ;
#3163 = FACE_OUTER_BOUND ( 'NONE', #7754, .T. ) ;
#3164 = ORIENTED_EDGE ( 'NONE', *, *, #6178, .T. ) ;
#3165 = DIRECTION ( 'NONE',  ( 1.000000000000000000, 0.0000000000000000000, 0.0000000000000000000 ) ) ;
#3166 = FACE_OUTER_BOUND ( 'NONE', #6380, .T. ) ;
#3167 = VERTEX_POINT ( 'NONE', #2112 ) ;
#3168 = ORIENTED_EDGE ( 'NONE', *, *, #3264, .T. ) ;
#3169 = DIRECTION ( 'NONE',  ( 0.0000000000000000000, 1.000000000000000000, 0.0000000000000000000 ) ) ;
#3170 = DIRECTION ( 'NONE',  ( -0.0000000000000000000, -0.0000000000000000000, 1.000000000000000000 ) ) ;
#3171 = CARTESIAN_POINT ( 'NONE',  ( 7.474999999999995200, 0.0000000000000000000, 1.365000000000000000 ) ) ;
#3172 = CARTESIAN_POINT ( 'NONE',  ( -9.975000000000024500, 0.0000000000000000000, 3.905000000000000700 ) ) ;
#3173 = VECTOR ( 'NONE', #416, 1000.000000000000000 ) ;
#3174 = COLOUR_RGB ( '',1.000000000000000000, 0.8117647058823529400, 0.5019607843137254800 ) ;
#3175 = ORIENTED_EDGE ( 'NONE', *, *, #2006, .T. ) ;
#3176 = EDGE_CURVE ( 'NONE', #5002, #4207, #2091, .T. ) ;
#3177 = PLANE ( 'NONE',  #678 ) ;
#3178 = FACE_OUTER_BOUND ( 'NONE', #5993, .T. ) ;
#3179 = CARTESIAN_POINT ( 'NONE',  ( -6.734999999999998500, 2.949999999999999700, 12.72500000000000100 ) ) ;
#3180 = CARTESIAN_POINT ( 'NONE',  ( -9.975000000000031600, 0.0000000000000000000, 1.365000000000000000 ) ) ;
#3181 = UNCERTAINTY_MEASURE_WITH_UNIT (LENGTH_MEASURE( 1.000000000000000100E-005 ), #6985, 'distance_accuracy_value', 'NONE');
#3182 = EDGE_CURVE ( 'NONE', #4852, #8069, #1290, .T. ) ;
#3183 = DIRECTION ( 'NONE',  ( -1.000000000000000000, 0.0000000000000000000, -0.0000000000000000000 ) ) ;
#3184 = EDGE_CURVE ( 'NONE', #2427, #2852, #710, .T. ) ;
#3185 = DIRECTION ( 'NONE',  ( 0.0000000000000000000, 0.0000000000000000000, 1.000000000000000000 ) ) ;
#3186 = VECTOR ( 'NONE', #7332, 1000.000000000000000 ) ;
#3187 = ADVANCED_FACE ( 'NONE', ( #3166, #6123 ), #3973, .T. ) ;
#3188 = CIRCLE ( 'NONE', #2624, 0.4500000000000007300 ) ;
#3189 = EDGE_LOOP ( 'NONE', ( #6733, #4954, #1560, #2008 ) ) ;
#3190 = CARTESIAN_POINT ( 'NONE',  ( -9.975000000000031600, 0.0000000000000000000, 1.365000000000000000 ) ) ;
#3191 = DIRECTION ( 'NONE',  ( 4.872818752743839300E-016, 0.0000000000000000000, 1.000000000000000000 ) ) ;
#3192 = ADVANCED_FACE ( 'NONE', ( #27, #2291 ), #6412, .F. ) ;
#3193 = FACE_OUTER_BOUND ( 'NONE', #2028, .T. ) ;
#3194 = CARTESIAN_POINT ( 'NONE',  ( 7.474999999999970300, 0.0000000000000000000, 2.124999999999993300 ) ) ;
#3195 = ORIENTED_EDGE ( 'NONE', *, *, #4306, .T. ) ;
#3196 = CARTESIAN_POINT ( 'NONE',  ( -6.984999999999997700, 2.949999999999999700, 12.72500000000000100 ) ) ;
#3197 = ORIENTED_EDGE ( 'NONE', *, *, #7325, .T. ) ;
#3198 = DIRECTION ( 'NONE',  ( 0.0000000000000000000, 1.000000000000000000, 0.0000000000000000000 ) ) ;
#3199 = EDGE_CURVE ( 'NONE', #812, #5857, #6626, .T. ) ;
#3200 = LINE ( 'NONE', #7055, #157 ) ;
#3201 = CARTESIAN_POINT ( 'NONE',  ( 6.735000000000000300, 2.700000000000000200, -8.285000000000000100 ) ) ;
#3202 = CARTESIAN_POINT ( 'NONE',  ( 0.0000000000000000000, 1.000000000000000000, 0.0000000000000000000 ) ) ;
#3203 = DIRECTION ( 'NONE',  ( 0.0000000000000000000, 0.0000000000000000000, 1.000000000000000000 ) ) ;
#3204 = ORIENTED_EDGE ( 'NONE', *, *, #7345, .T. ) ;
#3205 = ORIENTED_EDGE ( 'NONE', *, *, #1960, .T. ) ;
#3206 = ORIENTED_EDGE ( 'NONE', *, *, #4717, .F. ) ;
#3207 = ORIENTED_EDGE ( 'NONE', *, *, #5417, .F. ) ;
#3208 = DIRECTION ( 'NONE',  ( 0.0000000000000000000, 1.000000000000000000, 0.0000000000000000000 ) ) ;
#3209 = AXIS2_PLACEMENT_3D ( 'NONE', #7884, #4733, #6641 ) ;
#3210 = DIRECTION ( 'NONE',  ( -0.0000000000000000000, -1.000000000000000000, 0.0000000000000000000 ) ) ;
#3211 = AXIS2_PLACEMENT_3D ( 'NONE', #5103, #5778, #3790 ) ;
#3212 = ORIENTED_EDGE ( 'NONE', *, *, #5727, .F. ) ;
#3213 = CLOSED_SHELL ( 'NONE', ( #2083, #4041, #2484, #629, #3691, #6373, #552, #8133 ) ) ;
#3214 = EDGE_CURVE ( 'NONE', #4789, #659, #8006, .T. ) ;
#3215 = EDGE_CURVE ( 'NONE', #4271, #812, #6724, .T. ) ;
#3216 = PLANE ( 'NONE',  #4111 ) ;
#3217 = LINE ( 'NONE', #5317, #6081 ) ;
#3218 = LINE ( 'NONE', #2714, #1650 ) ;
#3219 = DIRECTION ( 'NONE',  ( 0.0000000000000000000, 0.0000000000000000000, 1.000000000000000000 ) ) ;
#3220 = DIRECTION ( 'NONE',  ( 0.0000000000000000000, 0.0000000000000000000, 1.000000000000000000 ) ) ;
#3221 = ORIENTED_EDGE ( 'NONE', *, *, #3382, .T. ) ;
#3222 = ORIENTED_EDGE ( 'NONE', *, *, #2985, .T. ) ;
#3223 = AXIS2_PLACEMENT_3D ( 'NONE', #2519, #6372, #76 ) ;
#3224 = EDGE_CURVE ( 'NONE', #4988, #6861, #208, .T. ) ;
#3225 = CARTESIAN_POINT ( 'NONE',  ( 9.974999999999953500, 0.0000000000000000000, -2.955000000000008100 ) ) ;
#3226 = VERTEX_POINT ( 'NONE', #4564 ) ;
#3227 = CARTESIAN_POINT ( 'NONE',  ( -6.734999999999998500, 2.949999999999999700, 12.97500000000000000 ) ) ;
#3228 = PRESENTATION_STYLE_ASSIGNMENT (( #6445 ) ) ;
#3229 = DIRECTION ( 'NONE',  ( -0.0000000000000000000, 0.0000000000000000000, 1.000000000000000000 ) ) ;
#3230 = VERTEX_POINT ( 'NONE', #5145 ) ;
#3231 = VERTEX_POINT ( 'NONE', #7077 ) ;
#3232 = ADVANCED_FACE ( 'NONE', ( #1204 ), #4588, .F. ) ;
#3233 = DIRECTION ( 'NONE',  ( 0.0000000000000000000, 1.000000000000000000, 0.0000000000000000000 ) ) ;
#3234 = DIRECTION ( 'NONE',  ( 0.0000000000000000000, 1.000000000000000000, 0.0000000000000000000 ) ) ;
#3235 = CARTESIAN_POINT ( 'NONE',  ( 7.474999999999951700, 0.0000000000000000000, 3.642432017675996000E-015 ) ) ;
#3236 = EDGE_LOOP ( 'NONE', ( #6064, #3597, #706, #2581 ) ) ;
#3237 = ORIENTED_EDGE ( 'NONE', *, *, #1300, .T. ) ;
#3238 = DIRECTION ( 'NONE',  ( 0.0000000000000000000, 1.000000000000000000, 0.0000000000000000000 ) ) ;
#3239 = DIRECTION ( 'NONE',  ( 0.0000000000000000000, -0.0000000000000000000, -1.000000000000000000 ) ) ;
#3240 = CARTESIAN_POINT ( 'NONE',  ( -6.749644660940670200, 1.000000000000000000, -8.335000000000000900 ) ) ;
#3241 = LINE ( 'NONE', #2587, #4726 ) ;
#3242 = DIRECTION ( 'NONE',  ( 1.000000000000000000, 0.0000000000000000000, 0.0000000000000000000 ) ) ;
#3243 = LINE ( 'NONE', #4423, #7198 ) ;
#3244 = ORIENTED_EDGE ( 'NONE', *, *, #6607, .F. ) ;
#3245 = EDGE_CURVE ( 'NONE', #2524, #2129, #1493, .T. ) ;
#3246 = CARTESIAN_POINT ( 'NONE',  ( -9.975000000000042300, 0.0000000000000000000, -1.175000000000000700 ) ) ;
#3247 = CARTESIAN_POINT ( 'NONE',  ( -6.984999999999997700, 2.609976000000000100, 12.97500000000000000 ) ) ;
#3248 = DIRECTION ( 'NONE',  ( -0.0000000000000000000, -1.000000000000000000, 0.0000000000000000000 ) ) ;
#3249 = VERTEX_POINT ( 'NONE', #5170 ) ;
#3250 = AXIS2_PLACEMENT_3D ( 'NONE', #8055, #6735, #3602 ) ;
#3251 = DIRECTION ( 'NONE',  ( 0.0000000000000000000, 0.0000000000000000000, 1.000000000000000000 ) ) ;
#3252 = ORIENTED_EDGE ( 'NONE', *, *, #3047, .F. ) ;
#3253 = FACE_OUTER_BOUND ( 'NONE', #4531, .T. ) ;
#3254 = CARTESIAN_POINT ( 'NONE',  ( -9.975000000000024500, 0.0000000000000000000, 2.125000000000000000 ) ) ;
#3255 = CARTESIAN_POINT ( 'NONE',  ( -7.475000000000060000, 1.000000000000000000, -8.035000000000000100 ) ) ;
#3256 = VECTOR ( 'NONE', #6354, 1000.000000000000000 ) ;
#3257 = DIRECTION ( 'NONE',  ( 0.0000000000000000000, 0.0000000000000000000, 1.000000000000000000 ) ) ;
#3258 = CARTESIAN_POINT ( 'NONE',  ( -6.734999999999998500, 2.609976000000000100, -8.535000000000000100 ) ) ;
#3259 = DIRECTION ( 'NONE',  ( 0.0000000000000000000, 1.000000000000000000, 0.0000000000000000000 ) ) ;
#3260 = AXIS2_PLACEMENT_3D ( 'NONE', #753, #1781, #6992 ) ;
#3261 = CARTESIAN_POINT ( 'NONE',  ( -10.77992235650408000, 0.0000000000000000000, -4.604999999999999500 ) ) ;
#3262 = ORIENTED_EDGE ( 'NONE', *, *, #6595, .F. ) ;
#3263 = VECTOR ( 'NONE', #7745, 1000.000000000000000 ) ;
#3264 = EDGE_CURVE ( 'NONE', #3604, #3915, #314, .T. ) ;
#3265 = CARTESIAN_POINT ( 'NONE',  ( 0.0000000000000000000, 1.000000000000000000, 0.0000000000000000000 ) ) ;
#3266 = EDGE_CURVE ( 'NONE', #2726, #1175, #1604, .T. ) ;
#3267 = CARTESIAN_POINT ( 'NONE',  ( 9.974999999999997900, 1.000000000000000000, 11.52499999999999300 ) ) ;
#3268 = ORIENTED_EDGE ( 'NONE', *, *, #7215, .F. ) ;
#3269 = ORIENTED_EDGE ( 'NONE', *, *, #3343, .F. ) ;
#3270 = PLANE ( 'NONE',  #3968 ) ;
#3271 = LINE ( 'NONE', #7522, #726 ) ;
#3272 = VECTOR ( 'NONE', #6427, 1000.000000000000000 ) ;
#3273 = ORIENTED_EDGE ( 'NONE', *, *, #7414, .F. ) ;
#3274 = AXIS2_PLACEMENT_3D ( 'NONE', #6823, #2465, #8059 ) ;
#3275 = VERTEX_POINT ( 'NONE', #6494 ) ;
#3276 = DIRECTION ( 'NONE',  ( -0.0000000000000000000, -0.0000000000000000000, -1.000000000000000000 ) ) ;
#3277 = CARTESIAN_POINT ( 'NONE',  ( -6.734999999999998500, 2.609976000000000100, 12.97500000000000000 ) ) ;
#3278 = ADVANCED_FACE ( 'NONE', ( #5339 ), #123, .F. ) ;
#3279 = ORIENTED_EDGE ( 'NONE', *, *, #2886, .F. ) ;
#3280 = PLANE ( 'NONE',  #1571 ) ;
#3281 = CARTESIAN_POINT ( 'NONE',  ( 7.474999999999995200, 0.0000000000000000000, -5.495000000000000100 ) ) ;
#3282 = VECTOR ( 'NONE', #3123, 1000.000000000000000 ) ;
#3283 = DIRECTION ( 'NONE',  ( 0.0000000000000000000, 1.000000000000000000, -0.0000000000000000000 ) ) ;
#3284 = VECTOR ( 'NONE', #2627, 1000.000000000000000 ) ;
#3285 = DIRECTION ( 'NONE',  ( 1.000000000000000000, 0.0000000000000000000, 0.0000000000000000000 ) ) ;
#3286 = CARTESIAN_POINT ( 'NONE',  ( 7.474999999999951700, 0.0000000000000000000, 3.642432017675996000E-015 ) ) ;
#3287 = ORIENTED_EDGE ( 'NONE', *, *, #5095, .F. ) ;
#3288 = DIRECTION ( 'NONE',  ( 0.0000000000000000000, 0.0000000000000000000, 1.000000000000000000 ) ) ;
#3289 = LINE ( 'NONE', #4109, #7940 ) ;
#3290 = AXIS2_PLACEMENT_3D ( 'NONE', #1228, #8151, #1774 ) ;
#3291 = DIRECTION ( 'NONE',  ( 1.000000000000000000, 0.0000000000000000000, 0.0000000000000000000 ) ) ;
#3292 = EDGE_CURVE ( 'NONE', #4018, #3501, #6829, .T. ) ;
#3293 = FACE_OUTER_BOUND ( 'NONE', #370, .T. ) ;
#3294 = CARTESIAN_POINT ( 'NONE',  ( 9.975000000000001400, 1.000000000000000000, 13.47500000000000100 ) ) ;
#3295 = ORIENTED_EDGE ( 'NONE', *, *, #776, .T. ) ;
#3296 = EDGE_CURVE ( 'NONE', #4302, #6387, #2202, .T. ) ;
#3297 = VERTEX_POINT ( 'NONE', #5335 ) ;
#3298 = ORIENTED_EDGE ( 'NONE', *, *, #2110, .T. ) ;
#3299 = EDGE_LOOP ( 'NONE', ( #4311, #5019, #6658, #2833, #5807, #5338, #575, #1942 ) ) ;
#3300 = VECTOR ( 'NONE', #6012, 1000.000000000000000 ) ;
#3301 = DIRECTION ( 'NONE',  ( 0.0000000000000000000, 0.0000000000000000000, 1.000000000000000000 ) ) ;
#3302 = VERTEX_POINT ( 'NONE', #3346 ) ;
#3303 = EDGE_LOOP ( 'NONE', ( #1065, #868, #4968, #3508 ) ) ;
#3304 =( GEOMETRIC_REPRESENTATION_CONTEXT ( 3 ) GLOBAL_UNCERTAINTY_ASSIGNED_CONTEXT ( ( #7846 ) ) GLOBAL_UNIT_ASSIGNED_CONTEXT ( ( #6722, #1674, #1623 ) ) REPRESENTATION_CONTEXT ( 'NONE', 'WORKASPACE' ) );
#3305 = ORIENTED_EDGE ( 'NONE', *, *, #6097, .F. ) ;
#3306 = CARTESIAN_POINT ( 'NONE',  ( 9.974999999999994300, 1.000000000000000000, -2.955000000000004500 ) ) ;
#3307 = VERTEX_POINT ( 'NONE', #3993 ) ;
#3308 = CARTESIAN_POINT ( 'NONE',  ( 8.255000000000105600, 0.0000000000000000000, 5.554999999999991700 ) ) ;
#3309 = EDGE_CURVE ( 'NONE', #1561, #159, #4751, .T. ) ;
#3310 = DIRECTION ( 'NONE',  ( 0.0000000000000000000, 0.0000000000000000000, 1.000000000000000000 ) ) ;
#3311 = LINE ( 'NONE', #294, #8165 ) ;
#3312 = VERTEX_POINT ( 'NONE', #6666 ) ;
#3313 = VERTEX_POINT ( 'NONE', #2230 ) ;
#3314 = ORIENTED_EDGE ( 'NONE', *, *, #7185, .T. ) ;
#3315 = VERTEX_POINT ( 'NONE', #7240 ) ;
#3316 = ADVANCED_FACE ( 'NONE', ( #6311 ), #5834, .F. ) ;
#3317 = DIRECTION ( 'NONE',  ( 0.0000000000000000000, -0.0000000000000000000, 1.000000000000000000 ) ) ;
#3318 = AXIS2_PLACEMENT_3D ( 'NONE', #6362, #3137, #703 ) ;
#3319 = AXIS2_PLACEMENT_3D ( 'NONE', #6782, #5503, #6860 ) ;
#3320 = FACE_OUTER_BOUND ( 'NONE', #5467, .T. ) ;
#3321 = CIRCLE ( 'NONE', #2578, 0.4500000000000002900 ) ;
#3322 = DIRECTION ( 'NONE',  ( 1.000000000000000000, 0.0000000000000000000, 0.0000000000000000000 ) ) ;
#3323 = ORIENTED_EDGE ( 'NONE', *, *, #6538, .T. ) ;
#3324 = VERTEX_POINT ( 'NONE', #2261 ) ;
#3325 = ORIENTED_EDGE ( 'NONE', *, *, #880, .T. ) ;
#3326 = EDGE_LOOP ( 'NONE', ( #7556, #5040, #4770, #7265 ) ) ;
#3327 = PLANE ( 'NONE',  #2381 ) ;
#3328 = VERTEX_POINT ( 'NONE', #957 ) ;
#3329 = LINE ( 'NONE', #6549, #1764 ) ;
#3330 = DIRECTION ( 'NONE',  ( -0.0000000000000000000, -1.000000000000000000, 0.0000000000000000000 ) ) ;
#3331 = DIRECTION ( 'NONE',  ( 0.0000000000000000000, 1.000000000000000000, 0.0000000000000000000 ) ) ;
#3332 = STYLED_ITEM ( 'NONE', ( #5122 ), #3961 ) ;
#3333 = EDGE_CURVE ( 'NONE', #3231, #4075, #813, .T. ) ;
#3334 = PLANE ( 'NONE',  #1515 ) ;
#3335 = CIRCLE ( 'NONE', #7656, 1.199999999999999700 ) ;
#3336 = FACE_OUTER_BOUND ( 'NONE', #7331, .T. ) ;
#3337 = DIRECTION ( 'NONE',  ( 0.0000000000000000000, 0.0000000000000000000, 1.000000000000000000 ) ) ;
#3338 = VERTEX_POINT ( 'NONE', #3488 ) ;
#3339 = CARTESIAN_POINT ( 'NONE',  ( -8.255000000000167800, 0.0000000000000000000, -2.065000000000002600 ) ) ;
#3340 = LINE ( 'NONE', #7475, #3 ) ;
#3341 = CARTESIAN_POINT ( 'NONE',  ( -6.984999999999997700, 2.609976000000000100, -8.535000000000000100 ) ) ;
#3342 = VECTOR ( 'NONE', #2120, 1000.000000000000000 ) ;
#3343 = EDGE_CURVE ( 'NONE', #7655, #3600, #6424, .T. ) ;
#3344 = VERTEX_POINT ( 'NONE', #7800 ) ;
#3345 = PRODUCT_DEFINITION_CONTEXT ( 'detailed design', #3500, 'design' ) ;
#3346 = CARTESIAN_POINT ( 'NONE',  ( 8.255000000000096700, 1.000000000000000000, 2.564999999999991500 ) ) ;
#3347 = ORIENTED_EDGE ( 'NONE', *, *, #4191, .F. ) ;
#3348 = VECTOR ( 'NONE', #5214, 1000.000000000000000 ) ;
#3349 = LINE ( 'NONE', #1726, #1396 ) ;
#3350 = ORIENTED_EDGE ( 'NONE', *, *, #135, .T. ) ;
#3351 = VECTOR ( 'NONE', #397, 1000.000000000000000 ) ;
#3352 = CARTESIAN_POINT ( 'NONE',  ( 7.474999999999996100, 1.000000000000000000, 11.52499999999999300 ) ) ;
#3353 = CARTESIAN_POINT ( 'NONE',  ( 7.474999999999995200, 0.0000000000000000000, 3.905000000000000700 ) ) ;
#3354 = ORIENTED_EDGE ( 'NONE', *, *, #6928, .F. ) ;
#3355 = VECTOR ( 'NONE', #855, 1000.000000000000000 ) ;
#3356 = ADVANCED_FACE ( 'NONE', ( #4549 ), #1511, .F. ) ;
#3357 = CIRCLE ( 'NONE', #1677, 0.4500000000000007300 ) ;
#3358 = EDGE_CURVE ( 'NONE', #7798, #7379, #8114, .T. ) ;
#3359 = DIRECTION ( 'NONE',  ( -1.000000000000000000, 0.0000000000000000000, 0.0000000000000000000 ) ) ;
#3360 = DIRECTION ( 'NONE',  ( 0.0000000000000000000, 1.000000000000000000, 0.0000000000000000000 ) ) ;
#3361 = LINE ( 'NONE', #5959, #818 ) ;
#3362 = CARTESIAN_POINT ( 'NONE',  ( 6.735000000000002100, 2.700000000000000200, 12.77500000000000000 ) ) ;
#3363 = VECTOR ( 'NONE', #5157, 1000.000000000000000 ) ;
#3364 = DIRECTION ( 'NONE',  ( 1.000000000000000000, 0.0000000000000000000, 0.0000000000000000000 ) ) ;
#3365 = ORIENTED_EDGE ( 'NONE', *, *, #1665, .T. ) ;
#3366 = ORIENTED_EDGE ( 'NONE', *, *, #2413, .F. ) ;
#3367 = DIRECTION ( 'NONE',  ( 1.000000000000000000, -0.0000000000000000000, 0.0000000000000000000 ) ) ;
#3368 = AXIS2_PLACEMENT_3D ( 'NONE', #5142, #7852, #6580 ) ;
#3369 = DIRECTION ( 'NONE',  ( 1.000000000000000000, -0.0000000000000000000, 0.0000000000000000000 ) ) ;
#3370 = FACE_OUTER_BOUND ( 'NONE', #5205, .T. ) ;
#3371 = VECTOR ( 'NONE', #2983, 1000.000000000000000 ) ;
#3372 = EDGE_CURVE ( 'NONE', #4585, #7808, #3158, .T. ) ;
#3373 = CARTESIAN_POINT ( 'NONE',  ( -9.974999999999997900, 0.0000000000000000000, 9.745000000000001000 ) ) ;
#3374 = EDGE_CURVE ( 'NONE', #6370, #6654, #20, .T. ) ;
#3375 = VERTEX_POINT ( 'NONE', #4731 ) ;
#3376 = CARTESIAN_POINT ( 'NONE',  ( 0.0000000000000000000, 0.0000000000000000000, 6.445000000000000300 ) ) ;
#3377 = DIRECTION ( 'NONE',  ( 1.000000000000000000, 0.0000000000000000000, 0.0000000000000000000 ) ) ;
#3378 = CARTESIAN_POINT ( 'NONE',  ( 7.474999999999995200, 0.0000000000000000000, -1.175000000000000700 ) ) ;
#3379 = FACE_BOUND ( 'NONE', #1438, .T. ) ;
#3380 = CIRCLE ( 'NONE', #5250, 0.4500000000000001800 ) ;
#3381 = VERTEX_POINT ( 'NONE', #5357 ) ;
#3382 = EDGE_CURVE ( 'NONE', #6565, #6423, #4841, .T. ) ;
#3383 = CARTESIAN_POINT ( 'NONE',  ( 7.474999999999995200, 1.000000000000000000, -0.4150000000000004200 ) ) ;
#3384 =( LENGTH_UNIT ( ) NAMED_UNIT ( * ) SI_UNIT ( .MILLI., .METRE. ) );
#3385 =( LENGTH_UNIT ( ) NAMED_UNIT ( * ) SI_UNIT ( .MILLI., .METRE. ) );
#3386 = ORIENTED_EDGE ( 'NONE', *, *, #6382, .T. ) ;
#3387 = DIRECTION ( 'NONE',  ( 0.0000000000000000000, 0.0000000000000000000, 1.000000000000000000 ) ) ;
#3388 = DIRECTION ( 'NONE',  ( 0.0000000000000000000, 0.0000000000000000000, 1.000000000000000000 ) ) ;
#3389 = CYLINDRICAL_SURFACE ( 'NONE', #1893, 0.4500000000000007300 ) ;
#3390 = DIRECTION ( 'NONE',  ( 4.872818752743839300E-016, 0.0000000000000000000, 1.000000000000000000 ) ) ;
#3391 = DIRECTION ( 'NONE',  ( -0.0000000000000000000, -1.000000000000000000, 0.0000000000000000000 ) ) ;
#3392 = ORIENTED_EDGE ( 'NONE', *, *, #7458, .T. ) ;
#3393 = ORIENTED_EDGE ( 'NONE', *, *, #1412, .F. ) ;
#3394 = ORIENTED_EDGE ( 'NONE', *, *, #5672, .F. ) ;
#3395 = FILL_AREA_STYLE_COLOUR ( '', #6936 ) ;
#3396 = ADVANCED_FACE ( 'NONE', ( #3062 ), #6609, .F. ) ;
#3397 = DIRECTION ( 'NONE',  ( -0.0000000000000000000, -1.000000000000000000, -0.0000000000000000000 ) ) ;
#3398 = AXIS2_PLACEMENT_3D ( 'NONE', #3057, #1822, #2487 ) ;
#3399 = EDGE_CURVE ( 'NONE', #3491, #4429, #7017, .T. ) ;
#3400 = VECTOR ( 'NONE', #2247, 1000.000000000000000 ) ;
#3401 = DIRECTION ( 'NONE',  ( 0.0000000000000000000, 0.0000000000000000000, 1.000000000000000000 ) ) ;
#3402 = CARTESIAN_POINT ( 'NONE',  ( -9.975000000000042300, 0.0000000000000000000, -2.955000000000001000 ) ) ;
#3403 = ORIENTED_EDGE ( 'NONE', *, *, #5358, .T. ) ;
#3404 = ORIENTED_EDGE ( 'NONE', *, *, #1054, .T. ) ;
#3405 = VERTEX_POINT ( 'NONE', #4703 ) ;
#3406 = EDGE_CURVE ( 'NONE', #1459, #5616, #3550, .T. ) ;
#3407 = ORIENTED_EDGE ( 'NONE', *, *, #4083, .T. ) ;
#3408 = DIRECTION ( 'NONE',  ( -1.000000000000000000, 0.0000000000000000000, -0.0000000000000000000 ) ) ;
#3409 = FACE_OUTER_BOUND ( 'NONE', #6103, .T. ) ;
#3410 = DIRECTION ( 'NONE',  ( 0.0000000000000000000, 0.0000000000000000000, 1.000000000000000000 ) ) ;
#3411 = CARTESIAN_POINT ( 'NONE',  ( 8.255000000000114500, 1.000000000000000000, 7.644999999999990700 ) ) ;
#3412 = ORIENTED_EDGE ( 'NONE', *, *, #3476, .F. ) ;
#3413 = DIRECTION ( 'NONE',  ( -0.0000000000000000000, 1.000000000000000000, -0.0000000000000000000 ) ) ;
#3414 = ORIENTED_EDGE ( 'NONE', *, *, #776, .F. ) ;
#3415 = ORIENTED_EDGE ( 'NONE', *, *, #2545, .T. ) ;
#3416 = LINE ( 'NONE', #993, #1455 ) ;
#3417 = FACE_OUTER_BOUND ( 'NONE', #6432, .T. ) ;
#3418 = AXIS2_PLACEMENT_3D ( 'NONE', #5058, #31, #7632 ) ;
#3419 = CARTESIAN_POINT ( 'NONE',  ( 0.0000000000000000000, 1.000000000000000000, 6.445000000000000300 ) ) ;
#3420 = EDGE_LOOP ( 'NONE', ( #7586, #5236, #4012, #523 ) ) ;
#3421 = ORIENTED_EDGE ( 'NONE', *, *, #2344, .T. ) ;
#3422 = ORIENTED_EDGE ( 'NONE', *, *, #6166, .T. ) ;
#3423 = EDGE_CURVE ( 'NONE', #7742, #1364, #7720, .T. ) ;
#3424 = EDGE_CURVE ( 'NONE', #87, #5385, #519, .T. ) ;
#3425 = DIRECTION ( 'NONE',  ( 1.000000000000000000, -0.0000000000000000000, 0.0000000000000000000 ) ) ;
#3426 = DIRECTION ( 'NONE',  ( 0.0000000000000000000, 0.0000000000000000000, 1.000000000000000000 ) ) ;
#3427 = CARTESIAN_POINT ( 'NONE',  ( 6.735000000000002100, 2.949999999999999700, -8.535000000000000100 ) ) ;
#3428 = EDGE_LOOP ( 'NONE', ( #675, #497 ) ) ;
#3429 = CARTESIAN_POINT ( 'NONE',  ( -8.255000000000176600, 0.0000000000000000000, -5.055000000000001500 ) ) ;
#3430 = EDGE_LOOP ( 'NONE', ( #1238, #1163, #7771, #5199 ) ) ;
#3431 =( NAMED_UNIT ( * ) PLANE_ANGLE_UNIT ( ) SI_UNIT ( $, .RADIAN. ) );
#3432 = VERTEX_POINT ( 'NONE', #3616 ) ;
#3433 = DIRECTION ( 'NONE',  ( 0.0000000000000000000, 0.0000000000000000000, 1.000000000000000000 ) ) ;
#3434 = AXIS2_PLACEMENT_3D ( 'NONE', #1414, #1437, #4494 ) ;
#3435 = AXIS2_PLACEMENT_3D ( 'NONE', #2893, #2919, #7284 ) ;
#3436 = CARTESIAN_POINT ( 'NONE',  ( 9.975000000000001400, 0.0000000000000000000, 13.47500000000000100 ) ) ;
#3437 = VERTEX_POINT ( 'NONE', #2338 ) ;
#3438 = CARTESIAN_POINT ( 'NONE',  ( 8.255000000000061200, 0.0000000000000000000, -7.145000000000009300 ) ) ;
#3439 = FACE_OUTER_BOUND ( 'NONE', #2492, .T. ) ;
#3440 = ORIENTED_EDGE ( 'NONE', *, *, #8136, .F. ) ;
#3441 = MANIFOLD_SOLID_BREP ( 'Boss-Extrude3[11]', #1283 ) ;
#3442 = CARTESIAN_POINT ( 'NONE',  ( 0.0000000000000000000, 1.850000000000000100, -11.00500000000000100 ) ) ;
#3443 = DIRECTION ( 'NONE',  ( -0.0000000000000000000, -1.000000000000000000, -0.0000000000000000000 ) ) ;
#3444 = FILL_AREA_STYLE ('',( #4094 ) ) ;
#3445 = LINE ( 'NONE', #534, #5222 ) ;
#3446 = ADVANCED_FACE ( 'NONE', ( #5628 ), #1066, .F. ) ;
#3447 = CARTESIAN_POINT ( 'NONE',  ( 0.0000000000000000000, 0.0000000000000000000, 8.984999999999999400 ) ) ;
#3448 = VERTEX_POINT ( 'NONE', #1121 ) ;
#3449 = EDGE_CURVE ( 'NONE', #261, #3119, #410, .T. ) ;
#3450 = ORIENTED_EDGE ( 'NONE', *, *, #3728, .T. ) ;
#3451 =( NAMED_UNIT ( * ) PLANE_ANGLE_UNIT ( ) SI_UNIT ( $, .RADIAN. ) );
#3452 = COLOUR_RGB ( '',1.000000000000000000, 0.8117647058823529400, 0.5019607843137254800 ) ;
#3453 = ORIENTED_EDGE ( 'NONE', *, *, #2736, .F. ) ;
#3454 = CARTESIAN_POINT ( 'NONE',  ( 8.255000000000078900, 1.000000000000000000, -1.615000000000009300 ) ) ;
#3455 = CARTESIAN_POINT ( 'NONE',  ( -6.734999999999998500, 2.750000000000000000, 0.0000000000000000000 ) ) ;
#3456 = DIRECTION ( 'NONE',  ( 1.000000000000000000, 0.0000000000000000000, 0.0000000000000000000 ) ) ;
#3457 = EDGE_CURVE ( 'NONE', #5521, #1434, #6115, .T. ) ;
#3458 = ORIENTED_EDGE ( 'NONE', *, *, #4219, .T. ) ;
#3459 = LINE ( 'NONE', #1672, #3867 ) ;
#3460 = EDGE_CURVE ( 'NONE', #3046, #1949, #1779, .T. ) ;
#3461 = EDGE_LOOP ( 'NONE', ( #2354, #3536, #770, #6950 ) ) ;
#3462 = FACE_OUTER_BOUND ( 'NONE', #7480, .T. ) ;
#3463 = DIRECTION ( 'NONE',  ( 0.0000000000000000000, 1.000000000000000000, 0.0000000000000000000 ) ) ;
#3464 = CARTESIAN_POINT ( 'NONE',  ( 0.0000000000000000000, 1.850000000000000100, -11.00500000000000100 ) ) ;
#3465 = DIRECTION ( 'NONE',  ( -0.0000000000000000000, 1.000000000000000000, -0.0000000000000000000 ) ) ;
#3466 = DIRECTION ( 'NONE',  ( -0.0000000000000000000, -1.000000000000000000, 0.0000000000000000000 ) ) ;
#3467 = ORIENTED_EDGE ( 'NONE', *, *, #898, .T. ) ;
#3468 = ORIENTED_EDGE ( 'NONE', *, *, #4983, .T. ) ;
#3469 = DIRECTION ( 'NONE',  ( 0.0000000000000000000, 1.000000000000000000, 0.0000000000000000000 ) ) ;
#3470 = CARTESIAN_POINT ( 'NONE',  ( 0.0000000000000000000, 0.0000000000000000000, 11.52499999999999300 ) ) ;
#3471 = DIRECTION ( 'NONE',  ( 0.0000000000000000000, 1.000000000000000000, 0.0000000000000000000 ) ) ;
#3472 = AXIS2_PLACEMENT_3D ( 'NONE', #2790, #2173, #7236 ) ;
#3473 = VECTOR ( 'NONE', #4196, 1000.000000000000000 ) ;
#3474 = VECTOR ( 'NONE', #6978, 1000.000000000000000 ) ;
#3475 = VERTEX_POINT ( 'NONE', #4860 ) ;
#3476 = EDGE_CURVE ( 'NONE', #6008, #1690, #2474, .T. ) ;
#3477 = DIRECTION ( 'NONE',  ( 0.0000000000000000000, 0.0000000000000000000, 1.000000000000000000 ) ) ;
#3478 =( NAMED_UNIT ( * ) PLANE_ANGLE_UNIT ( ) SI_UNIT ( $, .RADIAN. ) );
#3479 = VECTOR ( 'NONE', #1645, 1000.000000000000000 ) ;
#3480 = EDGE_LOOP ( 'NONE', ( #6261, #6300, #5177, #5370 ) ) ;
#3481 = DIRECTION ( 'NONE',  ( 0.0000000000000000000, 1.000000000000000000, 0.0000000000000000000 ) ) ;
#3482 = CARTESIAN_POINT ( 'NONE',  ( 0.0000000000000000000, 1.000000000000000000, 0.0000000000000000000 ) ) ;
#3483 = AXIS2_PLACEMENT_3D ( 'NONE', #5735, #1299, #39 ) ;
#3484 = AXIS2_PLACEMENT_3D ( 'NONE', #7316, #4221, #442 ) ;
#3485 = DIRECTION ( 'NONE',  ( -0.0000000000000000000, -0.0000000000000000000, -1.000000000000000000 ) ) ;
#3486 = ADVANCED_FACE ( 'NONE', ( #2767 ), #5492, .T. ) ;
#3487 = LINE ( 'NONE', #2087, #5356 ) ;
#3488 = CARTESIAN_POINT ( 'NONE',  ( 9.974999999999953500, 1.000000000000000000, -2.955000000000008100 ) ) ;
#3489 = SURFACE_STYLE_FILL_AREA ( #7274 ) ;
#3490 = CARTESIAN_POINT ( 'NONE',  ( -9.975000000000060000, 0.0000000000000000000, -8.035000000000000100 ) ) ;
#3491 = VERTEX_POINT ( 'NONE', #4269 ) ;
#3492 = CARTESIAN_POINT ( 'NONE',  ( -8.255000000000141100, 1.000000000000000000, 5.554999999999997900 ) ) ;
#3493 = AXIS2_PLACEMENT_3D ( 'NONE', #3004, #422, #1707 ) ;
#3494 = LINE ( 'NONE', #1457, #6661 ) ;
#3495 = EDGE_CURVE ( 'NONE', #5002, #1832, #3459, .T. ) ;
#3496 = CARTESIAN_POINT ( 'NONE',  ( -8.254999999999961700, 1.000000000000000000, 10.63500000000000000 ) ) ;
#3497 = DIRECTION ( 'NONE',  ( 1.000000000000000000, -0.0000000000000000000, 0.0000000000000000000 ) ) ;
#3498 = ORIENTED_EDGE ( 'NONE', *, *, #2006, .F. ) ;
#3499 = CARTESIAN_POINT ( 'NONE',  ( -9.975000000000051200, 0.0000000000000000000, -3.714999999999999400 ) ) ;
#3500 = APPLICATION_CONTEXT ( 'automotive_design' ) ;
#3501 = VERTEX_POINT ( 'NONE', #2935 ) ;
#3502 = EDGE_LOOP ( 'NONE', ( #2927, #1505, #4901, #6957 ) ) ;
#3503 = DIRECTION ( 'NONE',  ( 1.000000000000000000, -0.0000000000000000000, 0.0000000000000000000 ) ) ;
#3504 = ORIENTED_EDGE ( 'NONE', *, *, #4127, .F. ) ;
#3505 = EDGE_CURVE ( 'NONE', #6173, #3328, #906, .T. ) ;
#3506 = DIRECTION ( 'NONE',  ( 0.0000000000000000000, 1.000000000000000000, -0.0000000000000000000 ) ) ;
#3507 = VERTEX_POINT ( 'NONE', #4211 ) ;
#3508 = ORIENTED_EDGE ( 'NONE', *, *, #4779, .T. ) ;
#3509 = DIRECTION ( 'NONE',  ( 0.0000000000000000000, 0.0000000000000000000, 1.000000000000000000 ) ) ;
#3510 = VERTEX_POINT ( 'NONE', #6099 ) ;
#3511 = EDGE_CURVE ( 'NONE', #7034, #635, #5617, .T. ) ;
#3512 = CARTESIAN_POINT ( 'NONE',  ( 1.633066506662996000E-016, 1.350000000000000100, -9.671500000000001800 ) ) ;
#3513 = CARTESIAN_POINT ( 'NONE',  ( -8.255000000000158900, 0.0000000000000000000, 0.02499999999999778800 ) ) ;
#3514 = VERTEX_POINT ( 'NONE', #461 ) ;
#3515 = ORIENTED_EDGE ( 'NONE', *, *, #4978, .T. ) ;
#3516 = ORIENTED_EDGE ( 'NONE', *, *, #6047, .T. ) ;
#3517 = ORIENTED_EDGE ( 'NONE', *, *, #5679, .T. ) ;
#3518 = AXIS2_PLACEMENT_3D ( 'NONE', #5127, #3846, #4468 ) ;
#3519 = CARTESIAN_POINT ( 'NONE',  ( -9.974999999999997900, 0.0000000000000000000, 13.47500000000000100 ) ) ;
#3520 = PLANE ( 'NONE',  #3160 ) ;
#3521 = LINE ( 'NONE', #558, #5989 ) ;
#3522 = EDGE_LOOP ( 'NONE', ( #883, #2820, #5969, #6340 ) ) ;
#3523 = ADVANCED_FACE ( 'NONE', ( #4931 ), #7907, .T. ) ;
#3524 = ORIENTED_EDGE ( 'NONE', *, *, #3505, .T. ) ;
#3525 = ORIENTED_EDGE ( 'NONE', *, *, #5622, .T. ) ;
#3526 = CARTESIAN_POINT ( 'NONE',  ( 0.0000000000000000000, 0.0000000000000000000, 0.0000000000000000000 ) ) ;
#3527 = AXIS2_PLACEMENT_3D ( 'NONE', #6937, #2498, #8163 ) ;
#3528 = VECTOR ( 'NONE', #6962, 1000.000000000000000 ) ;
#3529 = CARTESIAN_POINT ( 'NONE',  ( 6.735000000000002100, 2.700000000000000200, -8.335000000000000900 ) ) ;
#3530 = AXIS2_PLACEMENT_3D ( 'NONE', #229, #950, #1594 ) ;
#3531 = EDGE_CURVE ( 'NONE', #2844, #4741, #7710, .T. ) ;
#3532 = CARTESIAN_POINT ( 'NONE',  ( 6.985000000000000300, 2.700000000000000200, 12.72500000000000100 ) ) ;
#3533 = VECTOR ( 'NONE', #4939, 1000.000000000000000 ) ;
#3534 = CARTESIAN_POINT ( 'NONE',  ( -7.475000000000014700, 0.0000000000000000000, 4.665000000000000000 ) ) ;
#3535 = CIRCLE ( 'NONE', #148, 1.199999999999999700 ) ;
#3536 = ORIENTED_EDGE ( 'NONE', *, *, #6606, .F. ) ;
#3537 = DIRECTION ( 'NONE',  ( 0.0000000000000000000, 0.0000000000000000000, 1.000000000000000000 ) ) ;
#3538 = UNCERTAINTY_MEASURE_WITH_UNIT (LENGTH_MEASURE( 1.000000000000000100E-005 ), #7151, 'distance_accuracy_value', 'NONE');
#3539 = VECTOR ( 'NONE', #2461, 1000.000000000000000 ) ;
#3540 = FACE_OUTER_BOUND ( 'NONE', #3853, .T. ) ;
#3541 = ORIENTED_EDGE ( 'NONE', *, *, #3033, .T. ) ;
#3542 = ORIENTED_EDGE ( 'NONE', *, *, #7607, .T. ) ;
#3543 = DIRECTION ( 'NONE',  ( 0.0000000000000000000, 1.000000000000000000, 0.0000000000000000000 ) ) ;
#3544 = DIRECTION ( 'NONE',  ( 0.0000000000000000000, 1.000000000000000000, -0.0000000000000000000 ) ) ;
#3545 = ORIENTED_EDGE ( 'NONE', *, *, #6341, .F. ) ;
#3546 = LINE ( 'NONE', #7633, #3256 ) ;
#3547 = CARTESIAN_POINT ( 'NONE',  ( 8.255000000000114500, 0.0000000000000000000, 7.644999999999990700 ) ) ;
#3548 = LINE ( 'NONE', #7429, #6309 ) ;
#3549 = ORIENTED_EDGE ( 'NONE', *, *, #3628, .F. ) ;
#3550 = LINE ( 'NONE', #2770, #1989 ) ;
#3551 = FACE_OUTER_BOUND ( 'NONE', #8139, .T. ) ;
#3552 = CARTESIAN_POINT ( 'NONE',  ( -9.975000000000006800, 1.000000000000000000, 7.204999999999999200 ) ) ;
#3553 = EDGE_CURVE ( 'NONE', #2809, #4789, #111, .T. ) ;
#3554 = SURFACE_SIDE_STYLE ('',( #3776 ) ) ;
#3555 = VECTOR ( 'NONE', #2977, 1000.000000000000000 ) ;
#3556 = ADVANCED_FACE ( 'NONE', ( #7319 ), #4158, .F. ) ;
#3557 = EDGE_CURVE ( 'NONE', #7444, #6976, #6208, .T. ) ;
#3558 = CIRCLE ( 'NONE', #1276, 0.2500000000000002200 ) ;
#3559 = DIRECTION ( 'NONE',  ( 0.0000000000000000000, 1.000000000000000000, 0.0000000000000000000 ) ) ;
#3560 = CARTESIAN_POINT ( 'NONE',  ( -7.475000000000025400, 1.000000000000000000, 3.642432017676032300E-015 ) ) ;
#3561 = ORIENTED_EDGE ( 'NONE', *, *, #5562, .F. ) ;
#3562 = DIRECTION ( 'NONE',  ( 0.0000000000000000000, 1.000000000000000000, 0.0000000000000000000 ) ) ;
#3563 = VECTOR ( 'NONE', #2124, 1000.000000000000000 ) ;
#3564 = CIRCLE ( 'NONE', #1029, 1.199999999999999700 ) ;
#3565 = EDGE_LOOP ( 'NONE', ( #5873, #6174, #6465, #2567 ) ) ;
#3566 = DIRECTION ( 'NONE',  ( 4.872818752743839300E-016, 0.0000000000000000000, 1.000000000000000000 ) ) ;
#3567 = DIRECTION ( 'NONE',  ( 1.000000000000000000, 0.0000000000000000000, -4.872818752743839300E-016 ) ) ;
#3568 =( NAMED_UNIT ( * ) SI_UNIT ( $, .STERADIAN. ) SOLID_ANGLE_UNIT ( ) );
#3569 = LINE ( 'NONE', #1724, #1895 ) ;
#3570 = LINE ( 'NONE', #1755, #4088 ) ;
#3571 = EDGE_CURVE ( 'NONE', #8020, #6189, #5331, .T. ) ;
#3572 = EDGE_CURVE ( 'NONE', #5284, #1952, #3965, .T. ) ;
#3573 = VERTEX_POINT ( 'NONE', #3676 ) ;
#3574 = PLANE ( 'NONE',  #894 ) ;
#3575 = CARTESIAN_POINT ( 'NONE',  ( -6.984999999999997700, 2.609976000000000100, -8.299644660940671800 ) ) ;
#3576 = FACE_OUTER_BOUND ( 'NONE', #3565, .T. ) ;
#3577 = DIRECTION ( 'NONE',  ( -1.000000000000000000, -0.0000000000000000000, 1.387778780781446500E-015 ) ) ;
#3578 = CARTESIAN_POINT ( 'NONE',  ( 7.474999999999995200, 0.0000000000000000000, 1.365000000000000000 ) ) ;
#3579 = AXIS2_PLACEMENT_3D ( 'NONE', #2670, #2096, #3331 ) ;
#3580 = VECTOR ( 'NONE', #2104, 1000.000000000000000 ) ;
#3581 = AXIS2_PLACEMENT_3D ( 'NONE', #8110, #1866, #806 ) ;
#3582 = EDGE_LOOP ( 'NONE', ( #2531, #1782, #786, #5699 ) ) ;
#3583 = PLANE ( 'NONE',  #7799 ) ;
#3584 =( NAMED_UNIT ( * ) SI_UNIT ( $, .STERADIAN. ) SOLID_ANGLE_UNIT ( ) );
#3585 = LINE ( 'NONE', #1324, #5866 ) ;
#3586 = CARTESIAN_POINT ( 'NONE',  ( 9.975000000000001400, 1.000000000000000000, -1.175000000000000700 ) ) ;
#3587 = ORIENTED_EDGE ( 'NONE', *, *, #1805, .F. ) ;
#3588 = EDGE_LOOP ( 'NONE', ( #5953, #3412, #5406, #5395 ) ) ;
#3589 = CARTESIAN_POINT ( 'NONE',  ( 7.474999999999995200, 0.0000000000000000000, -6.254999999999999900 ) ) ;
#3590 = ORIENTED_EDGE ( 'NONE', *, *, #3079, .T. ) ;
#3591 = EDGE_CURVE ( 'NONE', #2473, #4309, #1098, .T. ) ;
#3592 = CARTESIAN_POINT ( 'NONE',  ( 6.735000000000002100, 2.700000000000000200, -8.285000000000000100 ) ) ;
#3593 = CONICAL_SURFACE ( 'NONE', #7302, 1.079499999999998800, 1.134464013796320700 ) ;
#3594 = DIRECTION ( 'NONE',  ( -1.000000000000000000, -0.0000000000000000000, 1.387778780781446500E-015 ) ) ;
#3595 = CARTESIAN_POINT ( 'NONE',  ( -9.974999999999997900, 1.000000000000000000, 9.745000000000001000 ) ) ;
#3596 = ORIENTED_EDGE ( 'NONE', *, *, #6538, .F. ) ;
#3597 = ORIENTED_EDGE ( 'NONE', *, *, #2144, .F. ) ;
#3598 = EDGE_LOOP ( 'NONE', ( #3026, #5476, #2433, #4504 ) ) ;
#3599 = ADVANCED_FACE ( 'NONE', ( #7606 ), #6226, .F. ) ;
#3600 = VERTEX_POINT ( 'NONE', #5657 ) ;
#3601 = EDGE_CURVE ( 'NONE', #8020, #3437, #7815, .T. ) ;
#3602 = DIRECTION ( 'NONE',  ( 0.0000000000000000000, 0.0000000000000000000, 1.000000000000000000 ) ) ;
#3603 = EDGE_LOOP ( 'NONE', ( #6747, #7783, #4395, #7719 ) ) ;
#3604 = VERTEX_POINT ( 'NONE', #6876 ) ;
#3605 = ORIENTED_EDGE ( 'NONE', *, *, #3085, .F. ) ;
#3606 = EDGE_CURVE ( 'NONE', #1241, #3328, #7104, .T. ) ;
#3607 = CARTESIAN_POINT ( 'NONE',  ( -9.974999999999997900, 1.000000000000000000, 13.47500000000000100 ) ) ;
#3608 = DIRECTION ( 'NONE',  ( 0.0000000000000000000, 1.000000000000000000, 0.0000000000000000000 ) ) ;
#3609 = VECTOR ( 'NONE', #2215, 1000.000000000000000 ) ;
#3610 = CIRCLE ( 'NONE', #5059, 1.199999999999999700 ) ;
#3611 = CARTESIAN_POINT ( 'NONE',  ( 7.474999999999941900, 1.000000000000000000, 3.642432017675991300E-015 ) ) ;
#3612 = ORIENTED_EDGE ( 'NONE', *, *, #6796, .F. ) ;
#3613 = ORIENTED_EDGE ( 'NONE', *, *, #2649, .F. ) ;
#3614 = ORIENTED_EDGE ( 'NONE', *, *, #5432, .T. ) ;
#3615 = VERTEX_POINT ( 'NONE', #3735 ) ;
#3616 = CARTESIAN_POINT ( 'NONE',  ( -6.784999999999997500, 2.609976000000000100, 12.72500000000000100 ) ) ;
#3617 = VERTEX_POINT ( 'NONE', #4372 ) ;
#3618 = PLANE ( 'NONE',  #3907 ) ;
#3619 = FACE_OUTER_BOUND ( 'NONE', #4329, .T. ) ;
#3620 = DIRECTION ( 'NONE',  ( 0.0000000000000000000, 1.000000000000000000, 0.0000000000000000000 ) ) ;
#3621 = DIRECTION ( 'NONE',  ( 1.000000000000000000, 0.0000000000000000000, 0.0000000000000000000 ) ) ;
#3622 = ADVANCED_FACE ( 'NONE', ( #3253 ), #4318, .T. ) ;
#3623 = AXIS2_PLACEMENT_3D ( 'NONE', #949, #902, #1530 ) ;
#3624 = ORIENTED_EDGE ( 'NONE', *, *, #4243, .T. ) ;
#3625 = DIRECTION ( 'NONE',  ( 0.0000000000000000000, 0.0000000000000000000, -1.000000000000000000 ) ) ;
#3626 = ORIENTED_EDGE ( 'NONE', *, *, #5341, .F. ) ;
#3627 = ORIENTED_EDGE ( 'NONE', *, *, #2119, .F. ) ;
#3628 = EDGE_CURVE ( 'NONE', #253, #4115, #1196, .T. ) ;
#3629 = DIRECTION ( 'NONE',  ( 0.0000000000000000000, 1.734723475976805500E-015, -1.000000000000000000 ) ) ;
#3630 = CARTESIAN_POINT ( 'NONE',  ( -9.974999999999997900, 0.0000000000000000000, 11.52500000000000000 ) ) ;
#3631 = SURFACE_STYLE_USAGE ( .BOTH. , #4300 ) ;
#3632 = CARTESIAN_POINT ( 'NONE',  ( 7.474999999999944600, 1.000000000000000000, -5.495000000000007200 ) ) ;
#3633 = ORIENTED_EDGE ( 'NONE', *, *, #5652, .F. ) ;
#3634 = CYLINDRICAL_SURFACE ( 'NONE', #7178, 0.04999999999999969700 ) ;
#3635 = ORIENTED_EDGE ( 'NONE', *, *, #7354, .F. ) ;
#3636 = VECTOR ( 'NONE', #7950, 1000.000000000000000 ) ;
#3637 = AXIS2_PLACEMENT_3D ( 'NONE', #6980, #6431, #5747 ) ;
#3638 = CARTESIAN_POINT ( 'NONE',  ( -7.475000000000059200, 0.0000000000000000000, -6.254999999999999900 ) ) ;
#3639 = LINE ( 'NONE', #1824, #5511 ) ;
#3640 = CARTESIAN_POINT ( 'NONE',  ( 0.0000000000000000000, 0.0000000000000000000, 0.0000000000000000000 ) ) ;
#3641 =( GEOMETRIC_REPRESENTATION_CONTEXT ( 3 ) GLOBAL_UNCERTAINTY_ASSIGNED_CONTEXT ( ( #6631 ) ) GLOBAL_UNIT_ASSIGNED_CONTEXT ( ( #7905, #257, #7261 ) ) REPRESENTATION_CONTEXT ( 'NONE', 'WORKASPACE' ) );
#3642 = EDGE_CURVE ( 'NONE', #3501, #4018, #2193, .T. ) ;
#3643 = ORIENTED_EDGE ( 'NONE', *, *, #2928, .F. ) ;
#3644 = CARTESIAN_POINT ( 'NONE',  ( 7.474999999999995200, 0.0000000000000000000, -3.714999999999999400 ) ) ;
#3645 = EDGE_LOOP ( 'NONE', ( #7382, #392, #2192, #7423 ) ) ;
#3646 = DIRECTION ( 'NONE',  ( 0.0000000000000000000, 0.0000000000000000000, 1.000000000000000000 ) ) ;
#3647 = LINE ( 'NONE', #4176, #4634 ) ;
#3648 = ADVANCED_FACE ( 'NONE', ( #6020 ), #1229, .T. ) ;
#3649 = VECTOR ( 'NONE', #2237, 1000.000000000000000 ) ;
#3650 = AXIS2_PLACEMENT_3D ( 'NONE', #1599, #5994, #6638 ) ;
#3651 = PLANE ( 'NONE',  #694 ) ;
#3652 = VERTEX_POINT ( 'NONE', #3063 ) ;
#3653 = EDGE_CURVE ( 'NONE', #4199, #7742, #306, .T. ) ;
#3654 = CARTESIAN_POINT ( 'NONE',  ( -6.984999999999997700, 1.000000000000000000, -8.535000000000000100 ) ) ;
#3655 = EDGE_LOOP ( 'NONE', ( #6598, #2923, #4500, #7011 ) ) ;
#3656 = VECTOR ( 'NONE', #545, 1000.000000000000000 ) ;
#3657 = CARTESIAN_POINT ( 'NONE',  ( -8.255000000000185500, 0.0000000000000000000, -7.595000000000001500 ) ) ;
#3658 = LINE ( 'NONE', #2151, #513 ) ;
#3659 = SURFACE_STYLE_USAGE ( .BOTH. , #6810 ) ;
#3660 = CARTESIAN_POINT ( 'NONE',  ( 0.0000000000000000000, 0.0000000000000000000, 11.52500000000000000 ) ) ;
#3661 = CARTESIAN_POINT ( 'NONE',  ( 0.0000000000000000000, 1.000000000000000000, -5.495000000000000100 ) ) ;
#3662 = LINE ( 'NONE', #7372, #2079 ) ;
#3663 = VERTEX_POINT ( 'NONE', #4396 ) ;
#3664 = SURFACE_STYLE_FILL_AREA ( #6124 ) ;
#3665 = VERTEX_POINT ( 'NONE', #7486 ) ;
#3666 = DIRECTION ( 'NONE',  ( -0.0000000000000000000, 0.0000000000000000000, -1.000000000000000000 ) ) ;
#3667 = VECTOR ( 'NONE', #7494, 1000.000000000000000 ) ;
#3668 = CARTESIAN_POINT ( 'NONE',  ( -9.975000000000042300, 1.000000000000000000, -2.955000000000001000 ) ) ;
#3669 = LINE ( 'NONE', #7483, #1996 ) ;
#3670 = PLANE ( 'NONE',  #3274 ) ;
#3671 = AXIS2_PLACEMENT_3D ( 'NONE', #5684, #2515, #5043 ) ;
#3672 = DIRECTION ( 'NONE',  ( -0.0000000000000000000, 0.0000000000000000000, 1.000000000000000000 ) ) ;
#3673 = EDGE_CURVE ( 'NONE', #3866, #4787, #2283, .T. ) ;
#3674 = ORIENTED_EDGE ( 'NONE', *, *, #3804, .T. ) ;
#3675 = CARTESIAN_POINT ( 'NONE',  ( 10.77992235650400900, 1.000000000000000000, 5.554999999999993500 ) ) ;
#3676 = CARTESIAN_POINT ( 'NONE',  ( -9.975000000000006800, 1.000000000000000000, 7.204999999999999200 ) ) ;
#3677 = LINE ( 'NONE', #7207, #8130 ) ;
#3678 = ORIENTED_EDGE ( 'NONE', *, *, #2667, .F. ) ;
#3679 = AXIS2_PLACEMENT_3D ( 'NONE', #3998, #298, #1578 ) ;
#3680 = PLANE ( 'NONE',  #5319 ) ;
#3681 = DIRECTION ( 'NONE',  ( -0.0000000000000000000, -1.000000000000000000, 0.0000000000000000000 ) ) ;
#3682 = ADVANCED_FACE ( 'NONE', ( #1393 ), #6402, .F. ) ;
#3683 = DIRECTION ( 'NONE',  ( 1.000000000000000000, -0.0000000000000000000, 0.0000000000000000000 ) ) ;
#3684 = FACE_OUTER_BOUND ( 'NONE', #2638, .T. ) ;
#3685 = CIRCLE ( 'NONE', #7435, 0.4499999999999999000 ) ;
#3686 = DIRECTION ( 'NONE',  ( -0.0000000000000000000, 1.000000000000000000, -0.0000000000000000000 ) ) ;
#3687 = CARTESIAN_POINT ( 'NONE',  ( -6.984999999999997700, 2.609976000000000100, 12.97500000000000000 ) ) ;
#3688 = ORIENTED_EDGE ( 'NONE', *, *, #426, .F. ) ;
#3689 = DIRECTION ( 'NONE',  ( -0.0000000000000000000, -1.000000000000000000, -0.0000000000000000000 ) ) ;
#3690 = PRESENTATION_LAYER_ASSIGNMENT (  '', '', ( #5532 ) ) ;
#3691 = ADVANCED_FACE ( 'NONE', ( #4449 ), #5101, .F. ) ;
#3692 = EDGE_CURVE ( 'NONE', #4429, #2282, #1980, .T. ) ;
#3693 = EDGE_CURVE ( 'NONE', #2524, #5001, #4742, .T. ) ;
#3694 = FACE_OUTER_BOUND ( 'NONE', #5010, .T. ) ;
#3695 = UNCERTAINTY_MEASURE_WITH_UNIT (LENGTH_MEASURE( 1.000000000000000100E-005 ), #5184, 'distance_accuracy_value', 'NONE');
#3696 = ORIENTED_EDGE ( 'NONE', *, *, #1316, .F. ) ;
#3697 = DIRECTION ( 'NONE',  ( -1.000000000000000000, 0.0000000000000000000, -0.0000000000000000000 ) ) ;
#3698 = DIRECTION ( 'NONE',  ( 0.0000000000000000000, 1.000000000000000000, 0.0000000000000000000 ) ) ;
#3699 = AXIS2_PLACEMENT_3D ( 'NONE', #6434, #7066, #3285 ) ;
#3700 = LINE ( 'NONE', #2669, #2118 ) ;
#3701 = DIRECTION ( 'NONE',  ( -1.000000000000000000, 0.0000000000000000000, 0.0000000000000000000 ) ) ;
#3702 = ORIENTED_EDGE ( 'NONE', *, *, #1494, .T. ) ;
#3703 = EDGE_LOOP ( 'NONE', ( #1661, #4247, #4021, #2822 ) ) ;
#3704 = DIRECTION ( 'NONE',  ( 0.0000000000000000000, 0.0000000000000000000, 1.000000000000000000 ) ) ;
#3705 = VERTEX_POINT ( 'NONE', #4529 ) ;
#3706 = DIRECTION ( 'NONE',  ( -0.0000000000000000000, -1.000000000000000000, 0.0000000000000000000 ) ) ;
#3707 = CARTESIAN_POINT ( 'NONE',  ( 6.985000000000000300, 2.949999999999999700, 12.73964466094067300 ) ) ;
#3708 = CIRCLE ( 'NONE', #2948, 1.079499999999998800 ) ;
#3709 = DIRECTION ( 'NONE',  ( -4.872818752743839300E-016, -0.0000000000000000000, -1.000000000000000000 ) ) ;
#3710 = ORIENTED_EDGE ( 'NONE', *, *, #4297, .T. ) ;
#3711 = EDGE_LOOP ( 'NONE', ( #4401, #5703, #2440, #6071 ) ) ;
#3712 = ORIENTED_EDGE ( 'NONE', *, *, #4779, .F. ) ;
#3713 = DIRECTION ( 'NONE',  ( 0.0000000000000000000, 0.0000000000000000000, 1.000000000000000000 ) ) ;
#3714 = CARTESIAN_POINT ( 'NONE',  ( 9.975000000000001400, 1.000000000000000000, 13.47500000000000100 ) ) ;
#3715 = CIRCLE ( 'NONE', #537, 0.4499999999998463600 ) ;
#3716 = EDGE_LOOP ( 'NONE', ( #3760, #3748, #356, #1789 ) ) ;
#3717 = EDGE_LOOP ( 'NONE', ( #6499, #6301, #3626, #7605 ) ) ;
#3718 = VERTEX_POINT ( 'NONE', #3172 ) ;
#3719 = ORIENTED_EDGE ( 'NONE', *, *, #7597, .T. ) ;
#3720 = AXIS2_PLACEMENT_3D ( 'NONE', #6491, #1400, #851 ) ;
#3721 = EDGE_CURVE ( 'NONE', #3652, #2000, #5929, .T. ) ;
#3722 = FACE_OUTER_BOUND ( 'NONE', #5632, .T. ) ;
#3723 = DIRECTION ( 'NONE',  ( -1.000000000000000000, 0.0000000000000000000, 0.0000000000000000000 ) ) ;
#3724 = VECTOR ( 'NONE', #8079, 1000.000000000000000 ) ;
#3725 = ADVANCED_FACE ( 'NONE', ( #6416 ), #7007, .F. ) ;
#3726 = ORIENTED_EDGE ( 'NONE', *, *, #6607, .T. ) ;
#3727 = CARTESIAN_POINT ( 'NONE',  ( 8.255000000000078900, 0.0000000000000000000, -1.615000000000009300 ) ) ;
#3728 = EDGE_CURVE ( 'NONE', #4563, #4741, #5731, .T. ) ;
#3729 = ORIENTED_EDGE ( 'NONE', *, *, #7168, .T. ) ;
#3730 = ORIENTED_EDGE ( 'NONE', *, *, #1766, .F. ) ;
#3731 = ORIENTED_EDGE ( 'NONE', *, *, #5151, .F. ) ;
#3732 = VECTOR ( 'NONE', #3686, 1000.000000000000000 ) ;
#3733 = ADVANCED_FACE ( 'NONE', ( #3055 ), #3820, .F. ) ;
#3734 = CARTESIAN_POINT ( 'NONE',  ( -6.749644660940670200, 1.000000000000000000, 12.97500000000000000 ) ) ;
#3735 = CARTESIAN_POINT ( 'NONE',  ( -9.975000000000024500, 1.000000000000000000, 3.905000000000000700 ) ) ;
#3736 = ADVANCED_FACE ( 'NONE', ( #4349 ), #1331, .F. ) ;
#3737 = CYLINDRICAL_SURFACE ( 'NONE', #6533, 0.4500000000000002900 ) ;
#3738 = DIRECTION ( 'NONE',  ( -0.0000000000000000000, 0.0000000000000000000, 1.000000000000000000 ) ) ;
#3739 = AXIS2_PLACEMENT_3D ( 'NONE', #6229, #1153, #2472 ) ;
#3740 = CIRCLE ( 'NONE', #7767, 0.2500000000000002200 ) ;
#3741 = ORIENTED_EDGE ( 'NONE', *, *, #4173, .T. ) ;
#3742 = EDGE_CURVE ( 'NONE', #1918, #2441, #7502, .T. ) ;
#3743 = CARTESIAN_POINT ( 'NONE',  ( -9.975000000000042300, 0.0000000000000000000, -2.955000000000001000 ) ) ;
#3744 = DIRECTION ( 'NONE',  ( -0.0000000000000000000, 1.000000000000000000, -0.0000000000000000000 ) ) ;
#3745 = DIRECTION ( 'NONE',  ( -1.000000000000000000, -0.0000000000000000000, -0.0000000000000000000 ) ) ;
#3746 = LINE ( 'NONE', #2409, #4149 ) ;
#3747 = VECTOR ( 'NONE', #4969, 1000.000000000000000 ) ;
#3748 = ORIENTED_EDGE ( 'NONE', *, *, #4476, .F. ) ;
#3749 =( GEOMETRIC_REPRESENTATION_CONTEXT ( 3 ) GLOBAL_UNCERTAINTY_ASSIGNED_CONTEXT ( ( #1625 ) ) GLOBAL_UNIT_ASSIGNED_CONTEXT ( ( #5350, #3478, #7258 ) ) REPRESENTATION_CONTEXT ( 'NONE', 'WORKASPACE' ) );
#3750 = DIRECTION ( 'NONE',  ( 1.000000000000000000, -0.0000000000000000000, 0.0000000000000000000 ) ) ;
#3751 = ORIENTED_EDGE ( 'NONE', *, *, #589, .F. ) ;
#3752 = VECTOR ( 'NONE', #21, 1000.000000000000000 ) ;
#3753 = DIRECTION ( 'NONE',  ( -1.000000000000000000, -0.0000000000000000000, 1.387778780781446500E-015 ) ) ;
#3754 = VECTOR ( 'NONE', #5088, 1000.000000000000000 ) ;
#3755 = ORIENTED_EDGE ( 'NONE', *, *, #125, .F. ) ;
#3756 = DIRECTION ( 'NONE',  ( 1.000000000000000000, -0.0000000000000000000, 0.0000000000000000000 ) ) ;
#3757 = CARTESIAN_POINT ( 'NONE',  ( -8.255000000000185500, 0.0000000000000000000, -7.145000000000002200 ) ) ;
#3758 = LINE ( 'NONE', #6015, #4839 ) ;
#3759 = DIRECTION ( 'NONE',  ( 0.0000000000000000000, 1.000000000000000000, 0.0000000000000000000 ) ) ;
#3760 = ORIENTED_EDGE ( 'NONE', *, *, #1367, .T. ) ;
#3761 = VECTOR ( 'NONE', #2406, 1000.000000000000000 ) ;
#3762 = DIRECTION ( 'NONE',  ( -4.872818752743839300E-016, 0.0000000000000000000, 1.000000000000000000 ) ) ;
#3763 = AXIS2_PLACEMENT_3D ( 'NONE', #6090, #4828, #4308 ) ;
#3764 = CARTESIAN_POINT ( 'NONE',  ( 6.985000000000000300, 2.949999999999999700, -8.285000000000000100 ) ) ;
#3765 = EDGE_CURVE ( 'NONE', #4479, #6565, #5428, .T. ) ;
#3766 = LINE ( 'NONE', #2362, #613 ) ;
#3767 = CARTESIAN_POINT ( 'NONE',  ( 9.975000000000001400, 0.0000000000000000000, -3.714999999999999400 ) ) ;
#3768 = ADVANCED_FACE ( 'NONE', ( #7209 ), #3851, .T. ) ;
#3769 = LINE ( 'NONE', #3660, #616 ) ;
#3770 = FACE_OUTER_BOUND ( 'NONE', #7773, .T. ) ;
#3771 = DIRECTION ( 'NONE',  ( -0.0000000000000000000, -1.000000000000000000, 0.0000000000000000000 ) ) ;
#3772 = ORIENTED_EDGE ( 'NONE', *, *, #6216, .T. ) ;
#3773 = CARTESIAN_POINT ( 'NONE',  ( -7.475000000000014700, 0.0000000000000000000, 4.665000000000000000 ) ) ;
#3774 = ADVANCED_FACE ( 'NONE', ( #5529 ), #5803, .F. ) ;
#3775 = PRESENTATION_STYLE_ASSIGNMENT (( #5475 ) ) ;
#3776 = SURFACE_STYLE_FILL_AREA ( #6018 ) ;
#3777 = EDGE_CURVE ( 'NONE', #4033, #7293, #1486, .T. ) ;
#3778 = ORIENTED_EDGE ( 'NONE', *, *, #4367, .F. ) ;
#3779 = ADVANCED_FACE ( 'NONE', ( #2665 ), #6345, .F. ) ;
#3780 = CARTESIAN_POINT ( 'NONE',  ( 7.474999999999998800, 1.000000000000000000, 4.665000000000000000 ) ) ;
#3781 = DIRECTION ( 'NONE',  ( 0.0000000000000000000, 1.000000000000000000, 0.0000000000000000000 ) ) ;
#3782 = FACE_OUTER_BOUND ( 'NONE', #3157, .T. ) ;
#3783 = PLANE ( 'NONE',  #6392 ) ;
#3784 = AXIS2_PLACEMENT_3D ( 'NONE', #892, #249, #7089 ) ;
#3785 = LINE ( 'NONE', #3856, #7533 ) ;
#3786 = ORIENTED_EDGE ( 'NONE', *, *, #5267, .T. ) ;
#3787 = CARTESIAN_POINT ( 'NONE',  ( 7.474999999999995200, 0.0000000000000000000, -2.955000000000001000 ) ) ;
#3788 = MECHANICAL_DESIGN_GEOMETRIC_PRESENTATION_REPRESENTATION (  '', ( #7166 ), #7862 ) ;
#3789 = CIRCLE ( 'NONE', #2518, 1.199999999999999700 ) ;
#3790 = DIRECTION ( 'NONE',  ( 0.0000000000000000000, 0.0000000000000000000, 1.000000000000000000 ) ) ;
#3791 = LINE ( 'NONE', #4245, #6749 ) ;
#3792 = EDGE_CURVE ( 'NONE', #29, #1459, #7598, .T. ) ;
#3793 = DIRECTION ( 'NONE',  ( 1.000000000000000000, 0.0000000000000000000, -0.0000000000000000000 ) ) ;
#3794 = ORIENTED_EDGE ( 'NONE', *, *, #7881, .T. ) ;
#3795 = CARTESIAN_POINT ( 'NONE',  ( -7.475000000000014700, 0.0000000000000000000, 4.665000000000000000 ) ) ;
#3796 = LINE ( 'NONE', #3957, #4582 ) ;
#3797 = AXIS2_PLACEMENT_3D ( 'NONE', #5950, #4683, #2094 ) ;
#3798 = ORIENTED_EDGE ( 'NONE', *, *, #4936, .T. ) ;
#3799 = DIRECTION ( 'NONE',  ( 0.0000000000000000000, 1.000000000000000000, -0.0000000000000000000 ) ) ;
#3800 = ORIENTED_EDGE ( 'NONE', *, *, #2150, .F. ) ;
#3801 = AXIS2_PLACEMENT_3D ( 'NONE', #1916, #636, #1978 ) ;
#3802 = EDGE_LOOP ( 'NONE', ( #4557, #4693, #5818, #242 ) ) ;
#3803 = EDGE_CURVE ( 'NONE', #5677, #1635, #9, .T. ) ;
#3804 = EDGE_CURVE ( 'NONE', #593, #7034, #2956, .T. ) ;
#3805 = SURFACE_STYLE_FILL_AREA ( #5378 ) ;
#3806 = CARTESIAN_POINT ( 'NONE',  ( -9.974999999999997900, 1.000000000000000000, 9.745000000000001000 ) ) ;
#3807 = ORIENTED_EDGE ( 'NONE', *, *, #6560, .F. ) ;
#3808 = ORIENTED_EDGE ( 'NONE', *, *, #6166, .F. ) ;
#3809 = ORIENTED_EDGE ( 'NONE', *, *, #6459, .T. ) ;
#3810 = CARTESIAN_POINT ( 'NONE',  ( 8.255000000000078900, 0.0000000000000000000, -2.515000000000009900 ) ) ;
#3811 = ORIENTED_EDGE ( 'NONE', *, *, #2308, .F. ) ;
#3812 = DIRECTION ( 'NONE',  ( 0.0000000000000000000, 1.000000000000000000, 0.0000000000000000000 ) ) ;
#3813 = AXIS2_PLACEMENT_3D ( 'NONE', #4235, #6871, #4259 ) ;
#3814 = EDGE_CURVE ( 'NONE', #3231, #5203, #503, .T. ) ;
#3815 = CARTESIAN_POINT ( 'NONE',  ( 8.255000000000114500, 0.0000000000000000000, 8.094999999999991800 ) ) ;
#3816 = DIRECTION ( 'NONE',  ( 0.0000000000000000000, -1.000000000000000000, 0.0000000000000000000 ) ) ;
#3817 = CARTESIAN_POINT ( 'NONE',  ( 9.974999999999997900, 0.0000000000000000000, 9.744999999999993900 ) ) ;
#3818 = ORIENTED_EDGE ( 'NONE', *, *, #2034, .F. ) ;
#3819 = ORIENTED_EDGE ( 'NONE', *, *, #7076, .T. ) ;
#3820 = PLANE ( 'NONE',  #221 ) ;
#3821 = DIRECTION ( 'NONE',  ( 0.0000000000000000000, 0.0000000000000000000, -1.000000000000000000 ) ) ;
#3822 = ADVANCED_FACE ( 'NONE', ( #1875 ), #2861, .T. ) ;
#3823 = SURFACE_SIDE_STYLE ('',( #6441 ) ) ;
#3824 = FACE_OUTER_BOUND ( 'NONE', #4409, .T. ) ;
#3825 = LINE ( 'NONE', #4566, #6884 ) ;
#3826 = ORIENTED_EDGE ( 'NONE', *, *, #5485, .T. ) ;
#3827 = ORIENTED_EDGE ( 'NONE', *, *, #3933, .F. ) ;
#3828 = ORIENTED_EDGE ( 'NONE', *, *, #4460, .F. ) ;
#3829 = VERTEX_POINT ( 'NONE', #7064 ) ;
#3830 = DIRECTION ( 'NONE',  ( 0.0000000000000000000, 1.000000000000000000, 0.0000000000000000000 ) ) ;
#3831 = CARTESIAN_POINT ( 'NONE',  ( 0.0000000000000000000, 1.000000000000000000, 0.0000000000000000000 ) ) ;
#3832 = ORIENTED_EDGE ( 'NONE', *, *, #549, .F. ) ;
#3833 = CIRCLE ( 'NONE', #373, 0.4499999999998463600 ) ;
#3834 = ORIENTED_EDGE ( 'NONE', *, *, #6384, .F. ) ;
#3835 = DIRECTION ( 'NONE',  ( 0.0000000000000000000, 0.0000000000000000000, -1.000000000000000000 ) ) ;
#3836 = AXIS2_PLACEMENT_3D ( 'NONE', #3589, #2915, #464 ) ;
#3837 = ORIENTED_EDGE ( 'NONE', *, *, #7346, .F. ) ;
#3838 = EDGE_CURVE ( 'NONE', #6861, #2630, #3854, .T. ) ;
#3839 = EDGE_LOOP ( 'NONE', ( #5342, #5676 ) ) ;
#3840 = DIRECTION ( 'NONE',  ( 1.445602896647339500E-015, 0.0000000000000000000, 1.000000000000000000 ) ) ;
#3841 = ORIENTED_EDGE ( 'NONE', *, *, #6764, .F. ) ;
#3842 = CARTESIAN_POINT ( 'NONE',  ( -6.984999999999997700, 2.609976000000000100, -8.535000000000000100 ) ) ;
#3843 = EDGE_CURVE ( 'NONE', #561, #3866, #5720, .T. ) ;
#3844 = ORIENTED_EDGE ( 'NONE', *, *, #3895, .F. ) ;
#3845 = DIRECTION ( 'NONE',  ( 0.0000000000000000000, 1.000000000000000000, -6.938893903907233900E-015 ) ) ;
#3846 = DIRECTION ( 'NONE',  ( 0.0000000000000000000, 1.000000000000000000, 0.0000000000000000000 ) ) ;
#3847 = AXIS2_PLACEMENT_3D ( 'NONE', #6224, #6247, #6872 ) ;
#3848 = ORIENTED_EDGE ( 'NONE', *, *, #2757, .F. ) ;
#3849 = CYLINDRICAL_SURFACE ( 'NONE', #3855, 0.4499999999999999000 ) ;
#3850 = CIRCLE ( 'NONE', #884, 0.4500000000000007300 ) ;
#3851 = PLANE ( 'NONE',  #7192 ) ;
#3852 = CARTESIAN_POINT ( 'NONE',  ( -6.984999999999997700, 1.000000000000000000, 12.73964466094067300 ) ) ;
#3853 = EDGE_LOOP ( 'NONE', ( #3525, #7103, #2363, #244 ) ) ;
#3854 = LINE ( 'NONE', #895, #7000 ) ;
#3855 = AXIS2_PLACEMENT_3D ( 'NONE', #615, #7527, #1811 ) ;
#3856 = CARTESIAN_POINT ( 'NONE',  ( -6.984999999999997700, 2.609976000000000100, -8.285000000000003700 ) ) ;
#3857 = FACE_OUTER_BOUND ( 'NONE', #3326, .T. ) ;
#3858 = ORIENTED_EDGE ( 'NONE', *, *, #6449, .T. ) ;
#3859 = EDGE_CURVE ( 'NONE', #6767, #5586, #4251, .T. ) ;
#3860 = DIRECTION ( 'NONE',  ( -0.0000000000000000000, -0.0000000000000000000, 1.000000000000000000 ) ) ;
#3861 = EDGE_CURVE ( 'NONE', #3028, #6184, #402, .T. ) ;
#3862 = DIRECTION ( 'NONE',  ( 1.000000000000000000, -0.0000000000000000000, -0.0000000000000000000 ) ) ;
#3863 = CARTESIAN_POINT ( 'NONE',  ( -6.734999999999998500, 2.949999999999999700, 12.77500000000000000 ) ) ;
#3864 = CARTESIAN_POINT ( 'NONE',  ( 9.974999999999980100, 0.0000000000000000000, 6.444999999999993200 ) ) ;
#3865 = FACE_OUTER_BOUND ( 'NONE', #6163, .T. ) ;
#3866 = VERTEX_POINT ( 'NONE', #2047 ) ;
#3867 = VECTOR ( 'NONE', #6072, 1000.000000000000000 ) ;
#3868 = PLANE ( 'NONE',  #6366 ) ;
#3869 = VERTEX_POINT ( 'NONE', #1475 ) ;
#3870 = LINE ( 'NONE', #698, #3754 ) ;
#3871 = ADVANCED_FACE ( 'NONE', ( #2185 ), #4059, .F. ) ;
#3872 =( GEOMETRIC_REPRESENTATION_CONTEXT ( 3 ) GLOBAL_UNCERTAINTY_ASSIGNED_CONTEXT ( ( #3080 ) ) GLOBAL_UNIT_ASSIGNED_CONTEXT ( ( #5450, #7971, #2317 ) ) REPRESENTATION_CONTEXT ( 'NONE', 'WORKASPACE' ) );
#3873 = VECTOR ( 'NONE', #8091, 1000.000000000000000 ) ;
#3874 = CARTESIAN_POINT ( 'NONE',  ( -6.784999999999997500, 2.609976000000000100, -8.285000000000003700 ) ) ;
#3875 = CARTESIAN_POINT ( 'NONE',  ( -10.77992235650403600, 0.0000000000000000000, 8.095000000000000600 ) ) ;
#3876 = ORIENTED_EDGE ( 'NONE', *, *, #5696, .T. ) ;
#3877 = DIRECTION ( 'NONE',  ( -1.000000000000000000, 0.0000000000000000000, 0.0000000000000000000 ) ) ;
#3878 = VECTOR ( 'NONE', #5860, 1000.000000000000000 ) ;
#3879 = ORIENTED_EDGE ( 'NONE', *, *, #2649, .T. ) ;
#3880 = ORIENTED_EDGE ( 'NONE', *, *, #3606, .T. ) ;
#3881 = DIRECTION ( 'NONE',  ( 0.0000000000000000000, 1.000000000000000000, 0.0000000000000000000 ) ) ;
#3882 = ORIENTED_EDGE ( 'NONE', *, *, #7802, .F. ) ;
#3883 = CARTESIAN_POINT ( 'NONE',  ( 0.0000000000000000000, 0.0000000000000000000, 6.444999999999993200 ) ) ;
#3884 = EDGE_CURVE ( 'NONE', #6976, #2945, #4534, .T. ) ;
#3885 = CARTESIAN_POINT ( 'NONE',  ( -8.255000000000150000, 0.0000000000000000000, 3.014999999999998800 ) ) ;
#3886 = ORIENTED_EDGE ( 'NONE', *, *, #2583, .F. ) ;
#3887 = PLANE ( 'NONE',  #7928 ) ;
#3888 = CARTESIAN_POINT ( 'NONE',  ( -9.974999999999997900, 1.000000000000000000, 13.47500000000000100 ) ) ;
#3889 = FACE_OUTER_BOUND ( 'NONE', #826, .T. ) ;
#3890 = VERTEX_POINT ( 'NONE', #3306 ) ;
#3891 = CARTESIAN_POINT ( 'NONE',  ( 0.0000000000000000000, 1.850000000000000100, -11.00500000000000100 ) ) ;
#3892 = EDGE_CURVE ( 'NONE', #1434, #5521, #1089, .T. ) ;
#3893 = CARTESIAN_POINT ( 'NONE',  ( 0.0000000000000000000, 0.0000000000000000000, 1.365000000000000000 ) ) ;
#3894 = CARTESIAN_POINT ( 'NONE',  ( -6.734999999999998500, 2.609976000000000100, 12.77500000000000000 ) ) ;
#3895 = EDGE_CURVE ( 'NONE', #2502, #1084, #6508, .T. ) ;
#3896 = LINE ( 'NONE', #7131, #739 ) ;
#3897 = VECTOR ( 'NONE', #7939, 1000.000000000000000 ) ;
#3898 = CARTESIAN_POINT ( 'NONE',  ( 0.0000000000000000000, 0.0000000000000000000, 0.0000000000000000000 ) ) ;
#3899 = ORIENTED_EDGE ( 'NONE', *, *, #6413, .F. ) ;
#3900 = CARTESIAN_POINT ( 'NONE',  ( -7.475000000000005900, 0.0000000000000000000, 7.204999999999999200 ) ) ;
#3901 = DIRECTION ( 'NONE',  ( 0.0000000000000000000, 0.0000000000000000000, 1.000000000000000000 ) ) ;
#3902 = DIRECTION ( 'NONE',  ( 0.0000000000000000000, 0.0000000000000000000, 1.000000000000000000 ) ) ;
#3903 = ORIENTED_EDGE ( 'NONE', *, *, #7378, .F. ) ;
#3904 = VECTOR ( 'NONE', #4844, 1000.000000000000000 ) ;
#3905 = CARTESIAN_POINT ( 'NONE',  ( 8.255000000000105600, 1.000000000000000000, 5.104999999999991500 ) ) ;
#3906 = ORIENTED_EDGE ( 'NONE', *, *, #1478, .F. ) ;
#3907 = AXIS2_PLACEMENT_3D ( 'NONE', #1209, #1181, #5570 ) ;
#3908 = CARTESIAN_POINT ( 'NONE',  ( -1.905000000000000000, 1.350000000000000100, -9.415000000000000900 ) ) ;
#3909 = DIRECTION ( 'NONE',  ( -1.000000000000000000, 0.0000000000000000000, 0.0000000000000000000 ) ) ;
#3910 = ADVANCED_FACE ( 'NONE', ( #8095 ), #2703, .F. ) ;
#3911 = EDGE_CURVE ( 'NONE', #7244, #3663, #7200, .T. ) ;
#3912 = VECTOR ( 'NONE', #5233, 1000.000000000000000 ) ;
#3913 = DIRECTION ( 'NONE',  ( 0.0000000000000000000, 0.0000000000000000000, -1.000000000000000000 ) ) ;
#3914 = CARTESIAN_POINT ( 'NONE',  ( 9.974999999999944600, 0.0000000000000000000, -3.715000000000006500 ) ) ;
#3915 = VERTEX_POINT ( 'NONE', #7763 ) ;
#3916 = ORIENTED_EDGE ( 'NONE', *, *, #2477, .T. ) ;
#3917 = EDGE_LOOP ( 'NONE', ( #7678, #6856, #6324, #4110 ) ) ;
#3918 = CARTESIAN_POINT ( 'NONE',  ( -8.255000000000132200, 0.0000000000000000000, 8.094999999999998900 ) ) ;
#3919 = DIRECTION ( 'NONE',  ( 1.000000000000000000, -0.0000000000000000000, 0.0000000000000000000 ) ) ;
#3920 = MECHANICAL_DESIGN_GEOMETRIC_PRESENTATION_REPRESENTATION (  '', ( #1220 ), #4025 ) ;
#3921 = FACE_OUTER_BOUND ( 'NONE', #5870, .T. ) ;
#3922 = ORIENTED_EDGE ( 'NONE', *, *, #2206, .T. ) ;
#3923 = ORIENTED_EDGE ( 'NONE', *, *, #37, .T. ) ;
#3924 = DIRECTION ( 'NONE',  ( 1.000000000000000000, 0.0000000000000000000, 0.0000000000000000000 ) ) ;
#3925 = CARTESIAN_POINT ( 'NONE',  ( -9.975000000000031600, 0.0000000000000000000, -0.4150000000000004200 ) ) ;
#3926 = CIRCLE ( 'NONE', #849, 1.079499999999998800 ) ;
#3927 = ORIENTED_EDGE ( 'NONE', *, *, #1412, .T. ) ;
#3928 = DIRECTION ( 'NONE',  ( -4.872818752743839300E-016, -0.0000000000000000000, -1.000000000000000000 ) ) ;
#3929 = ORIENTED_EDGE ( 'NONE', *, *, #2736, .T. ) ;
#3930 = ORIENTED_EDGE ( 'NONE', *, *, #7393, .T. ) ;
#3931 = ORIENTED_EDGE ( 'NONE', *, *, #3292, .T. ) ;
#3932 = MECHANICAL_DESIGN_GEOMETRIC_PRESENTATION_REPRESENTATION (  '', ( #7569 ), #7312 ) ;
#3933 = EDGE_CURVE ( 'NONE', #3111, #6636, #2562, .T. ) ;
#3934 = ORIENTED_EDGE ( 'NONE', *, *, #5749, .F. ) ;
#3935 = DIRECTION ( 'NONE',  ( 1.445602896647339500E-015, 0.0000000000000000000, 1.000000000000000000 ) ) ;
#3936 = FACE_OUTER_BOUND ( 'NONE', #5407, .T. ) ;
#3937 = LINE ( 'NONE', #7047, #5691 ) ;
#3938 = DIRECTION ( 'NONE',  ( 1.000000000000000000, 0.0000000000000000000, 0.0000000000000000000 ) ) ;
#3939 = VERTEX_POINT ( 'NONE', #1527 ) ;
#3940 = ORIENTED_EDGE ( 'NONE', *, *, #3653, .F. ) ;
#3941 = ORIENTED_EDGE ( 'NONE', *, *, #1983, .T. ) ;
#3942 = CARTESIAN_POINT ( 'NONE',  ( -6.984999999999997700, 1.000000000000000000, 12.97500000000000000 ) ) ;
#3943 = DIRECTION ( 'NONE',  ( 1.000000000000000000, 0.0000000000000000000, -4.872818752743839300E-016 ) ) ;
#3944 = EDGE_CURVE ( 'NONE', #8099, #6687, #5323, .T. ) ;
#3945 = DIRECTION ( 'NONE',  ( -0.0000000000000000000, -1.000000000000000000, 0.0000000000000000000 ) ) ;
#3946 = CARTESIAN_POINT ( 'NONE',  ( 9.974999999999980100, 0.0000000000000000000, 4.664999999999992900 ) ) ;
#3947 = DIRECTION ( 'NONE',  ( 1.000000000000000000, 0.0000000000000000000, 0.0000000000000000000 ) ) ;
#3948 = LINE ( 'NONE', #3863, #6496 ) ;
#3949 = CARTESIAN_POINT ( 'NONE',  ( -6.784999999999997500, 2.609976000000000100, -8.299644660940671800 ) ) ;
#3950 = FACE_OUTER_BOUND ( 'NONE', #5638, .T. ) ;
#3951 = PLANE ( 'NONE',  #5799 ) ;
#3952 = VERTEX_POINT ( 'NONE', #1557 ) ;
#3953 =( GEOMETRIC_REPRESENTATION_CONTEXT ( 3 ) GLOBAL_UNCERTAINTY_ASSIGNED_CONTEXT ( ( #2588 ) ) GLOBAL_UNIT_ASSIGNED_CONTEXT ( ( #7898, #2786, #5372 ) ) REPRESENTATION_CONTEXT ( 'NONE', 'WORKASPACE' ) );
#3954 = EDGE_CURVE ( 'NONE', #6566, #2843, #6814, .T. ) ;
#3955 = DIRECTION ( 'NONE',  ( 0.0000000000000000000, 0.0000000000000000000, -1.000000000000000000 ) ) ;
#3956 = VECTOR ( 'NONE', #1056, 1000.000000000000000 ) ;
#3957 = CARTESIAN_POINT ( 'NONE',  ( 9.974999999999962300, 0.0000000000000000000, -0.4150000000000073600 ) ) ;
#3958 = LINE ( 'NONE', #7506, #5519 ) ;
#3959 = ADVANCED_FACE ( 'NONE', ( #893 ), #7927, .T. ) ;
#3960 = VERTEX_POINT ( 'NONE', #4692 ) ;
#3961 = MANIFOLD_SOLID_BREP ( 'Boss-Extrude3[15]', #4991 ) ;
#3962 = AXIS2_PLACEMENT_3D ( 'NONE', #5307, #7518, #3713 ) ;
#3963 =( NAMED_UNIT ( * ) PLANE_ANGLE_UNIT ( ) SI_UNIT ( $, .RADIAN. ) );
#3964 = ORIENTED_EDGE ( 'NONE', *, *, #153, .F. ) ;
#3965 = LINE ( 'NONE', #1255, #805 ) ;
#3966 = DIRECTION ( 'NONE',  ( 0.0000000000000000000, 0.0000000000000000000, 1.000000000000000000 ) ) ;
#3967 = VECTOR ( 'NONE', #5669, 1000.000000000000000 ) ;
#3968 = AXIS2_PLACEMENT_3D ( 'NONE', #3893, #2664, #4509 ) ;
#3969 = LINE ( 'NONE', #5381, #7109 ) ;
#3970 = ORIENTED_EDGE ( 'NONE', *, *, #4243, .F. ) ;
#3971 = AXIS2_PLACEMENT_3D ( 'NONE', #6601, #7792, #3456 ) ;
#3972 = EDGE_CURVE ( 'NONE', #7406, #6050, #5027, .T. ) ;
#3973 = PLANE ( 'NONE',  #2692 ) ;
#3974 = CARTESIAN_POINT ( 'NONE',  ( -6.749644660940670200, 1.000000000000000000, -8.535000000000000100 ) ) ;
#3975 = CARTESIAN_POINT ( 'NONE',  ( 7.474999999999995200, 1.000000000000000000, 1.365000000000000000 ) ) ;
#3976 = FACE_OUTER_BOUND ( 'NONE', #477, .T. ) ;
#3977 = CIRCLE ( 'NONE', #1293, 1.199999999999999700 ) ;
#3978 = AXIS2_PLACEMENT_3D ( 'NONE', #759, #3248, #3902 ) ;
#3979 = VERTEX_POINT ( 'NONE', #5349 ) ;
#3980 = CARTESIAN_POINT ( 'NONE',  ( 8.255000000000087800, 0.0000000000000000000, 0.9249999999999912700 ) ) ;
#3981 = VECTOR ( 'NONE', #2350, 1000.000000000000000 ) ;
#3982 = DIRECTION ( 'NONE',  ( 0.0000000000000000000, 1.000000000000000000, -0.0000000000000000000 ) ) ;
#3983 = DIRECTION ( 'NONE',  ( 1.000000000000000000, -0.0000000000000000000, 0.0000000000000000000 ) ) ;
#3984 = CARTESIAN_POINT ( 'NONE',  ( -9.975000000000051200, 0.0000000000000000000, -5.495000000000000100 ) ) ;
#3985 = CIRCLE ( 'NONE', #4410, 0.4499999999999999000 ) ;
#3986 = CARTESIAN_POINT ( 'NONE',  ( 0.0000000000000000000, 1.850000000000000100, -12.08450000000000000 ) ) ;
#3987 = EDGE_LOOP ( 'NONE', ( #7830, #2318, #977, #5296 ) ) ;
#3988 = CARTESIAN_POINT ( 'NONE',  ( 0.0000000000000000000, 0.0000000000000000000, 0.0000000000000000000 ) ) ;
#3989 = ADVANCED_FACE ( 'NONE', ( #6716, #6908 ), #1637, .F. ) ;
#3990 = CARTESIAN_POINT ( 'NONE',  ( -8.255000000000132200, 0.0000000000000000000, 8.094999999999998900 ) ) ;
#3991 = FACE_OUTER_BOUND ( 'NONE', #7411, .T. ) ;
#3992 = AXIS2_PLACEMENT_3D ( 'NONE', #8045, #5111, #5547 ) ;
#3993 = CARTESIAN_POINT ( 'NONE',  ( -7.475000000000005000, 0.0000000000000000000, 8.984999999999999400 ) ) ;
#3994 = EDGE_CURVE ( 'NONE', #2811, #2726, #701, .T. ) ;
#3995 = ORIENTED_EDGE ( 'NONE', *, *, #3721, .F. ) ;
#3996 = CARTESIAN_POINT ( 'NONE',  ( 10.77992235650400100, 0.0000000000000000000, 3.014999999999993500 ) ) ;
#3997 = EDGE_CURVE ( 'NONE', #5997, #8069, #3647, .T. ) ;
#3998 = CARTESIAN_POINT ( 'NONE',  ( 10.77992235650401800, 0.0000000000000000000, 8.094999999999993500 ) ) ;
#3999 = FACE_OUTER_BOUND ( 'NONE', #4392, .T. ) ;
#4000 = CARTESIAN_POINT ( 'NONE',  ( -9.975000000000006800, 0.0000000000000000000, 7.204999999999999200 ) ) ;
#4001 = ORIENTED_EDGE ( 'NONE', *, *, #3449, .F. ) ;
#4002 = ORIENTED_EDGE ( 'NONE', *, *, #2005, .F. ) ;
#4003 = ORIENTED_EDGE ( 'NONE', *, *, #7152, .F. ) ;
#4004 = CARTESIAN_POINT ( 'NONE',  ( 6.985000000000000300, 2.949999999999999700, 12.73964466094067300 ) ) ;
#4005 = FACE_OUTER_BOUND ( 'NONE', #1145, .T. ) ;
#4006 = DIRECTION ( 'NONE',  ( 0.0000000000000000000, 0.0000000000000000000, 1.000000000000000000 ) ) ;
#4007 = ORIENTED_EDGE ( 'NONE', *, *, #7998, .T. ) ;
#4008 = EDGE_LOOP ( 'NONE', ( #6474, #5565, #6789, #5694 ) ) ;
#4009 = AXIS2_PLACEMENT_3D ( 'NONE', #994, #2869, #4846 ) ;
#4010 = VERTEX_POINT ( 'NONE', #1664 ) ;
#4011 = DIRECTION ( 'NONE',  ( 0.0000000000000000000, 0.0000000000000000000, -1.000000000000000000 ) ) ;
#4012 = ORIENTED_EDGE ( 'NONE', *, *, #7743, .F. ) ;
#4013 = CARTESIAN_POINT ( 'NONE',  ( -9.974999999999997900, 1.000000000000000000, 13.47500000000000100 ) ) ;
#4014 = EDGE_CURVE ( 'NONE', #1046, #2448, #1286, .T. ) ;
#4015 = EDGE_CURVE ( 'NONE', #5701, #6218, #6303, .T. ) ;
#4016 = CARTESIAN_POINT ( 'NONE',  ( -7.475000000000009400, 0.0000000000000000000, 3.642432017676024400E-015 ) ) ;
#4017 = DIRECTION ( 'NONE',  ( 1.000000000000000000, -0.0000000000000000000, 0.0000000000000000000 ) ) ;
#4018 = VERTEX_POINT ( 'NONE', #7865 ) ;
#4019 = EDGE_LOOP ( 'NONE', ( #4798, #8168, #3414, #720, #6712, #4253, #1155, #5185 ) ) ;
#4020 = CARTESIAN_POINT ( 'NONE',  ( 9.975000000000001400, 1.000000000000000000, 13.47500000000000100 ) ) ;
#4021 = ORIENTED_EDGE ( 'NONE', *, *, #880, .F. ) ;
#4022 = CARTESIAN_POINT ( 'NONE',  ( -9.974999999999997900, 1.000000000000000000, -13.47499999999999800 ) ) ;
#4023 = PRODUCT_DEFINITION_SHAPE ( 'NONE', 'NONE',  #5791 ) ;
#4024 = DIRECTION ( 'NONE',  ( -0.0000000000000000000, -1.000000000000000000, -0.0000000000000000000 ) ) ;
#4025 =( GEOMETRIC_REPRESENTATION_CONTEXT ( 3 ) GLOBAL_UNCERTAINTY_ASSIGNED_CONTEXT ( ( #4902 ) ) GLOBAL_UNIT_ASSIGNED_CONTEXT ( ( #7640, #7730, #5156 ) ) REPRESENTATION_CONTEXT ( 'NONE', 'WORKASPACE' ) );
#4026 = PLANE ( 'NONE',  #6160 ) ;
#4027 = AXIS2_PLACEMENT_3D ( 'NONE', #3308, #2050, #3388 ) ;
#4028 = LINE ( 'NONE', #1407, #5201 ) ;
#4029 = DIRECTION ( 'NONE',  ( 0.0000000000000000000, 0.0000000000000000000, 1.000000000000000000 ) ) ;
#4030 = CARTESIAN_POINT ( 'NONE',  ( 7.474999999999998800, 1.000000000000000000, 9.745000000000001000 ) ) ;
#4031 = ORIENTED_EDGE ( 'NONE', *, *, #2917, .F. ) ;
#4032 = VERTEX_POINT ( 'NONE', #5979 ) ;
#4033 = VERTEX_POINT ( 'NONE', #2223 ) ;
#4034 = ORIENTED_EDGE ( 'NONE', *, *, #2661, .T. ) ;
#4035 = DIRECTION ( 'NONE',  ( 0.0000000000000000000, 0.0000000000000000000, 1.000000000000000000 ) ) ;
#4036 = ORIENTED_EDGE ( 'NONE', *, *, #4219, .F. ) ;
#4037 = LINE ( 'NONE', #4706, #4230 ) ;
#4038 = CARTESIAN_POINT ( 'NONE',  ( 9.974999999999997900, 0.0000000000000000000, 11.52499999999999300 ) ) ;
#4039 = DIRECTION ( 'NONE',  ( 1.000000000000000000, -0.0000000000000000000, 0.0000000000000000000 ) ) ;
#4040 = EDGE_LOOP ( 'NONE', ( #473, #7006 ) ) ;
#4041 = ADVANCED_FACE ( 'NONE', ( #2370 ), #1280, .F. ) ;
#4042 = EDGE_CURVE ( 'NONE', #832, #3249, #8002, .T. ) ;
#4043 = ORIENTED_EDGE ( 'NONE', *, *, #3399, .T. ) ;
#4044 = ORIENTED_EDGE ( 'NONE', *, *, #3309, .T. ) ;
#4045 = VECTOR ( 'NONE', #2240, 1000.000000000000000 ) ;
#4046 = DIRECTION ( 'NONE',  ( 1.000000000000000000, -0.0000000000000000000, 0.0000000000000000000 ) ) ;
#4047 = DIRECTION ( 'NONE',  ( 0.0000000000000000000, 0.0000000000000000000, 1.000000000000000000 ) ) ;
#4048 = ORIENTED_EDGE ( 'NONE', *, *, #7106, .F. ) ;
#4049 = DIRECTION ( 'NONE',  ( 0.0000000000000000000, 0.0000000000000000000, 1.000000000000000000 ) ) ;
#4050 = EDGE_CURVE ( 'NONE', #7149, #729, #7195, .T. ) ;
#4051 = LINE ( 'NONE', #2998, #4944 ) ;
#4052 = PLANE ( 'NONE',  #4977 ) ;
#4053 = LINE ( 'NONE', #7108, #5320 ) ;
#4054 = EDGE_CURVE ( 'NONE', #5001, #7208, #2176, .T. ) ;
#4055 = PLANE ( 'NONE',  #1417 ) ;
#4056 = ORIENTED_EDGE ( 'NONE', *, *, #5494, .T. ) ;
#4057 = CARTESIAN_POINT ( 'NONE',  ( 8.255000000000105600, 0.0000000000000000000, 5.554999999999991700 ) ) ;
#4058 = CARTESIAN_POINT ( 'NONE',  ( 0.0000000000000000000, 0.0000000000000000000, 0.0000000000000000000 ) ) ;
#4059 = CYLINDRICAL_SURFACE ( 'NONE', #1654, 1.199999999999999700 ) ;
#4060 = DIRECTION ( 'NONE',  ( -0.0000000000000000000, 1.000000000000000000, -0.0000000000000000000 ) ) ;
#4061 = DIRECTION ( 'NONE',  ( 0.0000000000000000000, 1.000000000000000000, -0.0000000000000000000 ) ) ;
#4062 = PRESENTATION_STYLE_ASSIGNMENT (( #5944 ) ) ;
#4063 = UNCERTAINTY_MEASURE_WITH_UNIT (LENGTH_MEASURE( 1.000000000000000100E-005 ), #7416, 'distance_accuracy_value', 'NONE');
#4064 = VECTOR ( 'NONE', #5830, 1000.000000000000000 ) ;
#4065 = CARTESIAN_POINT ( 'NONE',  ( -9.975000000000015600, 1.000000000000000000, 6.445000000000000300 ) ) ;
#4066 = DIRECTION ( 'NONE',  ( 0.0000000000000000000, 1.000000000000000000, 0.0000000000000000000 ) ) ;
#4067 = VECTOR ( 'NONE', #7683, 1000.000000000000000 ) ;
#4068 = AXIS2_PLACEMENT_3D ( 'NONE', #407, #2862, #6721 ) ;
#4069 = VECTOR ( 'NONE', #8011, 1000.000000000000000 ) ;
#4070 = EDGE_CURVE ( 'NONE', #2844, #2500, #6995, .T. ) ;
#4071 = PRODUCT_CONTEXT ( 'NONE', #280, 'mechanical' ) ;
#4072 = DIRECTION ( 'NONE',  ( 0.0000000000000000000, 1.000000000000000000, 0.0000000000000000000 ) ) ;
#4073 = VECTOR ( 'NONE', #2435, 1000.000000000000000 ) ;
#4074 = CARTESIAN_POINT ( 'NONE',  ( -9.975000000000031600, 1.000000000000000000, -0.4150000000000004200 ) ) ;
#4075 = VERTEX_POINT ( 'NONE', #3529 ) ;
#4076 = CYLINDRICAL_SURFACE ( 'NONE', #2286, 0.4500000000000007300 ) ;
#4077 = PLANE ( 'NONE',  #2014 ) ;
#4078 = ORIENTED_EDGE ( 'NONE', *, *, #4807, .F. ) ;
#4079 = AXIS2_PLACEMENT_3D ( 'NONE', #5048, #6346, #2573 ) ;
#4080 =( NAMED_UNIT ( * ) PLANE_ANGLE_UNIT ( ) SI_UNIT ( $, .RADIAN. ) );
#4081 = ADVANCED_FACE ( 'NONE', ( #986 ), #1139, .F. ) ;
#4082 = AXIS2_PLACEMENT_3D ( 'NONE', #927, #2817, #1565 ) ;
#4083 = EDGE_CURVE ( 'NONE', #7293, #3167, #7793, .T. ) ;
#4084 = DIRECTION ( 'NONE',  ( 0.0000000000000000000, 0.0000000000000000000, 1.000000000000000000 ) ) ;
#4085 = PLANE ( 'NONE',  #5643 ) ;
#4086 = CARTESIAN_POINT ( 'NONE',  ( 6.735000000000002100, 2.609976000000000100, -8.535000000000000100 ) ) ;
#4087 = AXIS2_PLACEMENT_3D ( 'NONE', #405, #2986, #7307 ) ;
#4088 = VECTOR ( 'NONE', #1128, 1000.000000000000000 ) ;
#4089 = ORIENTED_EDGE ( 'NONE', *, *, #5536, .F. ) ;
#4090 = EDGE_CURVE ( 'NONE', #3491, #8153, #1963, .T. ) ;
#4091 = CARTESIAN_POINT ( 'NONE',  ( 7.474999999999952600, 1.000000000000000000, -1.175000000000007600 ) ) ;
#4092 = CARTESIAN_POINT ( 'NONE',  ( 9.975000000000001400, 0.0000000000000000000, 13.47500000000000100 ) ) ;
#4093 = CARTESIAN_POINT ( 'NONE',  ( 9.974999999999980100, 1.000000000000000000, 4.664999999999992900 ) ) ;
#4094 = FILL_AREA_STYLE_COLOUR ( '', #1666 ) ;
#4095 = LINE ( 'NONE', #4139, #5658 ) ;
#4096 = VECTOR ( 'NONE', #1018, 1000.000000000000000 ) ;
#4097 = ORIENTED_EDGE ( 'NONE', *, *, #7880, .T. ) ;
#4098 =( NAMED_UNIT ( * ) SI_UNIT ( $, .STERADIAN. ) SOLID_ANGLE_UNIT ( ) );
#4099 = CARTESIAN_POINT ( 'NONE',  ( 9.974999999999997900, 0.0000000000000000000, 9.744999999999997400 ) ) ;
#4100 = FACE_OUTER_BOUND ( 'NONE', #1510, .T. ) ;
#4101 = CARTESIAN_POINT ( 'NONE',  ( 0.0000000000000000000, 0.0000000000000000000, -3.714999999999999400 ) ) ;
#4102 = ORIENTED_EDGE ( 'NONE', *, *, #1478, .T. ) ;
#4103 = AXIS2_PLACEMENT_3D ( 'NONE', #2071, #2022, #3935 ) ;
#4104 = EDGE_CURVE ( 'NONE', #3600, #7655, #7591, .T. ) ;
#4105 = VECTOR ( 'NONE', #4712, 1000.000000000000000 ) ;
#4106 = CARTESIAN_POINT ( 'NONE',  ( 1.905000000000000000, 1.350000000000000100, -12.59500000000000200 ) ) ;
#4107 = EDGE_LOOP ( 'NONE', ( #2717, #2526 ) ) ;
#4108 = EDGE_LOOP ( 'NONE', ( #5974, #3127, #4228, #4216 ) ) ;
#4109 = CARTESIAN_POINT ( 'NONE',  ( 0.0000000000000000000, 0.0000000000000000000, -8.035000000000000100 ) ) ;
#4110 = ORIENTED_EDGE ( 'NONE', *, *, #5206, .F. ) ;
#4111 = AXIS2_PLACEMENT_3D ( 'NONE', #728, #1349, #3835 ) ;
#4112 = CARTESIAN_POINT ( 'NONE',  ( 10.77992235650398100, 1.000000000000000000, -2.065000000000007900 ) ) ;
#4113 = DIRECTION ( 'NONE',  ( 4.872818752743839300E-016, 0.0000000000000000000, 1.000000000000000000 ) ) ;
#4114 = CARTESIAN_POINT ( 'NONE',  ( -7.475000000000049400, 0.0000000000000000000, -3.714999999999999400 ) ) ;
#4115 = VERTEX_POINT ( 'NONE', #3638 ) ;
#4116 = DIRECTION ( 'NONE',  ( 0.0000000000000000000, 0.0000000000000000000, 1.000000000000000000 ) ) ;
#4117 = ORIENTED_EDGE ( 'NONE', *, *, #3132, .T. ) ;
#4118 = ORIENTED_EDGE ( 'NONE', *, *, #2883, .F. ) ;
#4119 = ADVANCED_FACE ( 'NONE', ( #1189 ), #6710, .F. ) ;
#4120 = APPLICATION_PROTOCOL_DEFINITION ( 'draft international standard', 'automotive_design', 1998, #3500 ) ;
#4121 = VECTOR ( 'NONE', #2295, 1000.000000000000000 ) ;
#4122 = VECTOR ( 'NONE', #8018, 1000.000000000000000 ) ;
#4123 = ORIENTED_EDGE ( 'NONE', *, *, #3673, .F. ) ;
#4124 = ORIENTED_EDGE ( 'NONE', *, *, #4070, .F. ) ;
#4125 = ORIENTED_EDGE ( 'NONE', *, *, #4281, .T. ) ;
#4126 = EDGE_CURVE ( 'NONE', #4402, #7179, #5820, .T. ) ;
#4127 = EDGE_CURVE ( 'NONE', #7990, #3035, #3746, .T. ) ;
#4128 = CARTESIAN_POINT ( 'NONE',  ( -7.475000000000041400, 0.0000000000000000000, -2.955000000000001000 ) ) ;
#4129 = VERTEX_POINT ( 'NONE', #2975 ) ;
#4130 = LINE ( 'NONE', #5872, #2446 ) ;
#4131 = VECTOR ( 'NONE', #1786, 1000.000000000000000 ) ;
#4132 = PLANE ( 'NONE',  #7373 ) ;
#4133 = ORIENTED_EDGE ( 'NONE', *, *, #1143, .T. ) ;
#4134 = ORIENTED_EDGE ( 'NONE', *, *, #5612, .F. ) ;
#4135 = ORIENTED_EDGE ( 'NONE', *, *, #1101, .F. ) ;
#4136 = CARTESIAN_POINT ( 'NONE',  ( 8.255000000000061200, 0.0000000000000000000, -7.145000000000009300 ) ) ;
#4137 = DIRECTION ( 'NONE',  ( -4.872818752743839300E-016, 0.0000000000000000000, 1.000000000000000000 ) ) ;
#4138 = DIRECTION ( 'NONE',  ( 0.0000000000000000000, 0.0000000000000000000, 1.000000000000000000 ) ) ;
#4139 = CARTESIAN_POINT ( 'NONE',  ( 0.0000000000000000000, 1.000000000000000000, -0.4150000000000073600 ) ) ;
#4140 = LINE ( 'NONE', #1834, #6395 ) ;
#4141 = DIRECTION ( 'NONE',  ( 0.0000000000000000000, 0.0000000000000000000, -1.000000000000000000 ) ) ;
#4142 = VERTEX_POINT ( 'NONE', #1738 ) ;
#4143 = CARTESIAN_POINT ( 'NONE',  ( 0.0000000000000000000, 1.000000000000000000, 6.444999999999993200 ) ) ;
#4144 = LINE ( 'NONE', #3180, #7090 ) ;
#4145 = CARTESIAN_POINT ( 'NONE',  ( -8.255000000000150000, 0.0000000000000000000, 2.564999999999998200 ) ) ;
#4146 = DIRECTION ( 'NONE',  ( -1.000000000000000000, 0.0000000000000000000, 0.0000000000000000000 ) ) ;
#4147 = VECTOR ( 'NONE', #936, 1000.000000000000000 ) ;
#4148 = EDGE_LOOP ( 'NONE', ( #1799, #5246, #3498, #4495 ) ) ;
#4149 = VECTOR ( 'NONE', #4875, 1000.000000000000000 ) ;
#4150 = DIRECTION ( 'NONE',  ( -4.872818752743839300E-016, 0.0000000000000000000, -1.000000000000000000 ) ) ;
#4151 = ORIENTED_EDGE ( 'NONE', *, *, #2626, .F. ) ;
#4152 = DIRECTION ( 'NONE',  ( -0.0000000000000000000, 0.0000000000000000000, 1.000000000000000000 ) ) ;
#4153 = PLANE ( 'NONE',  #425 ) ;
#4154 = EDGE_LOOP ( 'NONE', ( #7063, #251, #5257, #5664 ) ) ;
#4155 = EDGE_CURVE ( 'NONE', #281, #7083, #7993, .T. ) ;
#4156 = CARTESIAN_POINT ( 'NONE',  ( 0.0000000000000000000, 1.000000000000000000, -8.035000000000000100 ) ) ;
#4157 = ORIENTED_EDGE ( 'NONE', *, *, #2826, .F. ) ;
#4158 = CYLINDRICAL_SURFACE ( 'NONE', #4344, 1.199999999999999700 ) ;
#4159 = ADVANCED_FACE ( 'NONE', ( #2273 ), #4342, .F. ) ;
#4160 = EDGE_CURVE ( 'NONE', #2502, #2913, #693, .T. ) ;
#4161 = FACE_OUTER_BOUND ( 'NONE', #382, .T. ) ;
#4162 = CARTESIAN_POINT ( 'NONE',  ( 7.474999999999995200, 0.0000000000000000000, -5.495000000000000100 ) ) ;
#4163 = EDGE_LOOP ( 'NONE', ( #8149, #5477, #1870, #6452 ) ) ;
#4164 = DIRECTION ( 'NONE',  ( 0.0000000000000000000, 1.000000000000000000, 0.0000000000000000000 ) ) ;
#4165 = FACE_OUTER_BOUND ( 'NONE', #1703, .T. ) ;
#4166 = ORIENTED_EDGE ( 'NONE', *, *, #7050, .F. ) ;
#4167 = COLOUR_RGB ( '',1.000000000000000000, 0.8117647058823529400, 0.5019607843137254800 ) ;
#4168 = CIRCLE ( 'NONE', #3530, 1.079499999999998800 ) ;
#4169 = FILL_AREA_STYLE ('',( #7918 ) ) ;
#4170 = DIRECTION ( 'NONE',  ( 0.0000000000000000000, 0.0000000000000000000, 1.000000000000000000 ) ) ;
#4171 = FACE_OUTER_BOUND ( 'NONE', #4523, .T. ) ;
#4172 = LINE ( 'NONE', #4446, #8121 ) ;
#4173 = EDGE_CURVE ( 'NONE', #2538, #4129, #5909, .T. ) ;
#4174 = EDGE_CURVE ( 'NONE', #4514, #2175, #5510, .T. ) ;
#4175 = ORIENTED_EDGE ( 'NONE', *, *, #1735, .T. ) ;
#4176 = CARTESIAN_POINT ( 'NONE',  ( 0.0000000000000000000, 1.000000000000000000, 9.745000000000001000 ) ) ;
#4177 = LINE ( 'NONE', #5963, #3078 ) ;
#4178 = ORIENTED_EDGE ( 'NONE', *, *, #4383, .F. ) ;
#4179 = DIRECTION ( 'NONE',  ( 0.0000000000000000000, 0.0000000000000000000, 1.000000000000000000 ) ) ;
#4180 = AXIS2_PLACEMENT_3D ( 'NONE', #2894, #6676, #4774 ) ;
#4181 = MECHANICAL_DESIGN_GEOMETRIC_PRESENTATION_REPRESENTATION (  '', ( #7724 ), #4858 ) ;
#4182 = VECTOR ( 'NONE', #3234, 1000.000000000000000 ) ;
#4183 = DIRECTION ( 'NONE',  ( -4.872818752743839300E-016, -0.0000000000000000000, -1.000000000000000000 ) ) ;
#4184 = VECTOR ( 'NONE', #904, 1000.000000000000000 ) ;
#4185 = DIRECTION ( 'NONE',  ( 0.0000000000000000000, 0.0000000000000000000, -1.000000000000000000 ) ) ;
#4186 = ORIENTED_EDGE ( 'NONE', *, *, #7392, .T. ) ;
#4187 = CARTESIAN_POINT ( 'NONE',  ( -9.975000000000024500, 0.0000000000000000000, 3.905000000000000700 ) ) ;
#4188 = DIRECTION ( 'NONE',  ( 0.0000000000000000000, 0.0000000000000000000, 1.000000000000000000 ) ) ;
#4189 = AXIS2_PLACEMENT_3D ( 'NONE', #7909, #7186, #2181 ) ;
#4190 = VECTOR ( 'NONE', #4164, 1000.000000000000000 ) ;
#4191 = EDGE_CURVE ( 'NONE', #250, #4548, #1867, .T. ) ;
#4192 = LINE ( 'NONE', #3258, #1619 ) ;
#4193 = PLANE ( 'NONE',  #7872 ) ;
#4194 = CARTESIAN_POINT ( 'NONE',  ( -7.475000000000005900, 1.000000000000000000, 7.204999999999999200 ) ) ;
#4195 = VERTEX_POINT ( 'NONE', #7369 ) ;
#4196 = DIRECTION ( 'NONE',  ( 0.0000000000000000000, 1.000000000000000000, 0.0000000000000000000 ) ) ;
#4197 = ADVANCED_FACE ( 'NONE', ( #796 ), #3574, .F. ) ;
#4198 = LINE ( 'NONE', #2721, #3912 ) ;
#4199 = VERTEX_POINT ( 'NONE', #6113 ) ;
#4200 = ORIENTED_EDGE ( 'NONE', *, *, #4771, .T. ) ;
#4201 = CARTESIAN_POINT ( 'NONE',  ( -7.475000000000041400, 0.0000000000000000000, -2.955000000000001000 ) ) ;
#4202 = ORIENTED_EDGE ( 'NONE', *, *, #4834, .F. ) ;
#4203 = EDGE_CURVE ( 'NONE', #3514, #2366, #492, .T. ) ;
#4204 = CARTESIAN_POINT ( 'NONE',  ( 7.474999999999995200, 1.000000000000000000, -1.175000000000000700 ) ) ;
#4205 = CARTESIAN_POINT ( 'NONE',  ( 8.255000000000123400, 0.0000000000000000000, 10.63499999999999100 ) ) ;
#4206 = ORIENTED_EDGE ( 'NONE', *, *, #6941, .T. ) ;
#4207 = VERTEX_POINT ( 'NONE', #8087 ) ;
#4208 = CARTESIAN_POINT ( 'NONE',  ( -7.475000000000005900, 1.000000000000000000, 7.204999999999999200 ) ) ;
#4209 = ORIENTED_EDGE ( 'NONE', *, *, #7597, .F. ) ;
#4210 = ORIENTED_EDGE ( 'NONE', *, *, #6111, .T. ) ;
#4211 = CARTESIAN_POINT ( 'NONE',  ( -7.475000000000013900, 0.0000000000000000000, 6.445000000000000300 ) ) ;
#4212 = CARTESIAN_POINT ( 'NONE',  ( -9.975000000000060000, 0.0000000000000000000, -8.035000000000000100 ) ) ;
#4213 = FACE_BOUND ( 'NONE', #763, .T. ) ;
#4214 = DIRECTION ( 'NONE',  ( 0.0000000000000000000, 1.000000000000000000, 0.0000000000000000000 ) ) ;
#4215 = VERTEX_POINT ( 'NONE', #4361 ) ;
#4216 = ORIENTED_EDGE ( 'NONE', *, *, #3601, .F. ) ;
#4217 = AXIS2_PLACEMENT_3D ( 'NONE', #6551, #910, #269 ) ;
#4218 = ORIENTED_EDGE ( 'NONE', *, *, #3406, .F. ) ;
#4219 = EDGE_CURVE ( 'NONE', #2139, #4033, #5022, .T. ) ;
#4220 = DIRECTION ( 'NONE',  ( 0.0000000000000000000, 1.000000000000000000, -0.0000000000000000000 ) ) ;
#4221 = DIRECTION ( 'NONE',  ( -0.0000000000000000000, 0.0000000000000000000, 1.000000000000000000 ) ) ;
#4222 = VECTOR ( 'NONE', #7603, 1000.000000000000000 ) ;
#4223 =( LENGTH_UNIT ( ) NAMED_UNIT ( * ) SI_UNIT ( .MILLI., .METRE. ) );
#4224 = VERTEX_POINT ( 'NONE', #38 ) ;
#4225 = ORIENTED_EDGE ( 'NONE', *, *, #3106, .F. ) ;
#4226 = ORIENTED_EDGE ( 'NONE', *, *, #2583, .T. ) ;
#4227 = EDGE_LOOP ( 'NONE', ( #7642, #4124, #620, #5756 ) ) ;
#4228 = ORIENTED_EDGE ( 'NONE', *, *, #2195, .T. ) ;
#4229 = AXIS2_PLACEMENT_3D ( 'NONE', #3129, #3799, #7550 ) ;
#4230 = VECTOR ( 'NONE', #2828, 1000.000000000000000 ) ;
#4231 = DIRECTION ( 'NONE',  ( -0.0000000000000000000, -1.000000000000000000, 0.0000000000000000000 ) ) ;
#4232 = DIRECTION ( 'NONE',  ( -0.0000000000000000000, 1.000000000000000000, -0.0000000000000000000 ) ) ;
#4233 = AXIS2_PLACEMENT_3D ( 'NONE', #6644, #6682, #1424 ) ;
#4234 = EDGE_CURVE ( 'NONE', #427, #2282, #1673, .T. ) ;
#4235 = CARTESIAN_POINT ( 'NONE',  ( -8.255000000000132200, 0.0000000000000000000, 8.094999999999998900 ) ) ;
#4236 = DIRECTION ( 'NONE',  ( 0.0000000000000000000, 0.0000000000000000000, -1.000000000000000000 ) ) ;
#4237 = CIRCLE ( 'NONE', #951, 0.2500000000000002200 ) ;
#4238 = ADVANCED_FACE ( 'NONE', ( #5710 ), #3849, .F. ) ;
#4239 = EDGE_LOOP ( 'NONE', ( #4856, #5056, #7761, #7524 ) ) ;
#4240 = DIRECTION ( 'NONE',  ( 0.0000000000000000000, 0.0000000000000000000, -1.000000000000000000 ) ) ;
#4241 = AXIS2_PLACEMENT_3D ( 'NONE', #1386, #7676, #6398 ) ;
#4242 = CARTESIAN_POINT ( 'NONE',  ( -10.77992235650406100, 0.0000000000000000000, 0.4749999999999997600 ) ) ;
#4243 = EDGE_CURVE ( 'NONE', #5680, #2502, #6502, .T. ) ;
#4244 = FACE_OUTER_BOUND ( 'NONE', #1244, .T. ) ;
#4245 = CARTESIAN_POINT ( 'NONE',  ( 7.475000000000001400, 0.0000000000000000000, 3.642432017676020400E-015 ) ) ;
#4246 = CIRCLE ( 'NONE', #8068, 1.079499999999998800 ) ;
#4247 = ORIENTED_EDGE ( 'NONE', *, *, #1885, .F. ) ;
#4248 = CARTESIAN_POINT ( 'NONE',  ( 9.975000000000001400, 0.0000000000000000000, 8.984999999999999400 ) ) ;
#4249 = DIRECTION ( 'NONE',  ( -0.0000000000000000000, 1.000000000000000000, -0.0000000000000000000 ) ) ;
#4250 = CARTESIAN_POINT ( 'NONE',  ( -7.475000000000032500, 1.000000000000000000, -0.4150000000000004200 ) ) ;
#4251 = LINE ( 'NONE', #3281, #2073 ) ;
#4252 = LINE ( 'NONE', #1278, #7807 ) ;
#4253 = ORIENTED_EDGE ( 'NONE', *, *, #6029, .T. ) ;
#4254 = LINE ( 'NONE', #7041, #4064 ) ;
#4255 = ADVANCED_FACE ( 'NONE', ( #7097, #7495 ), #1243, .F. ) ;
#4256 = VERTEX_POINT ( 'NONE', #6921 ) ;
#4257 = VECTOR ( 'NONE', #4898, 1000.000000000000000 ) ;
#4258 = DIRECTION ( 'NONE',  ( 0.0000000000000000000, 0.0000000000000000000, 1.000000000000000000 ) ) ;
#4259 = DIRECTION ( 'NONE',  ( 0.0000000000000000000, 0.0000000000000000000, 1.000000000000000000 ) ) ;
#4260 = ORIENTED_EDGE ( 'NONE', *, *, #7545, .T. ) ;
#4261 = PRESENTATION_STYLE_ASSIGNMENT (( #4640 ) ) ;
#4262 = CARTESIAN_POINT ( 'NONE',  ( 0.0000000000000000000, 0.0000000000000000000, 9.745000000000001000 ) ) ;
#4263 = EDGE_CURVE ( 'NONE', #7749, #6809, #394, .T. ) ;
#4264 = CARTESIAN_POINT ( 'NONE',  ( -6.749644660940670200, 2.609976000000000100, -8.335000000000000900 ) ) ;
#4265 = VECTOR ( 'NONE', #6812, 1000.000000000000000 ) ;
#4266 = EDGE_CURVE ( 'NONE', #3307, #5500, #6901, .T. ) ;
#4267 = ORIENTED_EDGE ( 'NONE', *, *, #5061, .T. ) ;
#4268 = LINE ( 'NONE', #1926, #6321 ) ;
#4269 = CARTESIAN_POINT ( 'NONE',  ( -9.975000000000006800, 0.0000000000000000000, 8.984999999999999400 ) ) ;
#4270 = CARTESIAN_POINT ( 'NONE',  ( -9.974999999999997900, 0.0000000000000000000, 9.745000000000001000 ) ) ;
#4271 = VERTEX_POINT ( 'NONE', #4413 ) ;
#4272 = CARTESIAN_POINT ( 'NONE',  ( 0.0000000000000000000, 0.0000000000000000000, -5.495000000000007200 ) ) ;
#4273 = CIRCLE ( 'NONE', #6377, 0.4500000000000001800 ) ;
#4275 = PLANE ( 'NONE',  #7974 ) ;
#4274 = LINE ( 'NONE', #2675, #3272 ) ;
#4276 = PLANE ( 'NONE',  #3581 ) ;
#4277 =( LENGTH_UNIT ( ) NAMED_UNIT ( * ) SI_UNIT ( .MILLI., .METRE. ) );
#4278 = CARTESIAN_POINT ( 'NONE',  ( 0.0000000000000000000, 0.0000000000000000000, -8.035000000000007200 ) ) ;
#4279 = ADVANCED_FACE ( 'NONE', ( #6709 ), #3134, .F. ) ;
#4280 = EDGE_CURVE ( 'NONE', #593, #2351, #2658, .T. ) ;
#4281 = EDGE_CURVE ( 'NONE', #6677, #1561, #190, .T. ) ;
#4282 = CARTESIAN_POINT ( 'NONE',  ( -8.254999999999961700, 0.0000000000000000000, 10.63500000000000000 ) ) ;
#4283 = DIRECTION ( 'NONE',  ( 0.0000000000000000000, 0.0000000000000000000, 1.000000000000000000 ) ) ;
#4284 = LINE ( 'NONE', #2149, #2219 ) ;
#4285 = CARTESIAN_POINT ( 'NONE',  ( 2.449293598294712700E-017, 1.350000000000000100, -10.80500000000000000 ) ) ;
#4286 = DIRECTION ( 'NONE',  ( -0.0000000000000000000, 1.000000000000000000, -0.0000000000000000000 ) ) ;
#4287 = DIRECTION ( 'NONE',  ( -1.000000000000000000, 0.0000000000000000000, -0.0000000000000000000 ) ) ;
#4288 = ORIENTED_EDGE ( 'NONE', *, *, #2951, .F. ) ;
#4289 = PLANE ( 'NONE',  #36 ) ;
#4290 = CYLINDRICAL_SURFACE ( 'NONE', #1221, 0.4500000000000007300 ) ;
#4291 = DIRECTION ( 'NONE',  ( -1.000000000000000000, -0.0000000000000000000, -0.0000000000000000000 ) ) ;
#4292 = PLANE ( 'NONE',  #6689 ) ;
#4293 = CARTESIAN_POINT ( 'NONE',  ( 0.0000000000000000000, 0.0000000000000000000, 3.904999999999993600 ) ) ;
#4294 = ORIENTED_EDGE ( 'NONE', *, *, #5536, .T. ) ;
#4295 = ADVANCED_FACE ( 'NONE', ( #2467 ), #5615, .F. ) ;
#4296 =( LENGTH_UNIT ( ) NAMED_UNIT ( * ) SI_UNIT ( .MILLI., .METRE. ) );
#4297 = EDGE_CURVE ( 'NONE', #87, #4142, #3340, .T. ) ;
#4298 =( NAMED_UNIT ( * ) SI_UNIT ( $, .STERADIAN. ) SOLID_ANGLE_UNIT ( ) );
#4299 = VECTOR ( 'NONE', #1022, 1000.000000000000000 ) ;
#4300 = SURFACE_SIDE_STYLE ('',( #5117 ) ) ;
#4301 = ORIENTED_EDGE ( 'NONE', *, *, #6468, .F. ) ;
#4302 = VERTEX_POINT ( 'NONE', #8173 ) ;
#4303 = CLOSED_SHELL ( 'NONE', ( #3059, #1953, #1769, #689, #3682, #8082, #1382, #4295, #4775, #6681, #4518, #7039, #7496, #430, #5462, #1422, #682, #6873, #1469, #5633, #3396, #3648, #640, #7003, #7541, #6007, #4728, #7500, #5261, #8056, #5049, #4848, #1788, #8003, #4387, #3006, #1251, #1902, #766, #3910, #6755, #8127, #560, #2336, #3446, #2698, #5625, #6284, #7305, #1217, #5885, #2613, #7796, #6193, #8040, #6043, #1177, #6953, #602, #6458, #100, #8166, #4081, #7838, #6084, #4481, #3147, #2458, #7250, #1211 ) ) ;
#4304 = VERTEX_POINT ( 'NONE', #3053 ) ;
#4305 = UNCERTAINTY_MEASURE_WITH_UNIT (LENGTH_MEASURE( 1.000000000000000100E-005 ), #2394, 'distance_accuracy_value', 'NONE');
#4306 = EDGE_CURVE ( 'NONE', #7990, #6221, #2751, .T. ) ;
#4307 = FACE_BOUND ( 'NONE', #7967, .T. ) ;
#4308 = DIRECTION ( 'NONE',  ( 0.0000000000000000000, 0.0000000000000000000, 1.000000000000000000 ) ) ;
#4309 = VERTEX_POINT ( 'NONE', #644 ) ;
#4310 = ORIENTED_EDGE ( 'NONE', *, *, #3505, .F. ) ;
#4311 = ORIENTED_EDGE ( 'NONE', *, *, #3511, .T. ) ;
#4312 = EDGE_CURVE ( 'NONE', #6983, #7798, #2947, .T. ) ;
#4313 = LINE ( 'NONE', #2159, #870 ) ;
#4314 = FACE_OUTER_BOUND ( 'NONE', #1812, .T. ) ;
#4315 = ADVANCED_FACE ( 'NONE', ( #2556, #886 ), #4955, .F. ) ;
#4316 = VERTEX_POINT ( 'NONE', #8144 ) ;
#4317 = ORIENTED_EDGE ( 'NONE', *, *, #7439, .F. ) ;
#4318 = PLANE ( 'NONE',  #965 ) ;
#4319 =( LENGTH_UNIT ( ) NAMED_UNIT ( * ) SI_UNIT ( .MILLI., .METRE. ) );
#4320 = VERTEX_POINT ( 'NONE', #1984 ) ;
#4321 = CARTESIAN_POINT ( 'NONE',  ( 0.0000000000000000000, 1.850000000000000100, -11.00500000000000100 ) ) ;
#4322 = LINE ( 'NONE', #7558, #6388 ) ;
#4323 = DIRECTION ( 'NONE',  ( -4.872818752743839300E-016, 0.0000000000000000000, 1.000000000000000000 ) ) ;
#4324 = DIRECTION ( 'NONE',  ( 0.0000000000000000000, 1.000000000000000000, -0.0000000000000000000 ) ) ;
#4325 = LINE ( 'NONE', #4621, #4811 ) ;
#4326 = AXIS2_PLACEMENT_3D ( 'NONE', #3885, #5078, #685 ) ;
#4327 = ORIENTED_EDGE ( 'NONE', *, *, #5322, .T. ) ;
#4328 = ORIENTED_EDGE ( 'NONE', *, *, #1534, .T. ) ;
#4329 = EDGE_LOOP ( 'NONE', ( #4418, #6248, #1915, #3168 ) ) ;
#4330 = EDGE_CURVE ( 'NONE', #1461, #7370, #7309, .T. ) ;
#4331 = DIRECTION ( 'NONE',  ( 1.000000000000000000, -0.0000000000000000000, 0.0000000000000000000 ) ) ;
#4332 = FACE_BOUND ( 'NONE', #7275, .T. ) ;
#4333 = ORIENTED_EDGE ( 'NONE', *, *, #4696, .T. ) ;
#4334 = AXIS2_PLACEMENT_3D ( 'NONE', #5707, #1924, #5234 ) ;
#4335 = SURFACE_STYLE_FILL_AREA ( #3444 ) ;
#4336 = AXIS2_PLACEMENT_3D ( 'NONE', #68, #6471, #5821 ) ;
#4337 = CIRCLE ( 'NONE', #584, 1.333499999999999700 ) ;
#4338 = VERTEX_POINT ( 'NONE', #3246 ) ;
#4339 = CARTESIAN_POINT ( 'NONE',  ( 9.974999999999997900, 0.0000000000000000000, 4.664999999999996500 ) ) ;
#4340 = CARTESIAN_POINT ( 'NONE',  ( -7.475000000000041400, 0.0000000000000000000, -2.955000000000001000 ) ) ;
#4341 = DIRECTION ( 'NONE',  ( -4.872818752743839300E-016, -0.0000000000000000000, -1.000000000000000000 ) ) ;
#4342 = CYLINDRICAL_SURFACE ( 'NONE', #1151, 0.4499999999998463600 ) ;
#4343 = CARTESIAN_POINT ( 'NONE',  ( 7.474999999999997000, 0.0000000000000000000, 9.744999999999993900 ) ) ;
#4344 = AXIS2_PLACEMENT_3D ( 'NONE', #6853, #520, #1801 ) ;
#4345 = DIRECTION ( 'NONE',  ( 0.0000000000000000000, 0.0000000000000000000, 1.000000000000000000 ) ) ;
#4346 = ORIENTED_EDGE ( 'NONE', *, *, #7232, .F. ) ;
#4347 = EDGE_CURVE ( 'NONE', #19, #832, #2460, .T. ) ;
#4348 = DIRECTION ( 'NONE',  ( 0.0000000000000000000, 1.000000000000000000, 0.0000000000000000000 ) ) ;
#4349 = FACE_OUTER_BOUND ( 'NONE', #3716, .T. ) ;
#4350 = LINE ( 'NONE', #4910, #2284 ) ;
#4351 = DIRECTION ( 'NONE',  ( -1.000000000000000000, 0.0000000000000000000, 0.0000000000000000000 ) ) ;
#4352 = CARTESIAN_POINT ( 'NONE',  ( 6.749644660940670200, 1.000000000000000000, 12.97500000000000000 ) ) ;
#4353 = DIRECTION ( 'NONE',  ( 1.000000000000000000, -0.0000000000000000000, -0.0000000000000000000 ) ) ;
#4354 = CARTESIAN_POINT ( 'NONE',  ( 9.975000000000001400, 0.0000000000000000000, -13.47499999999999800 ) ) ;
#4355 = ADVANCED_FACE ( 'NONE', ( #5219, #4244 ), #1352, .T. ) ;
#4356 = ORIENTED_EDGE ( 'NONE', *, *, #2321, .T. ) ;
#4357 = VECTOR ( 'NONE', #3463, 1000.000000000000000 ) ;
#4358 = EDGE_CURVE ( 'NONE', #995, #6008, #791, .T. ) ;
#4359 = VECTOR ( 'NONE', #4782, 1000.000000000000000 ) ;
#4360 = ADVANCED_FACE ( 'NONE', ( #2268 ), #3737, .F. ) ;
#4361 = CARTESIAN_POINT ( 'NONE',  ( 9.974999999999971200, 1.000000000000000000, 2.124999999999993300 ) ) ;
#4362 = FACE_OUTER_BOUND ( 'NONE', #5096, .T. ) ;
#4363 = CARTESIAN_POINT ( 'NONE',  ( 7.474999999999971200, 0.0000000000000000000, 3.642432017676006200E-015 ) ) ;
#4364 = FACE_OUTER_BOUND ( 'NONE', #8051, .T. ) ;
#4365 = DIRECTION ( 'NONE',  ( 0.0000000000000000000, 0.0000000000000000000, 1.000000000000000000 ) ) ;
#4366 = PRODUCT_DEFINITION_FORMATION_WITH_SPECIFIED_SOURCE ( 'ANY', '', #411, .NOT_KNOWN. ) ;
#4367 = EDGE_CURVE ( 'NONE', #2405, #2709, #3335, .T. ) ;
#4368 = ORIENTED_EDGE ( 'NONE', *, *, #83, .F. ) ;
#4369 = DIRECTION ( 'NONE',  ( 0.0000000000000000000, 0.0000000000000000000, 1.000000000000000000 ) ) ;
#4370 = PLANE ( 'NONE',  #452 ) ;
#4371 = DIRECTION ( 'NONE',  ( -1.000000000000000000, 0.0000000000000000000, 4.872818752743839300E-016 ) ) ;
#4372 = CARTESIAN_POINT ( 'NONE',  ( 7.474999999999998800, 0.0000000000000000000, 11.52500000000000000 ) ) ;
#4373 = CARTESIAN_POINT ( 'NONE',  ( 7.474999999999998800, 0.0000000000000000000, 7.204999999999999200 ) ) ;
#4374 = DIRECTION ( 'NONE',  ( 0.0000000000000000000, 0.0000000000000000000, -1.000000000000000000 ) ) ;
#4375 = CIRCLE ( 'NONE', #3992, 1.333499999999999700 ) ;
#4376 = DIRECTION ( 'NONE',  ( 0.0000000000000000000, 0.0000000000000000000, 1.000000000000000000 ) ) ;
#4377 = FILL_AREA_STYLE ('',( #1186 ) ) ;
#4378 = AXIS2_PLACEMENT_3D ( 'NONE', #2772, #7189, #6385 ) ;
#4379 = EDGE_LOOP ( 'NONE', ( #2719, #861, #3222, #6620 ) ) ;
#4380 = CARTESIAN_POINT ( 'NONE',  ( 8.255000000000061200, 0.0000000000000000000, -7.145000000000009300 ) ) ;
#4381 = AXIS2_PLACEMENT_3D ( 'NONE', #6964, #665, #5759 ) ;
#4382 = EDGE_CURVE ( 'NONE', #4999, #4650, #6002, .T. ) ;
#4383 = EDGE_CURVE ( 'NONE', #3507, #1046, #7301, .T. ) ;
#4384 = VECTOR ( 'NONE', #5815, 1000.000000000000000 ) ;
#4385 = FACE_OUTER_BOUND ( 'NONE', #1653, .T. ) ;
#4386 = EDGE_LOOP ( 'NONE', ( #4803, #2733, #313, #6758 ) ) ;
#4387 = ADVANCED_FACE ( 'NONE', ( #1860 ), #88, .F. ) ;
#4388 = DIRECTION ( 'NONE',  ( 0.0000000000000000000, 0.0000000000000000000, 1.000000000000000000 ) ) ;
#4389 = CARTESIAN_POINT ( 'NONE',  ( 7.474999999999961500, 0.0000000000000000000, 3.642432017676001500E-015 ) ) ;
#4390 = CYLINDRICAL_SURFACE ( 'NONE', #643, 1.199999999999999700 ) ;
#4391 = ORIENTED_EDGE ( 'NONE', *, *, #6918, .T. ) ;
#4392 = EDGE_LOOP ( 'NONE', ( #3164, #6361, #2327, #2525 ) ) ;
#4393 = CARTESIAN_POINT ( 'NONE',  ( 0.0000000000000000000, 0.0000000000000000000, -2.955000000000001000 ) ) ;
#4394 = ADVANCED_FACE ( 'NONE', ( #6290 ), #288, .T. ) ;
#4395 = ORIENTED_EDGE ( 'NONE', *, *, #4451, .F. ) ;
#4396 = CARTESIAN_POINT ( 'NONE',  ( -7.475000000000024500, 0.0000000000000000000, 2.125000000000000000 ) ) ;
#4397 = DIRECTION ( 'NONE',  ( 1.000000000000000000, -0.0000000000000000000, 0.0000000000000000000 ) ) ;
#4398 = ADVANCED_FACE ( 'NONE', ( #5116 ), #5549, .F. ) ;
#4399 = DIRECTION ( 'NONE',  ( 0.0000000000000000000, 0.0000000000000000000, 1.000000000000000000 ) ) ;
#4400 = ORIENTED_EDGE ( 'NONE', *, *, #1425, .F. ) ;
#4401 = ORIENTED_EDGE ( 'NONE', *, *, #7325, .F. ) ;
#4402 = VERTEX_POINT ( 'NONE', #4946 ) ;
#4403 = VERTEX_POINT ( 'NONE', #4894 ) ;
#4404 = DIRECTION ( 'NONE',  ( 0.0000000000000000000, 1.000000000000000000, 0.0000000000000000000 ) ) ;
#4405 = MANIFOLD_SOLID_BREP ( 'Boss-Extrude3[7]', #8009 ) ;
#4406 = LINE ( 'NONE', #3764, #5085 ) ;
#4407 = ORIENTED_EDGE ( 'NONE', *, *, #7414, .T. ) ;
#4408 = ORIENTED_EDGE ( 'NONE', *, *, #3673, .T. ) ;
#4409 = EDGE_LOOP ( 'NONE', ( #5180, #8159, #2890, #6130 ) ) ;
#4410 = AXIS2_PLACEMENT_3D ( 'NONE', #5752, #662, #1972 ) ;
#4411 = EDGE_CURVE ( 'NONE', #4458, #1434, #2651, .T. ) ;
#4412 = COLOUR_RGB ( '',0.7529411764705882200, 0.7529411764705882200, 0.7529411764705882200 ) ;
#4413 = CARTESIAN_POINT ( 'NONE',  ( 9.974999999999962300, 0.0000000000000000000, 1.364999999999992900 ) ) ;
#4414 = CYLINDRICAL_SURFACE ( 'NONE', #3801, 0.4499999999999999000 ) ;
#4415 = DIRECTION ( 'NONE',  ( -0.0000000000000000000, 1.000000000000000000, -0.0000000000000000000 ) ) ;
#4416 = EDGE_CURVE ( 'NONE', #6218, #6454, #3948, .T. ) ;
#4417 = EDGE_LOOP ( 'NONE', ( #6369, #7566 ) ) ;
#4418 = ORIENTED_EDGE ( 'NONE', *, *, #2359, .F. ) ;
#4419 = ORIENTED_EDGE ( 'NONE', *, *, #5003, .F. ) ;
#4420 = ORIENTED_EDGE ( 'NONE', *, *, #2430, .F. ) ;
#4421 = DIRECTION ( 'NONE',  ( 1.000000000000000000, 0.0000000000000000000, 0.0000000000000000000 ) ) ;
#4422 = CIRCLE ( 'NONE', #4641, 1.079499999999998800 ) ;
#4423 = CARTESIAN_POINT ( 'NONE',  ( -7.475000000000040500, 0.0000000000000000000, -1.175000000000000700 ) ) ;
#4424 = CARTESIAN_POINT ( 'NONE',  ( 9.975000000000001400, 1.000000000000000000, 13.47500000000000100 ) ) ;
#4425 = EDGE_LOOP ( 'NONE', ( #1917, #7100, #1979, #6207 ) ) ;
#4426 = VECTOR ( 'NONE', #3683, 1000.000000000000000 ) ;
#4427 = CARTESIAN_POINT ( 'NONE',  ( 0.0000000000000000000, 1.000000000000000000, 7.204999999999993000 ) ) ;
#4428 = PRESENTATION_LAYER_ASSIGNMENT (  '', '', ( #7817 ) ) ;
#4429 = VERTEX_POINT ( 'NONE', #8047 ) ;
#4430 = EDGE_CURVE ( 'NONE', #4804, #1499, #3042, .T. ) ;
#4431 = EDGE_CURVE ( 'NONE', #5981, #1006, #3241, .T. ) ;
#4432 = PLANE ( 'NONE',  #1264 ) ;
#4433 = DIRECTION ( 'NONE',  ( 0.0000000000000000000, 1.000000000000000000, 0.0000000000000000000 ) ) ;
#4434 = VECTOR ( 'NONE', #3750, 1000.000000000000000 ) ;
#4435 = ADVANCED_FACE ( 'NONE', ( #1582 ), #527, .F. ) ;
#4436 = CYLINDRICAL_SURFACE ( 'NONE', #737, 1.333499999999999700 ) ;
#4437 = ORIENTED_EDGE ( 'NONE', *, *, #5447, .F. ) ;
#4438 = ADVANCED_FACE ( 'NONE', ( #1270 ), #1130, .F. ) ;
#4439 = AXIS2_PLACEMENT_3D ( 'NONE', #865, #5951, #4740 ) ;
#4440 = DIRECTION ( 'NONE',  ( -1.000000000000000000, 0.0000000000000000000, 0.0000000000000000000 ) ) ;
#4441 = VECTOR ( 'NONE', #5240, 1000.000000000000000 ) ;
#4442 = PLANE ( 'NONE',  #6967 ) ;
#4443 = CARTESIAN_POINT ( 'NONE',  ( 0.0000000000000000000, 1.000000000000000000, 8.984999999999992300 ) ) ;
#4444 = CIRCLE ( 'NONE', #5634, 0.4500000000000002900 ) ;
#4445 = DIRECTION ( 'NONE',  ( -0.0000000000000000000, 1.000000000000000000, -0.0000000000000000000 ) ) ;
#4446 = CARTESIAN_POINT ( 'NONE',  ( -9.974999999999997900, 1.000000000000000000, 13.47500000000000100 ) ) ;
#4447 = VECTOR ( 'NONE', #1852, 1000.000000000000000 ) ;
#4448 = CARTESIAN_POINT ( 'NONE',  ( -9.974999999999997900, 1.000000000000000000, 11.52500000000000000 ) ) ;
#4449 = FACE_OUTER_BOUND ( 'NONE', #7657, .T. ) ;
#4450 = CARTESIAN_POINT ( 'NONE',  ( -9.974999999999997900, 1.000000000000000000, 13.47500000000000100 ) ) ;
#4451 = EDGE_CURVE ( 'NONE', #6875, #8113, #6094, .T. ) ;
#4452 = LINE ( 'NONE', #398, #7415 ) ;
#4453 = LINE ( 'NONE', #844, #5036 ) ;
#4454 = LINE ( 'NONE', #3139, #2299 ) ;
#4455 = CARTESIAN_POINT ( 'NONE',  ( 0.0000000000000000000, 2.750000000000000000, 12.72500000000000100 ) ) ;
#4456 = PLANE ( 'NONE',  #2528 ) ;
#4457 = ORIENTED_EDGE ( 'NONE', *, *, #4411, .T. ) ;
#4458 = VERTEX_POINT ( 'NONE', #8106 ) ;
#4459 = DIRECTION ( 'NONE',  ( -1.000000000000000000, -0.0000000000000000000, 1.387778780781446500E-015 ) ) ;
#4460 = EDGE_CURVE ( 'NONE', #5894, #6679, #4144, .T. ) ;
#4461 = DIRECTION ( 'NONE',  ( 0.0000000000000000000, 0.0000000000000000000, -1.000000000000000000 ) ) ;
#4462 = VECTOR ( 'NONE', #8180, 1000.000000000000000 ) ;
#4463 = EDGE_CURVE ( 'NONE', #7364, #3051, #5414, .T. ) ;
#4464 = CARTESIAN_POINT ( 'NONE',  ( 9.974999999999953500, 1.000000000000000000, -1.175000000000007600 ) ) ;
#4465 = EDGE_LOOP ( 'NONE', ( #7937, #2835, #4007, #6907 ) ) ;
#4466 = DIRECTION ( 'NONE',  ( 0.0000000000000000000, 1.000000000000000000, 0.0000000000000000000 ) ) ;
#4467 = ORIENTED_EDGE ( 'NONE', *, *, #5837, .F. ) ;
#4468 = DIRECTION ( 'NONE',  ( 0.0000000000000000000, 0.0000000000000000000, 1.000000000000000000 ) ) ;
#4469 = CARTESIAN_POINT ( 'NONE',  ( -7.474999999999997000, 1.000000000000000000, 9.745000000000001000 ) ) ;
#4470 = AXIS2_PLACEMENT_3D ( 'NONE', #7176, #5353, #318 ) ;
#4471 = CARTESIAN_POINT ( 'NONE',  ( 0.0000000000000000000, 0.0000000000000000000, 9.745000000000001000 ) ) ;
#4472 = LINE ( 'NONE', #4187, #5062 ) ;
#4473 = CARTESIAN_POINT ( 'NONE',  ( 8.255000000000078900, 1.000000000000000000, -2.065000000000009700 ) ) ;
#4474 = ADVANCED_FACE ( 'NONE', ( #5014, #2062 ), #6149, .T. ) ;
#4475 = LINE ( 'NONE', #1503, #338 ) ;
#4476 = EDGE_CURVE ( 'NONE', #7208, #4010, #95, .T. ) ;
#4477 = CARTESIAN_POINT ( 'NONE',  ( 0.0000000000000000000, 0.0000000000000000000, -6.255000000000007000 ) ) ;
#4478 = CARTESIAN_POINT ( 'NONE',  ( 8.255000000000078900, 0.0000000000000000000, -1.615000000000009300 ) ) ;
#4479 = VERTEX_POINT ( 'NONE', #7601 ) ;
#4480 = CARTESIAN_POINT ( 'NONE',  ( 9.975000000000001400, 0.0000000000000000000, 11.52500000000000000 ) ) ;
#4481 = ADVANCED_FACE ( 'NONE', ( #6603 ), #4275, .F. ) ;
#4482 = DIRECTION ( 'NONE',  ( -0.0000000000000000000, -0.0000000000000000000, 1.000000000000000000 ) ) ;
#4483 = CYLINDRICAL_SURFACE ( 'NONE', #1642, 0.4500000000000001800 ) ;
#4484 = DIRECTION ( 'NONE',  ( 0.0000000000000000000, -1.000000000000000000, 0.0000000000000000000 ) ) ;
#4485 = AXIS2_PLACEMENT_3D ( 'NONE', #4000, #218, #4599 ) ;
#4486 = DIRECTION ( 'NONE',  ( 0.0000000000000000000, 0.0000000000000000000, -1.000000000000000000 ) ) ;
#4487 = ORIENTED_EDGE ( 'NONE', *, *, #632, .F. ) ;
#4488 = EDGE_CURVE ( 'NONE', #6554, #7282, #386, .T. ) ;
#4489 = DIRECTION ( 'NONE',  ( 0.0000000000000000000, 1.000000000000000000, 0.0000000000000000000 ) ) ;
#4490 = ORIENTED_EDGE ( 'NONE', *, *, #6449, .F. ) ;
#4491 = EDGE_LOOP ( 'NONE', ( #7191, #1610, #7965, #4333 ) ) ;
#4492 = ORIENTED_EDGE ( 'NONE', *, *, #3460, .T. ) ;
#4493 = CARTESIAN_POINT ( 'NONE',  ( 9.974999999999944600, 1.000000000000000000, -3.715000000000006500 ) ) ;
#4494 = DIRECTION ( 'NONE',  ( 0.0000000000000000000, 0.0000000000000000000, 1.000000000000000000 ) ) ;
#4495 = ORIENTED_EDGE ( 'NONE', *, *, #853, .T. ) ;
#4496 = AXIS2_PLACEMENT_3D ( 'NONE', #4471, #738, #3938 ) ;
#4497 = EDGE_CURVE ( 'NONE', #3075, #1968, #5213, .T. ) ;
#4498 = ORIENTED_EDGE ( 'NONE', *, *, #5182, .T. ) ;
#4499 = ORIENTED_EDGE ( 'NONE', *, *, #6750, .F. ) ;
#4500 = ORIENTED_EDGE ( 'NONE', *, *, #77, .F. ) ;
#4501 = DIRECTION ( 'NONE',  ( 0.0000000000000000000, 0.0000000000000000000, -1.000000000000000000 ) ) ;
#4502 = FACE_BOUND ( 'NONE', #794, .T. ) ;
#4503 = EDGE_LOOP ( 'NONE', ( #5508, #5534, #1542, #360 ) ) ;
#4504 = ORIENTED_EDGE ( 'NONE', *, *, #459, .T. ) ;
#4505 = ORIENTED_EDGE ( 'NONE', *, *, #3066, .F. ) ;
#4506 = EDGE_LOOP ( 'NONE', ( #544, #5281, #1337, #8167 ) ) ;
#4507 = CARTESIAN_POINT ( 'NONE',  ( 8.255000000000061200, 1.000000000000000000, -7.145000000000009300 ) ) ;
#4508 = CARTESIAN_POINT ( 'NONE',  ( 0.0000000000000000000, 1.000000000000000000, -5.495000000000007200 ) ) ;
#4509 = DIRECTION ( 'NONE',  ( -1.000000000000000000, 0.0000000000000000000, -0.0000000000000000000 ) ) ;
#4510 = ORIENTED_EDGE ( 'NONE', *, *, #4649, .T. ) ;
#4511 = LINE ( 'NONE', #2563, #4903 ) ;
#4512 = FACE_OUTER_BOUND ( 'NONE', #1967, .T. ) ;
#4513 = DIRECTION ( 'NONE',  ( 1.000000000000000000, 0.0000000000000000000, -4.872818752743839300E-016 ) ) ;
#4514 = VERTEX_POINT ( 'NONE', #276 ) ;
#4515 = EDGE_LOOP ( 'NONE', ( #1012, #8161, #6572, #3017 ) ) ;
#4516 = AXIS2_PLACEMENT_3D ( 'NONE', #5264, #3982, #2758 ) ;
#4517 = ORIENTED_EDGE ( 'NONE', *, *, #7035, .F. ) ;
#4518 = ADVANCED_FACE ( 'NONE', ( #184 ), #5260, .F. ) ;
#4519 = EDGE_CURVE ( 'NONE', #6158, #6564, #3133, .T. ) ;
#4520 = VERTEX_POINT ( 'NONE', #4628 ) ;
#4521 = ORIENTED_EDGE ( 'NONE', *, *, #6093, .F. ) ;
#4522 = VECTOR ( 'NONE', #4482, 1000.000000000000000 ) ;
#4523 = EDGE_LOOP ( 'NONE', ( #1108, #6753, #1215, #1763 ) ) ;
#4524 = DIRECTION ( 'NONE',  ( 0.0000000000000000000, 0.0000000000000000000, 1.000000000000000000 ) ) ;
#4525 = STYLED_ITEM ( 'NONE', ( #4062 ), #621 ) ;
#4526 = DIRECTION ( 'NONE',  ( 0.0000000000000000000, 0.0000000000000000000, 1.000000000000000000 ) ) ;
#4527 = VECTOR ( 'NONE', #5115, 1000.000000000000000 ) ;
#4528 = LINE ( 'NONE', #7728, #1770 ) ;
#4529 = CARTESIAN_POINT ( 'NONE',  ( -7.475000000000023600, 0.0000000000000000000, 3.905000000000000700 ) ) ;
#4530 = DIRECTION ( 'NONE',  ( -0.0000000000000000000, -1.000000000000000000, -0.0000000000000000000 ) ) ;
#4531 = EDGE_LOOP ( 'NONE', ( #4225, #214, #5675, #724 ) ) ;
#4532 = DIRECTION ( 'NONE',  ( -0.0000000000000000000, -0.0000000000000000000, 1.000000000000000000 ) ) ;
#4533 = PLANE ( 'NONE',  #2373 ) ;
#4534 = LINE ( 'NONE', #5903, #1383 ) ;
#4535 = AXIS2_PLACEMENT_3D ( 'NONE', #3831, #56, #6808 ) ;
#4536 = DIRECTION ( 'NONE',  ( -0.0000000000000000000, 0.0000000000000000000, 1.000000000000000000 ) ) ;
#4537 = CIRCLE ( 'NONE', #6805, 0.2500000000000002200 ) ;
#4538 = EDGE_CURVE ( 'NONE', #4686, #2662, #6400, .T. ) ;
#4539 = EDGE_CURVE ( 'NONE', #2405, #7112, #8086, .T. ) ;
#4540 = EDGE_LOOP ( 'NONE', ( #771, #7318, #7555, #7688 ) ) ;
#4541 = DIRECTION ( 'NONE',  ( 0.0000000000000000000, 1.000000000000000000, 0.0000000000000000000 ) ) ;
#4542 = ORIENTED_EDGE ( 'NONE', *, *, #4191, .T. ) ;
#4543 = VECTOR ( 'NONE', #4183, 1000.000000000000000 ) ;
#4544 = DIRECTION ( 'NONE',  ( -0.0000000000000000000, 0.0000000000000000000, 1.000000000000000000 ) ) ;
#4545 = LINE ( 'NONE', #1292, #7714 ) ;
#4546 = VECTOR ( 'NONE', #1028, 1000.000000000000000 ) ;
#4547 = DIRECTION ( 'NONE',  ( 0.0000000000000000000, 1.000000000000000000, 0.0000000000000000000 ) ) ;
#4548 = VERTEX_POINT ( 'NONE', #5290 ) ;
#4549 = FACE_OUTER_BOUND ( 'NONE', #1392, .T. ) ;
#4550 = ORIENTED_EDGE ( 'NONE', *, *, #6846, .F. ) ;
#4551 = FACE_OUTER_BOUND ( 'NONE', #6977, .T. ) ;
#4552 = MANIFOLD_SOLID_BREP ( 'Boss-Extrude4', #1925 ) ;
#4553 = FILL_AREA_STYLE ('',( #790 ) ) ;
#4554 = LINE ( 'NONE', #6220, #2971 ) ;
#4555 = VECTOR ( 'NONE', #4006, 1000.000000000000000 ) ;
#4556 = CARTESIAN_POINT ( 'NONE',  ( 7.474999999999988100, 0.0000000000000000000, 8.984999999999992300 ) ) ;
#4557 = ORIENTED_EDGE ( 'NONE', *, *, #4647, .T. ) ;
#4558 = ORIENTED_EDGE ( 'NONE', *, *, #3884, .T. ) ;
#4559 = PLANE ( 'NONE',  #2980 ) ;
#4560 = ADVANCED_FACE ( 'NONE', ( #1378 ), #5318, .F. ) ;
#4561 = VECTOR ( 'NONE', #346, 1000.000000000000000 ) ;
#4562 = CARTESIAN_POINT ( 'NONE',  ( 6.735000000000000300, 2.700000000000000200, -8.285000000000000100 ) ) ;
#4563 = VERTEX_POINT ( 'NONE', #5874 ) ;
#4564 = CARTESIAN_POINT ( 'NONE',  ( -6.984999999999997700, 2.700000000000000200, 12.72500000000000100 ) ) ;
#4565 = EDGE_CURVE ( 'NONE', #1254, #561, #5248, .T. ) ;
#4566 = CARTESIAN_POINT ( 'NONE',  ( -9.975000000000006800, 0.0000000000000000000, 8.984999999999999400 ) ) ;
#4567 = CARTESIAN_POINT ( 'NONE',  ( -10.77992235650404500, 1.000000000000000000, 5.554999999999999700 ) ) ;
#4568 = EDGE_CURVE ( 'NONE', #4309, #2442, #32, .T. ) ;
#4569 = FACE_OUTER_BOUND ( 'NONE', #3009, .T. ) ;
#4570 = VERTEX_POINT ( 'NONE', #2216 ) ;
#4571 = DIRECTION ( 'NONE',  ( 0.0000000000000000000, 0.0000000000000000000, -1.000000000000000000 ) ) ;
#4572 = DIRECTION ( 'NONE',  ( 0.0000000000000000000, 1.000000000000000000, 0.0000000000000000000 ) ) ;
#4573 = CARTESIAN_POINT ( 'NONE',  ( -8.255000000000167800, 1.000000000000000000, -2.515000000000002800 ) ) ;
#4574 = VECTOR ( 'NONE', #3594, 1000.000000000000000 ) ;
#4575 = FACE_OUTER_BOUND ( 'NONE', #2353, .T. ) ;
#4576 = ORIENTED_EDGE ( 'NONE', *, *, #6838, .F. ) ;
#4577 = AXIS2_PLACEMENT_3D ( 'NONE', #5890, #3466, #329 ) ;
#4578 = DIRECTION ( 'NONE',  ( -0.0000000000000000000, 0.0000000000000000000, 1.000000000000000000 ) ) ;
#4579 = CARTESIAN_POINT ( 'NONE',  ( 1.322006219679568200E-016, 1.350000000000000100, -9.925500000000001300 ) ) ;
#4580 = EDGE_CURVE ( 'NONE', #7930, #7267, #4273, .T. ) ;
#4581 = EDGE_CURVE ( 'NONE', #6466, #3652, #1508, .T. ) ;
#4582 = VECTOR ( 'NONE', #4572, 1000.000000000000000 ) ;
#4583 = DIRECTION ( 'NONE',  ( 0.0000000000000000000, 1.000000000000000000, 0.0000000000000000000 ) ) ;
#4584 = ORIENTED_EDGE ( 'NONE', *, *, #7881, .F. ) ;
#4585 = VERTEX_POINT ( 'NONE', #245 ) ;
#4586 = VERTEX_POINT ( 'NONE', #6590 ) ;
#4587 = DIRECTION ( 'NONE',  ( 0.0000000000000000000, 1.000000000000000000, -0.0000000000000000000 ) ) ;
#4588 = PLANE ( 'NONE',  #6338 ) ;
#4589 = AXIS2_PLACEMENT_3D ( 'NONE', #1197, #4283, #3082 ) ;
#4590 = VECTOR ( 'NONE', #5851, 1000.000000000000000 ) ;
#4591 = DIRECTION ( 'NONE',  ( 0.0000000000000000000, 0.0000000000000000000, 1.000000000000000000 ) ) ;
#4592 = AXIS2_PLACEMENT_3D ( 'NONE', #6556, #7162, #5925 ) ;
#4593 = EDGE_LOOP ( 'NONE', ( #4876, #862, #7638, #6269 ) ) ;
#4594 = ORIENTED_EDGE ( 'NONE', *, *, #863, .F. ) ;
#4595 = CARTESIAN_POINT ( 'NONE',  ( -9.975000000000031600, 1.000000000000000000, -0.4150000000000004200 ) ) ;
#4596 = ORIENTED_EDGE ( 'NONE', *, *, #3994, .F. ) ;
#4597 = ORIENTED_EDGE ( 'NONE', *, *, #3296, .F. ) ;
#4598 = CARTESIAN_POINT ( 'NONE',  ( -9.974999999999997900, 1.000000000000000000, -13.47499999999999800 ) ) ;
#4599 = DIRECTION ( 'NONE',  ( -1.000000000000000000, 0.0000000000000000000, -0.0000000000000000000 ) ) ;
#4600 = LINE ( 'NONE', #7963, #268 ) ;
#4601 = CARTESIAN_POINT ( 'NONE',  ( -9.975000000000024500, 0.0000000000000000000, 2.125000000000000000 ) ) ;
#4602 = CARTESIAN_POINT ( 'NONE',  ( 8.255000000000114500, 1.000000000000000000, 8.094999999999991800 ) ) ;
#4603 = EDGE_LOOP ( 'NONE', ( #7082, #4816, #2042, #7156 ) ) ;
#4604 = ORIENTED_EDGE ( 'NONE', *, *, #633, .T. ) ;
#4605 = EDGE_LOOP ( 'NONE', ( #841, #6249 ) ) ;
#4606 = ADVANCED_FACE ( 'NONE', ( #2301 ), #1608, .F. ) ;
#4607 = AXIS2_PLACEMENT_3D ( 'NONE', #1826, #6903, #7511 ) ;
#4608 = EDGE_CURVE ( 'NONE', #2361, #6014, #5149, .T. ) ;
#4609 = VECTOR ( 'NONE', #6912, 1000.000000000000000 ) ;
#4610 = CARTESIAN_POINT ( 'NONE',  ( -6.984999999999997700, 2.609976000000000100, -8.535000000000000100 ) ) ;
#4611 = DIRECTION ( 'NONE',  ( 1.445602896647339500E-015, 0.0000000000000000000, 1.000000000000000000 ) ) ;
#4612 = EDGE_LOOP ( 'NONE', ( #3347, #2182, #2933, #1622 ) ) ;
#4613 = VERTEX_POINT ( 'NONE', #7785 ) ;
#4614 = ORIENTED_EDGE ( 'NONE', *, *, #2387, .T. ) ;
#4615 = CARTESIAN_POINT ( 'NONE',  ( 9.975000000000001400, 1.000000000000000000, 3.905000000000000700 ) ) ;
#4616 = EDGE_LOOP ( 'NONE', ( #3206, #528, #1347, #4915 ) ) ;
#4617 = VECTOR ( 'NONE', #5029, 1000.000000000000000 ) ;
#4618 = CARTESIAN_POINT ( 'NONE',  ( 6.985000000000000300, 2.609976000000000100, -8.285000000000003700 ) ) ;
#4619 = EDGE_CURVE ( 'NONE', #2452, #3979, #919, .T. ) ;
#4620 = CARTESIAN_POINT ( 'NONE',  ( 6.735000000000002100, 2.949999999999999700, 12.77500000000000000 ) ) ;
#4621 = CARTESIAN_POINT ( 'NONE',  ( -9.974999999999997900, 1.000000000000000000, 11.52500000000000000 ) ) ;
#4622 = VERTEX_POINT ( 'NONE', #2754 ) ;
#4623 = DIRECTION ( 'NONE',  ( 0.0000000000000000000, 0.0000000000000000000, 1.000000000000000000 ) ) ;
#4624 = ORIENTED_EDGE ( 'NONE', *, *, #6111, .F. ) ;
#4625 = VECTOR ( 'NONE', #668, 1000.000000000000000 ) ;
#4626 = DIRECTION ( 'NONE',  ( 0.0000000000000000000, 0.0000000000000000000, -1.000000000000000000 ) ) ;
#4627 = CARTESIAN_POINT ( 'NONE',  ( 0.0000000000000000000, 1.000000000000000000, -3.715000000000006500 ) ) ;
#4628 = CARTESIAN_POINT ( 'NONE',  ( -6.734999999999998500, 2.949999999999999700, -8.285000000000001900 ) ) ;
#4629 = LINE ( 'NONE', #8012, #1482 ) ;
#4630 = ORIENTED_EDGE ( 'NONE', *, *, #2610, .T. ) ;
#4631 = ORIENTED_EDGE ( 'NONE', *, *, #8122, .T. ) ;
#4632 = EDGE_CURVE ( 'NONE', #2716, #7370, #4854, .T. ) ;
#4633 = CARTESIAN_POINT ( 'NONE',  ( -1.905000000000000000, 1.000000000000000000, -12.59500000000000200 ) ) ;
#4634 = VECTOR ( 'NONE', #7295, 1000.000000000000000 ) ;
#4635 = CARTESIAN_POINT ( 'NONE',  ( 0.0000000000000000000, 0.0000000000000000000, 2.125000000000000000 ) ) ;
#4636 = CARTESIAN_POINT ( 'NONE',  ( -6.984999999999997700, 1.000000000000000000, -8.299644660940671800 ) ) ;
#4637 = FACE_BOUND ( 'NONE', #2271, .T. ) ;
#4638 = DIRECTION ( 'NONE',  ( -1.000000000000000000, 0.0000000000000000000, 0.0000000000000000000 ) ) ;
#4639 = DIRECTION ( 'NONE',  ( 0.0000000000000000000, 0.0000000000000000000, -1.000000000000000000 ) ) ;
#4640 = SURFACE_STYLE_USAGE ( .BOTH. , #2136 ) ;
#4641 = AXIS2_PLACEMENT_3D ( 'NONE', #7547, #3830, #663 ) ;
#4642 = AXIS2_PLACEMENT_3D ( 'NONE', #4704, #7911, #4763 ) ;
#4643 = VECTOR ( 'NONE', #717, 1000.000000000000000 ) ;
#4644 = EDGE_LOOP ( 'NONE', ( #4809, #4048, #4881, #7855 ) ) ;
#4645 = VECTOR ( 'NONE', #4024, 1000.000000000000000 ) ;
#4646 = ADVANCED_FACE ( 'NONE', ( #8119 ), #625, .F. ) ;
#4647 = EDGE_CURVE ( 'NONE', #961, #3338, #1890, .T. ) ;
#4648 = DIRECTION ( 'NONE',  ( 0.0000000000000000000, 1.000000000000000000, 0.0000000000000000000 ) ) ;
#4649 = EDGE_CURVE ( 'NONE', #7048, #1461, #423, .T. ) ;
#4650 = VERTEX_POINT ( 'NONE', #1705 ) ;
#4651 = LINE ( 'NONE', #372, #7610 ) ;
#4652 = DIRECTION ( 'NONE',  ( -1.000000000000000000, 0.0000000000000000000, -0.0000000000000000000 ) ) ;
#4653 = DIRECTION ( 'NONE',  ( 0.0000000000000000000, 1.000000000000000000, -0.0000000000000000000 ) ) ;
#4654 = FACE_OUTER_BOUND ( 'NONE', #3303, .T. ) ;
#4655 = CARTESIAN_POINT ( 'NONE',  ( 6.735000000000002100, 2.609976000000000100, 12.77500000000000000 ) ) ;
#4656 = LINE ( 'NONE', #5836, #2962 ) ;
#4657 = EDGE_CURVE ( 'NONE', #1676, #2427, #6531, .T. ) ;
#4658 = VERTEX_POINT ( 'NONE', #5404 ) ;
#4659 = MANIFOLD_SOLID_BREP ( 'Boss-Extrude3[9]', #1558 ) ;
#4660 = CARTESIAN_POINT ( 'NONE',  ( -9.975000000000042300, 0.0000000000000000000, -1.175000000000000700 ) ) ;
#4661 = CARTESIAN_POINT ( 'NONE',  ( -9.975000000000060000, 0.0000000000000000000, -6.254999999999999900 ) ) ;
#4662 = CARTESIAN_POINT ( 'NONE',  ( 9.974999999999935700, 1.000000000000000000, -6.255000000000007000 ) ) ;
#4663 = CARTESIAN_POINT ( 'NONE',  ( -7.475000000000024500, 0.0000000000000000000, 2.125000000000000000 ) ) ;
#4664 = VECTOR ( 'NONE', #6754, 1000.000000000000000 ) ;
#4665 = SURFACE_STYLE_FILL_AREA ( #4553 ) ;
#4666 = CARTESIAN_POINT ( 'NONE',  ( -9.975000000000042300, 0.0000000000000000000, -2.955000000000001000 ) ) ;
#4667 = CARTESIAN_POINT ( 'NONE',  ( 6.735000000000002100, 2.609976000000000100, 12.97500000000000000 ) ) ;
#4668 = LINE ( 'NONE', #3429, #7133 ) ;
#4669 = ORIENTED_EDGE ( 'NONE', *, *, #4725, .T. ) ;
#4670 = CARTESIAN_POINT ( 'NONE',  ( 9.974999999999994300, 1.000000000000000000, -8.035000000000003700 ) ) ;
#4671 = DIRECTION ( 'NONE',  ( 0.0000000000000000000, 0.0000000000000000000, 1.000000000000000000 ) ) ;
#4672 = DIRECTION ( 'NONE',  ( 1.000000000000000000, 0.0000000000000000000, 0.0000000000000000000 ) ) ;
#4673 = EDGE_CURVE ( 'NONE', #3102, #769, #7226, .T. ) ;
#4674 = VECTOR ( 'NONE', #6968, 1000.000000000000000 ) ;
#4675 = CARTESIAN_POINT ( 'NONE',  ( 7.474999999999988100, 0.0000000000000000000, 8.984999999999992300 ) ) ;
#4676 = DIRECTION ( 'NONE',  ( 0.0000000000000000000, 0.0000000000000000000, -1.000000000000000000 ) ) ;
#4677 = EDGE_LOOP ( 'NONE', ( #2672, #6874, #2550, #774 ) ) ;
#4678 = CARTESIAN_POINT ( 'NONE',  ( 0.0000000000000000000, 0.0000000000000000000, 8.984999999999992300 ) ) ;
#4679 = EDGE_CURVE ( 'NONE', #4032, #4338, #1702, .T. ) ;
#4680 = DIRECTION ( 'NONE',  ( -1.000000000000000000, -0.0000000000000000000, -0.0000000000000000000 ) ) ;
#4681 = FACE_OUTER_BOUND ( 'NONE', #368, .T. ) ;
#4682 = AXIS2_PLACEMENT_3D ( 'NONE', #3090, #7508, #6344 ) ;
#4683 = DIRECTION ( 'NONE',  ( 1.000000000000000000, 0.0000000000000000000, -4.872818752743839300E-016 ) ) ;
#4684 = VERTEX_POINT ( 'NONE', #389 ) ;
#4685 = CARTESIAN_POINT ( 'NONE',  ( -6.984999999999997700, 2.700000000000000200, 12.72500000000000100 ) ) ;
#4686 = VERTEX_POINT ( 'NONE', #7388 ) ;
#4687 = DIRECTION ( 'NONE',  ( 1.000000000000000000, -0.0000000000000000000, 0.0000000000000000000 ) ) ;
#4688 = ADVANCED_FACE ( 'NONE', ( #3370 ), #1112, .T. ) ;
#4689 = VERTEX_POINT ( 'NONE', #3499 ) ;
#4690 = VERTEX_POINT ( 'NONE', #4795 ) ;
#4691 = ORIENTED_EDGE ( 'NONE', *, *, #247, .T. ) ;
#4692 = CARTESIAN_POINT ( 'NONE',  ( -6.984999999999997700, 1.000000000000000000, 12.73964466094067300 ) ) ;
#4693 = ORIENTED_EDGE ( 'NONE', *, *, #882, .F. ) ;
#4694 = DIRECTION ( 'NONE',  ( -1.000000000000000000, -0.0000000000000000000, -0.0000000000000000000 ) ) ;
#4695 = EDGE_CURVE ( 'NONE', #158, #1911, #1795, .T. ) ;
#4696 = EDGE_CURVE ( 'NONE', #3829, #2745, #322, .T. ) ;
#4697 = DIRECTION ( 'NONE',  ( -0.0000000000000000000, 0.0000000000000000000, -1.000000000000000000 ) ) ;
#4698 = PLANE ( 'NONE',  #363 ) ;
#4699 = DIRECTION ( 'NONE',  ( 0.0000000000000000000, 1.000000000000000000, 0.0000000000000000000 ) ) ;
#4700 = FACE_OUTER_BOUND ( 'NONE', #1048, .T. ) ;
#4701 = VERTEX_POINT ( 'NONE', #2921 ) ;
#4702 = ORIENTED_EDGE ( 'NONE', *, *, #4906, .T. ) ;
#4703 = CARTESIAN_POINT ( 'NONE',  ( 7.474999999999995200, 1.000000000000000000, -3.714999999999999400 ) ) ;
#4704 = CARTESIAN_POINT ( 'NONE',  ( 6.735000000000002100, 2.700000000000000200, 12.72500000000000000 ) ) ;
#4705 = CIRCLE ( 'NONE', #4180, 0.4499999999999999000 ) ;
#4706 = CARTESIAN_POINT ( 'NONE',  ( 8.255000000000123400, 0.0000000000000000000, 10.18499999999999200 ) ) ;
#4707 = VECTOR ( 'NONE', #1124, 1000.000000000000000 ) ;
#4708 = CARTESIAN_POINT ( 'NONE',  ( 6.749644660940670200, 1.000000000000000000, -8.535000000000000100 ) ) ;
#4709 = EDGE_LOOP ( 'NONE', ( #6000, #3269 ) ) ;
#4710 = EDGE_LOOP ( 'NONE', ( #1643, #2130, #7949, #2543 ) ) ;
#4711 = LINE ( 'NONE', #789, #5988 ) ;
#4712 = DIRECTION ( 'NONE',  ( -1.000000000000000000, 0.0000000000000000000, 0.0000000000000000000 ) ) ;
#4713 = CARTESIAN_POINT ( 'NONE',  ( -9.975000000000031600, 0.0000000000000000000, -0.4150000000000004200 ) ) ;
#4714 =( NAMED_UNIT ( * ) SI_UNIT ( $, .STERADIAN. ) SOLID_ANGLE_UNIT ( ) );
#4715 = ORIENTED_EDGE ( 'NONE', *, *, #5841, .F. ) ;
#4716 = VERTEX_POINT ( 'NONE', #1607 ) ;
#4717 = EDGE_CURVE ( 'NONE', #5528, #3302, #7623, .T. ) ;
#4718 = ORIENTED_EDGE ( 'NONE', *, *, #1687, .F. ) ;
#4719 = ORIENTED_EDGE ( 'NONE', *, *, #825, .T. ) ;
#4720 = FACE_OUTER_BOUND ( 'NONE', #5384, .T. ) ;
#4721 = DIRECTION ( 'NONE',  ( -1.000000000000000000, 0.0000000000000000000, 0.0000000000000000000 ) ) ;
#4722 = ORIENTED_EDGE ( 'NONE', *, *, #7139, .T. ) ;
#4723 = CARTESIAN_POINT ( 'NONE',  ( -9.975000000000051200, 1.000000000000000000, -5.495000000000000100 ) ) ;
#4724 = DIRECTION ( 'NONE',  ( -1.000000000000000000, -0.0000000000000000000, -0.0000000000000000000 ) ) ;
#4725 = EDGE_CURVE ( 'NONE', #1949, #3275, #1995, .T. ) ;
#4726 = VECTOR ( 'NONE', #3208, 1000.000000000000000 ) ;
#4727 = LINE ( 'NONE', #6365, #2557 ) ;
#4728 = ADVANCED_FACE ( 'NONE', ( #7827 ), #4824, .F. ) ;
#4729 = EDGE_CURVE ( 'NONE', #7703, #159, #3271, .T. ) ;
#4730 = ORIENTED_EDGE ( 'NONE', *, *, #6215, .F. ) ;
#4731 = CARTESIAN_POINT ( 'NONE',  ( -8.255000000000150000, 0.0000000000000000000, 2.564999999999998200 ) ) ;
#4732 = CARTESIAN_POINT ( 'NONE',  ( 0.0000000000000000000, 1.000000000000000000, 0.0000000000000000000 ) ) ;
#4733 = DIRECTION ( 'NONE',  ( -1.387778780781446500E-015, 0.0000000000000000000, -1.000000000000000000 ) ) ;
#4734 = DIRECTION ( 'NONE',  ( -0.0000000000000000000, -1.000000000000000000, 0.0000000000000000000 ) ) ;
#4735 = DIRECTION ( 'NONE',  ( -1.000000000000000000, 0.0000000000000000000, -0.0000000000000000000 ) ) ;
#4736 = CIRCLE ( 'NONE', #8182, 0.4499999999999999000 ) ;
#4737 = ORIENTED_EDGE ( 'NONE', *, *, #8084, .T. ) ;
#4738 = CARTESIAN_POINT ( 'NONE',  ( -8.255000000000176600, 1.000000000000000000, -4.155000000000001100 ) ) ;
#4739 = CARTESIAN_POINT ( 'NONE',  ( -8.255000000000167800, 1.000000000000000000, -2.065000000000002600 ) ) ;
#4740 = DIRECTION ( 'NONE',  ( 0.0000000000000000000, 1.000000000000000000, 0.0000000000000000000 ) ) ;
#4741 = VERTEX_POINT ( 'NONE', #4354 ) ;
#4742 = CIRCLE ( 'NONE', #5444, 1.199999999999999700 ) ;
#4743 = AXIS2_PLACEMENT_3D ( 'NONE', #6643, #2314, #4188 ) ;
#4744 = CIRCLE ( 'NONE', #5366, 1.199999999999999700 ) ;
#4745 = EDGE_CURVE ( 'NONE', #250, #1459, #7023, .T. ) ;
#4746 = FILL_AREA_STYLE ('',( #1525 ) ) ;
#4747 = CARTESIAN_POINT ( 'NONE',  ( 0.0000000000000000000, 0.0000000000000000000, 7.204999999999999200 ) ) ;
#4748 = FACE_OUTER_BOUND ( 'NONE', #1752, .T. ) ;
#4749 = DIRECTION ( 'NONE',  ( 0.0000000000000000000, -1.000000000000000000, 0.0000000000000000000 ) ) ;
#4750 = ORIENTED_EDGE ( 'NONE', *, *, #3572, .F. ) ;
#4751 = LINE ( 'NONE', #931, #611 ) ;
#4752 = CARTESIAN_POINT ( 'NONE',  ( -7.475000000000024500, 1.000000000000000000, 2.125000000000000000 ) ) ;
#4753 = ORIENTED_EDGE ( 'NONE', *, *, #7546, .T. ) ;
#4754 = LINE ( 'NONE', #2851, #6315 ) ;
#4755 = CARTESIAN_POINT ( 'NONE',  ( -7.475000000000050300, 0.0000000000000000000, -5.495000000000000100 ) ) ;
#4756 = AXIS2_PLACEMENT_3D ( 'NONE', #7387, #443, #2943 ) ;
#4757 = AXIS2_PLACEMENT_3D ( 'NONE', #6510, #842, #7737 ) ;
#4758 = CARTESIAN_POINT ( 'NONE',  ( -8.254999999999961700, 1.000000000000000000, 11.08499999999984600 ) ) ;
#4759 = CYLINDRICAL_SURFACE ( 'NONE', #5650, 0.4499999999998463600 ) ;
#4760 = LINE ( 'NONE', #2622, #5150 ) ;
#4761 = ORIENTED_EDGE ( 'NONE', *, *, #273, .T. ) ;
#4762 = CARTESIAN_POINT ( 'NONE',  ( 9.974999999999994300, 0.0000000000000000000, -0.4150000000000039200 ) ) ;
#4763 = DIRECTION ( 'NONE',  ( 0.0000000000000000000, 0.0000000000000000000, -1.000000000000000000 ) ) ;
#4764 = ORIENTED_EDGE ( 'NONE', *, *, #7571, .F. ) ;
#4765 = CARTESIAN_POINT ( 'NONE',  ( -7.475000000000005900, 0.0000000000000000000, 7.204999999999999200 ) ) ;
#4766 = DIRECTION ( 'NONE',  ( -0.0000000000000000000, -1.000000000000000000, -0.0000000000000000000 ) ) ;
#4767 = DIRECTION ( 'NONE',  ( -0.0000000000000000000, -0.0000000000000000000, -1.000000000000000000 ) ) ;
#4768 = AXIS2_PLACEMENT_3D ( 'NONE', #2653, #4578, #7712 ) ;
#4769 = LINE ( 'NONE', #4020, #2490 ) ;
#4770 = ORIENTED_EDGE ( 'NONE', *, *, #1633, .F. ) ;
#4771 = EDGE_CURVE ( 'NONE', #4479, #8083, #1308, .T. ) ;
#4772 = PLANE ( 'NONE',  #5329 ) ;
#4773 = CARTESIAN_POINT ( 'NONE',  ( -7.475000000000014700, 0.0000000000000000000, 4.665000000000000000 ) ) ;
#4774 = DIRECTION ( 'NONE',  ( 0.0000000000000000000, 0.0000000000000000000, 1.000000000000000000 ) ) ;
#4775 = ADVANCED_FACE ( 'NONE', ( #5644 ), #4870, .F. ) ;
#4776 = LINE ( 'NONE', #2495, #4182 ) ;
#4777 = VECTOR ( 'NONE', #1617, 1000.000000000000000 ) ;
#4778 = ORIENTED_EDGE ( 'NONE', *, *, #5267, .F. ) ;
#4779 = EDGE_CURVE ( 'NONE', #8132, #2128, #2773, .T. ) ;
#4780 = VECTOR ( 'NONE', #3469, 1000.000000000000000 ) ;
#4781 = DIRECTION ( 'NONE',  ( -0.0000000000000000000, 0.0000000000000000000, 1.000000000000000000 ) ) ;
#4782 = DIRECTION ( 'NONE',  ( 0.0000000000000000000, 1.000000000000000000, 0.0000000000000000000 ) ) ;
#4783 = VERTEX_POINT ( 'NONE', #4250 ) ;
#4784 = EDGE_CURVE ( 'NONE', #7048, #4658, #7113, .T. ) ;
#4785 = LINE ( 'NONE', #4194, #7751 ) ;
#4786 = ORIENTED_EDGE ( 'NONE', *, *, #2053, .T. ) ;
#4787 = VERTEX_POINT ( 'NONE', #8111 ) ;
#4788 = DIRECTION ( 'NONE',  ( 0.0000000000000000000, 0.0000000000000000000, 1.000000000000000000 ) ) ;
#4789 = VERTEX_POINT ( 'NONE', #3632 ) ;
#4790 = AXIS2_PLACEMENT_3D ( 'NONE', #7609, #6299, #60 ) ;
#4791 = LINE ( 'NONE', #7065, #2713 ) ;
#4792 = CARTESIAN_POINT ( 'NONE',  ( 0.0000000000000000000, 1.000000000000000000, 3.904999999999993600 ) ) ;
#4793 = DIRECTION ( 'NONE',  ( -0.0000000000000000000, -1.000000000000000000, 0.0000000000000000000 ) ) ;
#4794 = ORIENTED_EDGE ( 'NONE', *, *, #7979, .T. ) ;
#4795 = CARTESIAN_POINT ( 'NONE',  ( 6.749644660940673700, 2.609976000000000100, -8.335000000000000900 ) ) ;
#4796 = ORIENTED_EDGE ( 'NONE', *, *, #2262, .F. ) ;
#4797 = ORIENTED_EDGE ( 'NONE', *, *, #656, .F. ) ;
#4798 = ORIENTED_EDGE ( 'NONE', *, *, #633, .F. ) ;
#4799 = AXIS2_PLACEMENT_3D ( 'NONE', #6728, #2293, #967 ) ;
#4800 = FACE_BOUND ( 'NONE', #132, .T. ) ;
#4801 = PRESENTATION_LAYER_ASSIGNMENT (  '', '', ( #1110 ) ) ;
#4802 =( LENGTH_UNIT ( ) NAMED_UNIT ( * ) SI_UNIT ( .MILLI., .METRE. ) );
#4803 = ORIENTED_EDGE ( 'NONE', *, *, #475, .F. ) ;
#4804 = VERTEX_POINT ( 'NONE', #1105 ) ;
#4805 = ORIENTED_EDGE ( 'NONE', *, *, #4488, .T. ) ;
#4806 = AXIS2_PLACEMENT_3D ( 'NONE', #2280, #3506, #4179 ) ;
#4807 = EDGE_CURVE ( 'NONE', #6455, #7300, #4051, .T. ) ;
#4808 = CARTESIAN_POINT ( 'NONE',  ( 6.735000000000002100, 2.949999999999999700, -8.335000000000000900 ) ) ;
#4809 = ORIENTED_EDGE ( 'NONE', *, *, #667, .F. ) ;
#4810 = CYLINDRICAL_SURFACE ( 'NONE', #4857, 0.4500000000000007300 ) ;
#4811 = VECTOR ( 'NONE', #777, 1000.000000000000000 ) ;
#4812 = CARTESIAN_POINT ( 'NONE',  ( -9.975000000000015600, 0.0000000000000000000, 4.665000000000000000 ) ) ;
#4813 = ADVANCED_FACE ( 'NONE', ( #1971 ), #1731, .F. ) ;
#4814 = ORIENTED_EDGE ( 'NONE', *, *, #5604, .F. ) ;
#4815 = ORIENTED_EDGE ( 'NONE', *, *, #7805, .F. ) ;
#4816 = ORIENTED_EDGE ( 'NONE', *, *, #293, .F. ) ;
#4817 = DIRECTION ( 'NONE',  ( 1.000000000000000000, 0.0000000000000000000, 0.0000000000000000000 ) ) ;
#4818 = CARTESIAN_POINT ( 'NONE',  ( 6.735000000000002100, 2.949999999999999700, -8.285000000000001900 ) ) ;
#4819 = CARTESIAN_POINT ( 'NONE',  ( -8.255000000000141100, 1.000000000000000000, 5.104999999999998600 ) ) ;
#4820 = VECTOR ( 'NONE', #7834, 1000.000000000000000 ) ;
#4821 = DIRECTION ( 'NONE',  ( 0.0000000000000000000, 1.000000000000000000, -0.0000000000000000000 ) ) ;
#4822 = CARTESIAN_POINT ( 'NONE',  ( 0.0000000000000000000, 1.850000000000000100, -12.08450000000000000 ) ) ;
#4823 = CARTESIAN_POINT ( 'NONE',  ( 0.0000000000000000000, 1.850000000000000100, -11.00500000000000100 ) ) ;
#4824 = PLANE ( 'NONE',  #6108 ) ;
#4825 = CYLINDRICAL_SURFACE ( 'NONE', #999, 1.199999999999999700 ) ;
#4826 = CLOSED_SHELL ( 'NONE', ( #2297, #1136, #3187, #5507, #1090, #4883 ) ) ;
#4827 = VECTOR ( 'NONE', #3503, 1000.000000000000000 ) ;
#4828 = DIRECTION ( 'NONE',  ( 0.0000000000000000000, 1.000000000000000000, -0.0000000000000000000 ) ) ;
#4829 = LINE ( 'NONE', #6251, #7395 ) ;
#4830 = ORIENTED_EDGE ( 'NONE', *, *, #3245, .F. ) ;
#4831 = AXIS2_PLACEMENT_3D ( 'NONE', #5194, #7124, #2058 ) ;
#4832 = DIRECTION ( 'NONE',  ( 0.0000000000000000000, 1.000000000000000000, -0.0000000000000000000 ) ) ;
#4833 = EDGE_CURVE ( 'NONE', #4195, #7208, #996, .T. ) ;
#4834 = EDGE_CURVE ( 'NONE', #84, #6173, #2208, .T. ) ;
#4835 = LINE ( 'NONE', #6795, #2476 ) ;
#4836 = DIRECTION ( 'NONE',  ( 0.0000000000000000000, 0.0000000000000000000, 1.000000000000000000 ) ) ;
#4837 = CARTESIAN_POINT ( 'NONE',  ( -7.475000000000032500, 1.000000000000000000, 3.642432017676036200E-015 ) ) ;
#4838 = DIRECTION ( 'NONE',  ( 0.0000000000000000000, 1.000000000000000000, -0.0000000000000000000 ) ) ;
#4839 = VECTOR ( 'NONE', #5984, 1000.000000000000000 ) ;
#4840 = ORIENTED_EDGE ( 'NONE', *, *, #8023, .F. ) ;
#4841 = LINE ( 'NONE', #7269, #4645 ) ;
#4842 = ORIENTED_EDGE ( 'NONE', *, *, #3358, .T. ) ;
#4843 = ORIENTED_EDGE ( 'NONE', *, *, #4647, .F. ) ;
#4844 = DIRECTION ( 'NONE',  ( 0.0000000000000000000, 1.000000000000000000, 0.0000000000000000000 ) ) ;
#4845 = SURFACE_SIDE_STYLE ('',( #3124 ) ) ;
#4846 = DIRECTION ( 'NONE',  ( 0.0000000000000000000, 0.0000000000000000000, 1.000000000000000000 ) ) ;
#4847 = LINE ( 'NONE', #1761, #4265 ) ;
#4848 = ADVANCED_FACE ( 'NONE', ( #5140 ), #5531, .F. ) ;
#4849 = LINE ( 'NONE', #647, #7604 ) ;
#4850 = EDGE_CURVE ( 'NONE', #3939, #3167, #3445, .T. ) ;
#4851 = EDGE_CURVE ( 'NONE', #4981, #5857, #5802, .T. ) ;
#4852 = VERTEX_POINT ( 'NONE', #4950 ) ;
#4853 = DIRECTION ( 'NONE',  ( 1.445602896647339500E-015, 0.0000000000000000000, 1.000000000000000000 ) ) ;
#4854 = LINE ( 'NONE', #4004, #6835 ) ;
#4855 = CIRCLE ( 'NONE', #1192, 0.4499999999999999000 ) ;
#4856 = ORIENTED_EDGE ( 'NONE', *, *, #3019, .T. ) ;
#4857 = AXIS2_PLACEMENT_3D ( 'NONE', #1550, #334, #7163 ) ;
#4858 =( GEOMETRIC_REPRESENTATION_CONTEXT ( 3 ) GLOBAL_UNCERTAINTY_ASSIGNED_CONTEXT ( ( #6734 ) ) GLOBAL_UNIT_ASSIGNED_CONTEXT ( ( #5768, #2019, #6396 ) ) REPRESENTATION_CONTEXT ( 'NONE', 'WORKASPACE' ) );
#4859 =( LENGTH_UNIT ( ) NAMED_UNIT ( * ) SI_UNIT ( .MILLI., .METRE. ) );
#4860 = CARTESIAN_POINT ( 'NONE',  ( -9.975000000000031600, 1.000000000000000000, -0.4150000000000004200 ) ) ;
#4861 = CIRCLE ( 'NONE', #7212, 0.04999999999999969700 ) ;
#4862 = DIRECTION ( 'NONE',  ( -1.000000000000000000, 0.0000000000000000000, 0.0000000000000000000 ) ) ;
#4863 = DIRECTION ( 'NONE',  ( 1.000000000000000000, 0.0000000000000000000, 0.0000000000000000000 ) ) ;
#4864 = VECTOR ( 'NONE', #2186, 1000.000000000000000 ) ;
#4865 = EDGE_CURVE ( 'NONE', #7364, #7552, #2447, .T. ) ;
#4866 = LINE ( 'NONE', #5299, #642 ) ;
#4867 = DIRECTION ( 'NONE',  ( 0.0000000000000000000, 0.0000000000000000000, -1.000000000000000000 ) ) ;
#4868 = CARTESIAN_POINT ( 'NONE',  ( 9.975000000000001400, 0.0000000000000000000, 1.365000000000000000 ) ) ;
#4869 = CLOSED_SHELL ( 'NONE', ( #929, #4606, #4560, #1868, #262, #890, #4315, #6949 ) ) ;
#4870 = PLANE ( 'NONE',  #6958 ) ;
#4871 = LINE ( 'NONE', #3975, #6552 ) ;
#4872 = EDGE_CURVE ( 'NONE', #1492, #4689, #3521, .T. ) ;
#4873 = ORIENTED_EDGE ( 'NONE', *, *, #3994, .T. ) ;
#4874 = EDGE_LOOP ( 'NONE', ( #1372, #6790, #340, #2426 ) ) ;
#4875 = DIRECTION ( 'NONE',  ( 0.0000000000000000000, 1.000000000000000000, 0.0000000000000000000 ) ) ;
#4876 = ORIENTED_EDGE ( 'NONE', *, *, #4729, .T. ) ;
#4877 = EDGE_CURVE ( 'NONE', #456, #3615, #2349, .T. ) ;
#4878 = CARTESIAN_POINT ( 'NONE',  ( 9.975000000000001400, 0.0000000000000000000, 13.47500000000000100 ) ) ;
#4879 = CARTESIAN_POINT ( 'NONE',  ( -9.975000000000060000, 0.0000000000000000000, -6.254999999999999900 ) ) ;
#4880 = ORIENTED_EDGE ( 'NONE', *, *, #5518, .T. ) ;
#4881 = ORIENTED_EDGE ( 'NONE', *, *, #4042, .F. ) ;
#4882 = ORIENTED_EDGE ( 'NONE', *, *, #337, .T. ) ;
#4883 = ADVANCED_FACE ( 'NONE', ( #4512 ), #3125, .F. ) ;
#4884 = ORIENTED_EDGE ( 'NONE', *, *, #2917, .T. ) ;
#4885 = DIRECTION ( 'NONE',  ( 0.0000000000000000000, 1.000000000000000000, 0.0000000000000000000 ) ) ;
#4886 = DIRECTION ( 'NONE',  ( 0.0000000000000000000, 0.0000000000000000000, 1.000000000000000000 ) ) ;
#4887 = FACE_BOUND ( 'NONE', #5362, .T. ) ;
#4888 = CARTESIAN_POINT ( 'NONE',  ( -10.77992235650408900, 0.0000000000000000000, -7.145000000000000500 ) ) ;
#4889 = CARTESIAN_POINT ( 'NONE',  ( 9.974999999999935700, 0.0000000000000000000, -6.255000000000007000 ) ) ;
#4890 = ORIENTED_EDGE ( 'NONE', *, *, #1960, .F. ) ;
#4891 = ORIENTED_EDGE ( 'NONE', *, *, #1296, .F. ) ;
#4892 = AXIS2_PLACEMENT_3D ( 'NONE', #3438, #297, #4623 ) ;
#4893 = EDGE_LOOP ( 'NONE', ( #5204, #913, #6584, #5982 ) ) ;
#4894 = CARTESIAN_POINT ( 'NONE',  ( -7.475000000000005000, 1.000000000000000000, 8.984999999999999400 ) ) ;
#4895 = EDGE_CURVE ( 'NONE', #7370, #6456, #780, .T. ) ;
#4896 = FACE_OUTER_BOUND ( 'NONE', #6146, .T. ) ;
#4897 = VECTOR ( 'NONE', #4137, 1000.000000000000000 ) ;
#4898 = DIRECTION ( 'NONE',  ( -4.872818752743839300E-016, 0.0000000000000000000, 1.000000000000000000 ) ) ;
#4899 = ORIENTED_EDGE ( 'NONE', *, *, #5551, .F. ) ;
#4900 = ORIENTED_EDGE ( 'NONE', *, *, #2376, .F. ) ;
#4901 = ORIENTED_EDGE ( 'NONE', *, *, #384, .T. ) ;
#4902 = UNCERTAINTY_MEASURE_WITH_UNIT (LENGTH_MEASURE( 1.000000000000000100E-005 ), #7640, 'distance_accuracy_value', 'NONE');
#4903 = VECTOR ( 'NONE', #4415, 1000.000000000000000 ) ;
#4904 = CARTESIAN_POINT ( 'NONE',  ( 7.474999999999998800, 1.000000000000000000, 9.745000000000001000 ) ) ;
#4905 = ORIENTED_EDGE ( 'NONE', *, *, #6708, .T. ) ;
#4906 = EDGE_CURVE ( 'NONE', #3231, #8125, #7171, .T. ) ;
#4907 = EDGE_CURVE ( 'NONE', #995, #2442, #6274, .T. ) ;
#4908 = DIRECTION ( 'NONE',  ( 0.0000000000000000000, 0.0000000000000000000, 1.000000000000000000 ) ) ;
#4909 = VERTEX_POINT ( 'NONE', #5698 ) ;
#4910 = CARTESIAN_POINT ( 'NONE',  ( -7.474999999999996100, 0.0000000000000000000, 11.52500000000000000 ) ) ;
#4911 = EDGE_LOOP ( 'NONE', ( #2132, #4327, #7053, #3832 ) ) ;
#4912 = EDGE_LOOP ( 'NONE', ( #4753, #2831, #188, #508 ) ) ;
#4913 = DIRECTION ( 'NONE',  ( 0.0000000000000000000, 1.000000000000000000, -0.0000000000000000000 ) ) ;
#4914 = COLOUR_RGB ( '',1.000000000000000000, 0.8117647058823529400, 0.5019607843137254800 ) ;
#4915 = ORIENTED_EDGE ( 'NONE', *, *, #1665, .F. ) ;
#4916 = CARTESIAN_POINT ( 'NONE',  ( 0.0000000000000000000, 1.000000000000000000, -8.035000000000007200 ) ) ;
#4917 = DIRECTION ( 'NONE',  ( 0.0000000000000000000, 0.0000000000000000000, 1.000000000000000000 ) ) ;
#4918 = EDGE_CURVE ( 'NONE', #2139, #2547, #2045, .T. ) ;
#4919 = CARTESIAN_POINT ( 'NONE',  ( -8.255000000000158900, 1.000000000000000000, 0.02499999999999778800 ) ) ;
#4920 = DIRECTION ( 'NONE',  ( -1.000000000000000000, 0.0000000000000000000, 0.0000000000000000000 ) ) ;
#4921 = VECTOR ( 'NONE', #3881, 1000.000000000000000 ) ;
#4922 = CARTESIAN_POINT ( 'NONE',  ( 6.985000000000000300, 2.949999999999999700, 12.72500000000000100 ) ) ;
#4923 = ORIENTED_EDGE ( 'NONE', *, *, #4632, .T. ) ;
#4924 = CARTESIAN_POINT ( 'NONE',  ( 10.77992235650397200, 1.000000000000000000, -4.605000000000006600 ) ) ;
#4925 = DIRECTION ( 'NONE',  ( -0.0000000000000000000, 1.000000000000000000, -0.0000000000000000000 ) ) ;
#4926 = ADVANCED_FACE ( 'NONE', ( #2537 ), #7663, .F. ) ;
#4927 = FACE_OUTER_BOUND ( 'NONE', #7222, .T. ) ;
#4928 = ORIENTED_EDGE ( 'NONE', *, *, #707, .T. ) ;
#4929 = DIRECTION ( 'NONE',  ( 0.0000000000000000000, 1.000000000000000000, 0.0000000000000000000 ) ) ;
#4930 = ORIENTED_EDGE ( 'NONE', *, *, #8122, .F. ) ;
#4931 = FACE_OUTER_BOUND ( 'NONE', #6062, .T. ) ;
#4932 = DIRECTION ( 'NONE',  ( 0.0000000000000000000, 1.000000000000000000, -0.0000000000000000000 ) ) ;
#4933 = SURFACE_STYLE_USAGE ( .BOTH. , #5486 ) ;
#4934 = VERTEX_POINT ( 'NONE', #692 ) ;
#4935 = VECTOR ( 'NONE', #2012, 1000.000000000000000 ) ;
#4936 = EDGE_CURVE ( 'NONE', #7112, #6397, #2839, .T. ) ;
#4937 = CARTESIAN_POINT ( 'NONE',  ( -9.975000000000042300, 1.000000000000000000, -2.955000000000001000 ) ) ;
#4938 = ORIENTED_EDGE ( 'NONE', *, *, #5417, .T. ) ;
#4939 = DIRECTION ( 'NONE',  ( 0.0000000000000000000, 1.000000000000000000, 0.0000000000000000000 ) ) ;
#4940 = EDGE_LOOP ( 'NONE', ( #2554, #3828, #7400, #742 ) ) ;
#4941 = EDGE_LOOP ( 'NONE', ( #749, #1821, #3800, #1073 ) ) ;
#4942 = DIRECTION ( 'NONE',  ( 0.0000000000000000000, 0.0000000000000000000, 1.000000000000000000 ) ) ;
#4943 = CARTESIAN_POINT ( 'NONE',  ( -10.77992235650405200, 0.0000000000000000000, 3.015000000000000100 ) ) ;
#4944 = VECTOR ( 'NONE', #3689, 1000.000000000000000 ) ;
#4946 = CARTESIAN_POINT ( 'NONE',  ( 7.474999999999998800, 1.000000000000000000, 9.745000000000001000 ) ) ;
#4945 = CIRCLE ( 'NONE', #4516, 0.4500000000000002900 ) ;
#4947 = ORIENTED_EDGE ( 'NONE', *, *, #921, .F. ) ;
#4948 = DIRECTION ( 'NONE',  ( 0.0000000000000000000, 0.0000000000000000000, -1.000000000000000000 ) ) ;
#4949 = PLANE ( 'NONE',  #3319 ) ;
#4950 = CARTESIAN_POINT ( 'NONE',  ( -7.474999999999997000, 0.0000000000000000000, 9.745000000000001000 ) ) ;
#4951 = AXIS2_PLACEMENT_3D ( 'NONE', #7813, #1521, #7225 ) ;
#4952 = EDGE_CURVE ( 'NONE', #551, #5528, #3321, .T. ) ;
#4953 = EDGE_CURVE ( 'NONE', #6875, #4981, #2148, .T. ) ;
#4954 = ORIENTED_EDGE ( 'NONE', *, *, #7530, .F. ) ;
#4955 = PLANE ( 'NONE',  #5108 ) ;
#4956 = PLANE ( 'NONE',  #4589 ) ;
#4957 = LINE ( 'NONE', #7912, #3186 ) ;
#4958 = STYLED_ITEM ( 'NONE', ( #1399 ), #2834 ) ;
#4959 = FACE_OUTER_BOUND ( 'NONE', #7646, .T. ) ;
#4960 = ORIENTED_EDGE ( 'NONE', *, *, #1907, .T. ) ;
#4961 = CARTESIAN_POINT ( 'NONE',  ( -8.255000000000150000, 1.000000000000000000, 3.014999999999998800 ) ) ;
#4962 = ADVANCED_FACE ( 'NONE', ( #7876, #6181 ), #5009, .T. ) ;
#4963 = CARTESIAN_POINT ( 'NONE',  ( 7.474999999999944600, 0.0000000000000000000, -5.495000000000007200 ) ) ;
#4964 = LINE ( 'NONE', #5789, #4384 ) ;
#4965 = PLANE ( 'NONE',  #421 ) ;
#4966 = ADVANCED_FACE ( 'NONE', ( #871 ), #4414, .F. ) ;
#4967 = DIRECTION ( 'NONE',  ( 1.000000000000000000, 0.0000000000000000000, 0.0000000000000000000 ) ) ;
#4968 = ORIENTED_EDGE ( 'NONE', *, *, #1573, .F. ) ;
#4969 = DIRECTION ( 'NONE',  ( -1.000000000000000000, 0.0000000000000000000, 0.0000000000000000000 ) ) ;
#4970 = CARTESIAN_POINT ( 'NONE',  ( -8.255000000000176600, 1.000000000000000000, -5.055000000000001500 ) ) ;
#4971 = LINE ( 'NONE', #1466, #6946 ) ;
#4972 = CARTESIAN_POINT ( 'NONE',  ( 7.474999999999995200, 0.0000000000000000000, 2.125000000000000000 ) ) ;
#4973 = EDGE_LOOP ( 'NONE', ( #1714, #6625, #2205, #5639, #5275, #7825, #2471, #1348 ) ) ;
#4974 = CARTESIAN_POINT ( 'NONE',  ( 7.474999999999982800, 0.0000000000000000000, 3.642432017676011800E-015 ) ) ;
#4975 = ORIENTED_EDGE ( 'NONE', *, *, #697, .F. ) ;
#4976 = ORIENTED_EDGE ( 'NONE', *, *, #3557, .T. ) ;
#4977 = AXIS2_PLACEMENT_3D ( 'NONE', #6543, #3369, #7181 ) ;
#4978 = EDGE_CURVE ( 'NONE', #7764, #5203, #7376, .T. ) ;
#4979 = ORIENTED_EDGE ( 'NONE', *, *, #2344, .F. ) ;
#4980 = ORIENTED_EDGE ( 'NONE', *, *, #3642, .T. ) ;
#4981 = VERTEX_POINT ( 'NONE', #6327 ) ;
#4982 = CARTESIAN_POINT ( 'NONE',  ( -8.254999999999961700, 1.000000000000000000, 10.63500000000000000 ) ) ;
#4983 = EDGE_CURVE ( 'NONE', #6371, #7914, #669, .T. ) ;
#4984 = DIRECTION ( 'NONE',  ( 1.000000000000000000, 0.0000000000000000000, 0.0000000000000000000 ) ) ;
#4985 = CARTESIAN_POINT ( 'NONE',  ( -6.984999999999997700, 2.949999999999999700, -8.335000000000000900 ) ) ;
#4986 = CIRCLE ( 'NONE', #1266, 1.333499999999999700 ) ;
#4987 = CARTESIAN_POINT ( 'NONE',  ( -7.475000000000023600, 0.0000000000000000000, 3.905000000000000700 ) ) ;
#4988 = VERTEX_POINT ( 'NONE', #5728 ) ;
#4989 = VERTEX_POINT ( 'NONE', #5031 ) ;
#4990 = VERTEX_POINT ( 'NONE', #3240 ) ;
#4991 = CLOSED_SHELL ( 'NONE', ( #6230, #598, #7455, #2379, #1597, #3152, #3192, #5223 ) ) ;
#4992 = DIRECTION ( 'NONE',  ( 1.000000000000000000, 0.0000000000000000000, 0.0000000000000000000 ) ) ;
#4993 = SURFACE_STYLE_USAGE ( .BOTH. , #8154 ) ;
#4994 = ORIENTED_EDGE ( 'NONE', *, *, #2960, .T. ) ;
#4995 = DIRECTION ( 'NONE',  ( 1.000000000000000000, 0.0000000000000000000, 0.0000000000000000000 ) ) ;
#4996 = VECTOR ( 'NONE', #7837, 1000.000000000000000 ) ;
#4997 = LINE ( 'NONE', #183, #7972 ) ;
#4998 = ADVANCED_FACE ( 'NONE', ( #7080 ), #608, .F. ) ;
#4999 = VERTEX_POINT ( 'NONE', #5086 ) ;
#5000 = ORIENTED_EDGE ( 'NONE', *, *, #8044, .T. ) ;
#5001 = VERTEX_POINT ( 'NONE', #3864 ) ;
#5002 = VERTEX_POINT ( 'NONE', #3155 ) ;
#5003 = EDGE_CURVE ( 'NONE', #3297, #7350, #2728, .T. ) ;
#5004 = CARTESIAN_POINT ( 'NONE',  ( 7.474999999999953500, 0.0000000000000000000, -2.955000000000008100 ) ) ;
#5005 = EDGE_CURVE ( 'NONE', #7930, #3297, #7286, .T. ) ;
#5006 = DIRECTION ( 'NONE',  ( 0.0000000000000000000, 0.0000000000000000000, 1.000000000000000000 ) ) ;
#5007 = DIRECTION ( 'NONE',  ( -1.000000000000000000, 0.0000000000000000000, 4.872818752743839300E-016 ) ) ;
#5008 = UNCERTAINTY_MEASURE_WITH_UNIT (LENGTH_MEASURE( 1.000000000000000100E-005 ), #3384, 'distance_accuracy_value', 'NONE');
#5009 = PLANE ( 'NONE',  #4381 ) ;
#5010 = EDGE_LOOP ( 'NONE', ( #3678, #6425, #4391, #2069 ) ) ;
#5011 = VECTOR ( 'NONE', #6611, 1000.000000000000000 ) ;
#5012 = ADVANCED_FACE ( 'NONE', ( #6694 ), #1168, .F. ) ;
#5013 = ADVANCED_FACE ( 'NONE', ( #376 ), #6414, .F. ) ;
#5014 = FACE_BOUND ( 'NONE', #1340, .T. ) ;
#5015 = AXIS2_PLACEMENT_3D ( 'NONE', #275, #3330, #7859 ) ;
#5016 = CARTESIAN_POINT ( 'NONE',  ( 0.0000000000000000000, 0.0000000000000000000, 0.0000000000000000000 ) ) ;
#5017 = VECTOR ( 'NONE', #385, 1000.000000000000000 ) ;
#5018 = DIRECTION ( 'NONE',  ( 0.0000000000000000000, 1.000000000000000000, 0.0000000000000000000 ) ) ;
#5019 = ORIENTED_EDGE ( 'NONE', *, *, #1844, .T. ) ;
#5020 = PLANE ( 'NONE',  #5523 ) ;
#5021 = CARTESIAN_POINT ( 'NONE',  ( 9.975000000000001400, 1.000000000000000000, 13.47500000000000100 ) ) ;
#5022 = LINE ( 'NONE', #3780, #7704 ) ;
#5023 = LINE ( 'NONE', #7620, #6102 ) ;
#5024 = PLANE ( 'NONE',  #4079 ) ;
#5025 = ORIENTED_EDGE ( 'NONE', *, *, #4497, .F. ) ;
#5026 = EDGE_CURVE ( 'NONE', #1941, #159, #4997, .T. ) ;
#5027 = LINE ( 'NONE', #979, #1681 ) ;
#5028 = LINE ( 'NONE', #3925, #3967 ) ;
#5029 = DIRECTION ( 'NONE',  ( -1.000000000000000000, 0.0000000000000000000, 0.0000000000000000000 ) ) ;
#5030 = ORIENTED_EDGE ( 'NONE', *, *, #1477, .F. ) ;
#5031 = CARTESIAN_POINT ( 'NONE',  ( -7.474999999999996100, 1.000000000000000000, 11.52500000000000000 ) ) ;
#5032 = EDGE_LOOP ( 'NONE', ( #1544, #5330 ) ) ;
#5033 = VECTOR ( 'NONE', #5888, 1000.000000000000000 ) ;
#5034 = FACE_OUTER_BOUND ( 'NONE', #1792, .T. ) ;
#5035 = CARTESIAN_POINT ( 'NONE',  ( 7.474999999999998800, 0.0000000000000000000, 7.204999999999999200 ) ) ;
#5036 = VECTOR ( 'NONE', #255, 1000.000000000000000 ) ;
#5037 = DIRECTION ( 'NONE',  ( -4.872818752743839300E-016, 0.0000000000000000000, 1.000000000000000000 ) ) ;
#5038 = CARTESIAN_POINT ( 'NONE',  ( 6.749644660940670200, 1.000000000000000000, 12.77500000000000000 ) ) ;
#5039 = VECTOR ( 'NONE', #7532, 1000.000000000000000 ) ;
#5040 = ORIENTED_EDGE ( 'NONE', *, *, #476, .F. ) ;
#5041 = ORIENTED_EDGE ( 'NONE', *, *, #3374, .T. ) ;
#5042 = DIRECTION ( 'NONE',  ( -0.0000000000000000000, -1.000000000000000000, 0.0000000000000000000 ) ) ;
#5043 = DIRECTION ( 'NONE',  ( 0.0000000000000000000, 0.0000000000000000000, 1.000000000000000000 ) ) ;
#5044 = ADVANCED_FACE ( 'NONE', ( #5591 ), #7078, .F. ) ;
#5045 = CARTESIAN_POINT ( 'NONE',  ( -7.475000000000055600, 0.0000000000000000000, 3.642432017676047300E-015 ) ) ;
#5046 = AXIS2_PLACEMENT_3D ( 'NONE', #6374, #5689, #2522 ) ;
#5047 = LINE ( 'NONE', #8039, #2892 ) ;
#5048 = CARTESIAN_POINT ( 'NONE',  ( 6.985000000000000300, 2.949999999999999700, 12.97500000000000000 ) ) ;
#5049 = ADVANCED_FACE ( 'NONE', ( #2931 ), #5787, .F. ) ;
#5050 = EDGE_CURVE ( 'NONE', #4716, #3510, #4325, .T. ) ;
#5051 = PLANE ( 'NONE',  #1099 ) ;
#5052 = CIRCLE ( 'NONE', #7593, 0.2000000000000005100 ) ;
#5053 = DIRECTION ( 'NONE',  ( 0.0000000000000000000, 1.000000000000000000, 0.0000000000000000000 ) ) ;
#5054 = ADVANCED_FACE ( 'NONE', ( #8174 ), #3270, .F. ) ;
#5055 = CARTESIAN_POINT ( 'NONE',  ( -9.975000000000024500, 1.000000000000000000, 3.905000000000000700 ) ) ;
#5056 = ORIENTED_EDGE ( 'NONE', *, *, #5732, .F. ) ;
#5057 = CLOSED_SHELL ( 'NONE', ( #4159, #3779, #5013, #4813, #2535, #5930, #391, #4355 ) ) ;
#5058 = CARTESIAN_POINT ( 'NONE',  ( 0.0000000000000000000, 0.0000000000000000000, 4.664999999999992900 ) ) ;
#5059 = AXIS2_PLACEMENT_3D ( 'NONE', #4242, #6049, #1093 ) ;
#5060 = EDGE_CURVE ( 'NONE', #4032, #5677, #3937, .T. ) ;
#5061 = EDGE_CURVE ( 'NONE', #2726, #5435, #6480, .T. ) ;
#5062 = VECTOR ( 'NONE', #3562, 1000.000000000000000 ) ;
#5063 = CIRCLE ( 'NONE', #3623, 0.4500000000000001800 ) ;
#5064 = VERTEX_POINT ( 'NONE', #2637 ) ;
#5065 = PLANE ( 'NONE',  #801 ) ;
#5066 = DIRECTION ( 'NONE',  ( 0.0000000000000000000, 0.0000000000000000000, 1.000000000000000000 ) ) ;
#5067 = AXIS2_PLACEMENT_3D ( 'NONE', #4136, #2825, #3433 ) ;
#5068 = CIRCLE ( 'NONE', #6714, 1.199999999999999700 ) ;
#5069 = EDGE_CURVE ( 'NONE', #8178, #4010, #6083, .T. ) ;
#5070 = ORIENTED_EDGE ( 'NONE', *, *, #5976, .F. ) ;
#5071 = ORIENTED_EDGE ( 'NONE', *, *, #765, .T. ) ;
#5072 = CARTESIAN_POINT ( 'NONE',  ( 7.474999999999953500, 0.0000000000000000000, -2.955000000000008100 ) ) ;
#5073 = EDGE_LOOP ( 'NONE', ( #332, #2586, #1532, #260 ) ) ;
#5074 = DIRECTION ( 'NONE',  ( 0.0000000000000000000, 1.000000000000000000, -0.0000000000000000000 ) ) ;
#5075 = CARTESIAN_POINT ( 'NONE',  ( -6.984999999999997700, 1.000000000000000000, 12.97500000000000000 ) ) ;
#5076 = VECTOR ( 'NONE', #6536, 1000.000000000000000 ) ;
#5077 = CARTESIAN_POINT ( 'NONE',  ( 10.77992235650399200, 0.0000000000000000000, 0.4749999999999927600 ) ) ;
#5078 = DIRECTION ( 'NONE',  ( 0.0000000000000000000, 1.000000000000000000, 0.0000000000000000000 ) ) ;
#5079 = ORIENTED_EDGE ( 'NONE', *, *, #8032, .T. ) ;
#5080 = ORIENTED_EDGE ( 'NONE', *, *, #2712, .F. ) ;
#5081 = ORIENTED_EDGE ( 'NONE', *, *, #7929, .T. ) ;
#5082 = ORIENTED_EDGE ( 'NONE', *, *, #4695, .T. ) ;
#5083 = CARTESIAN_POINT ( 'NONE',  ( 0.0000000000000000000, 1.000000000000000000, 0.0000000000000000000 ) ) ;
#5084 = CARTESIAN_POINT ( 'NONE',  ( -6.749644660940670200, 2.609976000000000100, -8.535000000000000100 ) ) ;
#5085 = VECTOR ( 'NONE', #3065, 1000.000000000000000 ) ;
#5086 = CARTESIAN_POINT ( 'NONE',  ( 7.474999999999998800, 1.000000000000000000, 7.204999999999999200 ) ) ;
#5087 = ORIENTED_EDGE ( 'NONE', *, *, #6137, .T. ) ;
#5088 = DIRECTION ( 'NONE',  ( -1.000000000000000000, 0.0000000000000000000, 0.0000000000000000000 ) ) ;
#5089 = ADVANCED_FACE ( 'NONE', ( #1260 ), #2010, .T. ) ;
#5090 = EDGE_CURVE ( 'NONE', #1254, #7142, #971, .T. ) ;
#5091 = LINE ( 'NONE', #388, #467 ) ;
#5092 = LINE ( 'NONE', #7270, #4897 ) ;
#5093 = DIRECTION ( 'NONE',  ( -0.0000000000000000000, 1.000000000000000000, -0.0000000000000000000 ) ) ;
#5094 = CARTESIAN_POINT ( 'NONE',  ( -6.734999999999996800, 2.700000000000000200, 0.0000000000000000000 ) ) ;
#5095 = EDGE_CURVE ( 'NONE', #3491, #3315, #3825, .T. ) ;
#5096 = EDGE_LOOP ( 'NONE', ( #5070, #5186, #1441, #126 ) ) ;
#5097 = DIRECTION ( 'NONE',  ( -0.0000000000000000000, -0.0000000000000000000, 1.000000000000000000 ) ) ;
#5098 = CARTESIAN_POINT ( 'NONE',  ( 9.975000000000001400, 1.000000000000000000, -6.254999999999999900 ) ) ;
#5099 = ORIENTED_EDGE ( 'NONE', *, *, #1004, .T. ) ;
#5100 = DIRECTION ( 'NONE',  ( -0.0000000000000000000, 0.0000000000000000000, 1.000000000000000000 ) ) ;
#5101 = PLANE ( 'NONE',  #2648 ) ;
#5102 = ORIENTED_EDGE ( 'NONE', *, *, #454, .T. ) ;
#5103 = CARTESIAN_POINT ( 'NONE',  ( 0.0000000000000000000, 0.0000000000000000000, 0.0000000000000000000 ) ) ;
#5104 = ORIENTED_EDGE ( 'NONE', *, *, #6332, .F. ) ;
#5105 = ORIENTED_EDGE ( 'NONE', *, *, #6857, .T. ) ;
#5106 = DIRECTION ( 'NONE',  ( 1.000000000000000000, -0.0000000000000000000, 0.0000000000000000000 ) ) ;
#5107 = ORIENTED_EDGE ( 'NONE', *, *, #4203, .T. ) ;
#5108 = AXIS2_PLACEMENT_3D ( 'NONE', #3898, #5766, #2017 ) ;
#5109 = LINE ( 'NONE', #295, #5011 ) ;
#5110 = ORIENTED_EDGE ( 'NONE', *, *, #4679, .T. ) ;
#5111 = DIRECTION ( 'NONE',  ( 0.0000000000000000000, 1.000000000000000000, 0.0000000000000000000 ) ) ;
#5112 = EDGE_CURVE ( 'NONE', #7267, #7930, #7777, .T. ) ;
#5113 = EDGE_CURVE ( 'NONE', #4990, #6184, #5403, .T. ) ;
#5114 = CARTESIAN_POINT ( 'NONE',  ( -9.975000000000042300, 1.000000000000000000, -1.175000000000000700 ) ) ;
#5115 = DIRECTION ( 'NONE',  ( 0.0000000000000000000, 0.0000000000000000000, 1.000000000000000000 ) ) ;
#5116 = FACE_OUTER_BOUND ( 'NONE', #7980, .T. ) ;
#5117 = SURFACE_STYLE_FILL_AREA ( #2269 ) ;
#5118 = DIRECTION ( 'NONE',  ( 0.0000000000000000000, -1.000000000000000000, 0.0000000000000000000 ) ) ;
#5119 = EDGE_LOOP ( 'NONE', ( #7779, #1245 ) ) ;
#5120 = PRESENTATION_LAYER_ASSIGNMENT (  '', '', ( #4958 ) ) ;
#5121 = DIRECTION ( 'NONE',  ( 1.000000000000000000, -0.0000000000000000000, -0.0000000000000000000 ) ) ;
#5122 = PRESENTATION_STYLE_ASSIGNMENT (( #2246 ) ) ;
#5123 = DIRECTION ( 'NONE',  ( -4.872818752743839300E-016, 0.0000000000000000000, -1.000000000000000000 ) ) ;
#5124 = CARTESIAN_POINT ( 'NONE',  ( 10.77992235650398100, 0.0000000000000000000, -2.065000000000007900 ) ) ;
#5125 = LINE ( 'NONE', #4340, #7600 ) ;
#5126 = ORIENTED_EDGE ( 'NONE', *, *, #201, .T. ) ;
#5127 = CARTESIAN_POINT ( 'NONE',  ( 8.255000000000096700, 0.0000000000000000000, 3.014999999999991700 ) ) ;
#5128 = CARTESIAN_POINT ( 'NONE',  ( 7.474999999999998800, 0.0000000000000000000, 6.445000000000000300 ) ) ;
#5129 = VECTOR ( 'NONE', #2024, 1000.000000000000000 ) ;
#5130 = CARTESIAN_POINT ( 'NONE',  ( 7.474999999999998800, 1.000000000000000000, 4.665000000000000000 ) ) ;
#5131 = DIRECTION ( 'NONE',  ( 0.0000000000000000000, 0.0000000000000000000, -1.000000000000000000 ) ) ;
#5132 = EDGE_CURVE ( 'NONE', #4115, #8132, #4028, .T. ) ;
#5133 = LINE ( 'NONE', #4598, #1598 ) ;
#5134 = ADVANCED_FACE ( 'NONE', ( #5978 ), #7851, .F. ) ;
#5135 = PLANE ( 'NONE',  #7781 ) ;
#5136 =( NAMED_UNIT ( * ) PLANE_ANGLE_UNIT ( ) SI_UNIT ( $, .RADIAN. ) );
#5137 = LINE ( 'NONE', #6627, #6515 ) ;
#5138 = SHAPE_DEFINITION_REPRESENTATION ( #4023, #5412 ) ;
#5139 = ORIENTED_EDGE ( 'NONE', *, *, #7821, .F. ) ;
#5140 = FACE_OUTER_BOUND ( 'NONE', #1732, .T. ) ;
#5141 = DIRECTION ( 'NONE',  ( -1.000000000000000000, 0.0000000000000000000, -0.0000000000000000000 ) ) ;
#5142 = CARTESIAN_POINT ( 'NONE',  ( -8.255000000000141100, 0.0000000000000000000, 5.554999999999997900 ) ) ;
#5143 = ORIENTED_EDGE ( 'NONE', *, *, #3721, .T. ) ;
#5144 = ORIENTED_EDGE ( 'NONE', *, *, #6110, .F. ) ;
#5145 = CARTESIAN_POINT ( 'NONE',  ( -7.475000000000050300, 0.0000000000000000000, -5.495000000000000100 ) ) ;
#5146 = EDGE_CURVE ( 'NONE', #6189, #5560, #3926, .T. ) ;
#5147 = CARTESIAN_POINT ( 'NONE',  ( 7.474999999999982800, 1.000000000000000000, 3.642432017676011800E-015 ) ) ;
#5148 = CARTESIAN_POINT ( 'NONE',  ( -7.475000000000014700, 1.000000000000000000, 4.665000000000000000 ) ) ;
#5149 = CIRCLE ( 'NONE', #7229, 0.4500000000000001800 ) ;
#5150 = VECTOR ( 'NONE', #7141, 1000.000000000000000 ) ;
#5151 = EDGE_CURVE ( 'NONE', #6447, #3617, #3218, .T. ) ;
#5152 = CARTESIAN_POINT ( 'NONE',  ( 9.974999999999953500, 0.0000000000000000000, -1.175000000000007600 ) ) ;
#5153 = ORIENTED_EDGE ( 'NONE', *, *, #6993, .F. ) ;
#5154 = ORIENTED_EDGE ( 'NONE', *, *, #2712, .T. ) ;
#5155 = CARTESIAN_POINT ( 'NONE',  ( -9.975000000000031600, 0.0000000000000000000, 1.365000000000000000 ) ) ;
#5156 =( NAMED_UNIT ( * ) SI_UNIT ( $, .STERADIAN. ) SOLID_ANGLE_UNIT ( ) );
#5157 = DIRECTION ( 'NONE',  ( 0.0000000000000000000, 0.0000000000000000000, -1.000000000000000000 ) ) ;
#5158 = CIRCLE ( 'NONE', #7099, 0.4500000000000002900 ) ;
#5159 = ORIENTED_EDGE ( 'NONE', *, *, #7118, .T. ) ;
#5160 = UNCERTAINTY_MEASURE_WITH_UNIT (LENGTH_MEASURE( 1.000000000000000100E-005 ), #607, 'distance_accuracy_value', 'NONE');
#5161 = DIRECTION ( 'NONE',  ( 0.0000000000000000000, 1.000000000000000000, -0.0000000000000000000 ) ) ;
#5162 = AXIS2_PLACEMENT_3D ( 'NONE', #7665, #4513, #1379 ) ;
#5163 = DIRECTION ( 'NONE',  ( -1.000000000000000000, -0.0000000000000000000, -0.0000000000000000000 ) ) ;
#5164 = LINE ( 'NONE', #6051, #4190 ) ;
#5165 = CARTESIAN_POINT ( 'NONE',  ( 9.974999999999989000, 0.0000000000000000000, 7.204999999999993000 ) ) ;
#5166 = EDGE_CURVE ( 'NONE', #86, #7016, #3311, .T. ) ;
#5167 = CARTESIAN_POINT ( 'NONE',  ( -6.984999999999997700, 2.949999999999999700, -8.535000000000000100 ) ) ;
#5168 = ORIENTED_EDGE ( 'NONE', *, *, #3406, .T. ) ;
#5169 = VECTOR ( 'NONE', #6911, 1000.000000000000000 ) ;
#5170 = CARTESIAN_POINT ( 'NONE',  ( -6.734999999999998500, 2.750000000000000400, -8.285000000000000100 ) ) ;
#5171 = AXIS2_PLACEMENT_3D ( 'NONE', #415, #4793, #1628 ) ;
#5172 = AXIS2_PLACEMENT_3D ( 'NONE', #5211, #5897, #7811 ) ;
#5173 = VERTEX_POINT ( 'NONE', #4675 ) ;
#5174 = CARTESIAN_POINT ( 'NONE',  ( -6.784999999999997500, 2.700000000000000200, 12.72500000000000100 ) ) ;
#5175 = VECTOR ( 'NONE', #7611, 1000.000000000000000 ) ;
#5176 = EDGE_LOOP ( 'NONE', ( #5168, #1930, #4778, #7150 ) ) ;
#5177 = ORIENTED_EDGE ( 'NONE', *, *, #135, .F. ) ;
#5178 = DIRECTION ( 'NONE',  ( 0.0000000000000000000, -1.000000000000000000, 0.0000000000000000000 ) ) ;
#5179 = DIRECTION ( 'NONE',  ( 1.445602896647339500E-015, 0.0000000000000000000, 1.000000000000000000 ) ) ;
#5180 = ORIENTED_EDGE ( 'NONE', *, *, #5913, .T. ) ;
#5181 = AXIS2_PLACEMENT_3D ( 'NONE', #1775, #5567, #6176 ) ;
#5182 = EDGE_CURVE ( 'NONE', #1733, #6768, #6266, .T. ) ;
#5183 = FACE_BOUND ( 'NONE', #891, .T. ) ;
#5184 =( LENGTH_UNIT ( ) NAMED_UNIT ( * ) SI_UNIT ( .MILLI., .METRE. ) );
#5185 = ORIENTED_EDGE ( 'NONE', *, *, #4015, .F. ) ;
#5186 = ORIENTED_EDGE ( 'NONE', *, *, #7482, .T. ) ;
#5187 = VERTEX_POINT ( 'NONE', #1539 ) ;
#5188 = CARTESIAN_POINT ( 'NONE',  ( -6.984999999999997700, 1.000000000000000000, -8.535000000000000100 ) ) ;
#5189 = DIRECTION ( 'NONE',  ( 0.0000000000000000000, 0.0000000000000000000, -1.000000000000000000 ) ) ;
#5190 = CARTESIAN_POINT ( 'NONE',  ( 8.255000000000070100, 0.0000000000000000000, -4.155000000000008200 ) ) ;
#5191 = DIRECTION ( 'NONE',  ( 0.0000000000000000000, 1.000000000000000000, 0.0000000000000000000 ) ) ;
#5192 = VECTOR ( 'NONE', #521, 1000.000000000000000 ) ;
#5193 = ORIENTED_EDGE ( 'NONE', *, *, #1573, .T. ) ;
#5194 = CARTESIAN_POINT ( 'NONE',  ( -9.974999999999997900, 1.000000000000000000, 13.47500000000000100 ) ) ;
#5195 = EDGE_LOOP ( 'NONE', ( #4056, #2914, #110, #7134 ) ) ;
#5196 = EDGE_LOOP ( 'NONE', ( #4938, #4584, #6891, #6686 ) ) ;
#5197 = EDGE_CURVE ( 'NONE', #4256, #4033, #768, .T. ) ;
#5198 = DIRECTION ( 'NONE',  ( -4.872818752743839300E-016, -0.0000000000000000000, -1.000000000000000000 ) ) ;
#5199 = ORIENTED_EDGE ( 'NONE', *, *, #4657, .T. ) ;
#5200 = SURFACE_STYLE_FILL_AREA ( #734 ) ;
#5201 = VECTOR ( 'NONE', #5198, 1000.000000000000000 ) ;
#5202 = DIRECTION ( 'NONE',  ( -0.0000000000000000000, -1.000000000000000000, 0.0000000000000000000 ) ) ;
#5203 = VERTEX_POINT ( 'NONE', #7216 ) ;
#5204 = ORIENTED_EDGE ( 'NONE', *, *, #5672, .T. ) ;
#5205 = EDGE_LOOP ( 'NONE', ( #1646, #4718, #2789, #4517 ) ) ;
#5206 = EDGE_CURVE ( 'NONE', #5739, #3960, #6683, .T. ) ;
#5207 = CARTESIAN_POINT ( 'NONE',  ( -6.749644660940670200, 1.000000000000000000, 12.97500000000000000 ) ) ;
#5208 = CARTESIAN_POINT ( 'NONE',  ( 8.255000000000123400, 1.000000000000000000, 10.18499999999999200 ) ) ;
#5209 = ORIENTED_EDGE ( 'NONE', *, *, #316, .F. ) ;
#5210 = LINE ( 'NONE', #1512, #4820 ) ;
#5211 = CARTESIAN_POINT ( 'NONE',  ( -8.255000000000150000, 0.0000000000000000000, 3.014999999999998800 ) ) ;
#5212 = DIRECTION ( 'NONE',  ( 0.0000000000000000000, 0.0000000000000000000, 1.000000000000000000 ) ) ;
#5213 = CIRCLE ( 'NONE', #4951, 0.4500000000000002900 ) ;
#5214 = DIRECTION ( 'NONE',  ( -1.000000000000000000, 0.0000000000000000000, 0.0000000000000000000 ) ) ;
#5215 = CARTESIAN_POINT ( 'NONE',  ( 8.255000000000061200, 1.000000000000000000, -7.595000000000008600 ) ) ;
#5216 = ORIENTED_EDGE ( 'NONE', *, *, #7106, .T. ) ;
#5217 = DIRECTION ( 'NONE',  ( -1.000000000000000000, -0.0000000000000000000, 0.0000000000000000000 ) ) ;
#5218 = DIRECTION ( 'NONE',  ( -1.000000000000000000, -0.0000000000000000000, -0.0000000000000000000 ) ) ;
#5219 = FACE_BOUND ( 'NONE', #7727, .T. ) ;
#5220 = MECHANICAL_DESIGN_GEOMETRIC_PRESENTATION_REPRESENTATION (  '', ( #1110 ), #2107 ) ;
#5221 = DIRECTION ( 'NONE',  ( 0.0000000000000000000, 0.0000000000000000000, 1.000000000000000000 ) ) ;
#5222 = VECTOR ( 'NONE', #4925, 1000.000000000000000 ) ;
#5223 = ADVANCED_FACE ( 'NONE', ( #7964, #4800 ), #4026, .T. ) ;
#5224 = EDGE_CURVE ( 'NONE', #5701, #19, #1353, .T. ) ;
#5225 = EDGE_CURVE ( 'NONE', #3226, #1569, #163, .T. ) ;
#5226 = ORIENTED_EDGE ( 'NONE', *, *, #5792, .T. ) ;
#5227 = DIRECTION ( 'NONE',  ( 4.872818752743839300E-016, 0.0000000000000000000, 1.000000000000000000 ) ) ;
#5228 = ORIENTED_EDGE ( 'NONE', *, *, #5518, .F. ) ;
#5229 = VECTOR ( 'NONE', #5955, 1000.000000000000000 ) ;
#5230 = VECTOR ( 'NONE', #1514, 1000.000000000000000 ) ;
#5231 =( GEOMETRIC_REPRESENTATION_CONTEXT ( 3 ) GLOBAL_UNCERTAINTY_ASSIGNED_CONTEXT ( ( #875 ) ) GLOBAL_UNIT_ASSIGNED_CONTEXT ( ( #6765, #5514, #8035 ) ) REPRESENTATION_CONTEXT ( 'NONE', 'WORKASPACE' ) );
#5232 = CYLINDRICAL_SURFACE ( 'NONE', #6826, 0.4500000000000002900 ) ;
#5233 = DIRECTION ( 'NONE',  ( 1.000000000000000000, -0.0000000000000000000, 0.0000000000000000000 ) ) ;
#5234 = DIRECTION ( 'NONE',  ( 0.0000000000000000000, 0.0000000000000000000, 1.000000000000000000 ) ) ;
#5235 = DIRECTION ( 'NONE',  ( 0.0000000000000000000, 0.0000000000000000000, -1.000000000000000000 ) ) ;
#5236 = ORIENTED_EDGE ( 'NONE', *, *, #3224, .F. ) ;
#5237 = VECTOR ( 'NONE', #1537, 1000.000000000000000 ) ;
#5238 = LINE ( 'NONE', #2681, #5931 ) ;
#5239 = CARTESIAN_POINT ( 'NONE',  ( 9.975000000000001400, 1.000000000000000000, 13.47500000000000100 ) ) ;
#5240 = DIRECTION ( 'NONE',  ( 0.0000000000000000000, 1.000000000000000000, 0.0000000000000000000 ) ) ;
#5241 = LINE ( 'NONE', #1502, #3071 ) ;
#5242 = DIRECTION ( 'NONE',  ( -0.0000000000000000000, -1.000000000000000000, 0.0000000000000000000 ) ) ;
#5243 = VECTOR ( 'NONE', #3919, 1000.000000000000000 ) ;
#5244 = CARTESIAN_POINT ( 'NONE',  ( 8.255000000000087800, 1.000000000000000000, 0.4749999999999910400 ) ) ;
#5245 = ORIENTED_EDGE ( 'NONE', *, *, #1591, .F. ) ;
#5246 = ORIENTED_EDGE ( 'NONE', *, *, #5333, .F. ) ;
#5247 = DIRECTION ( 'NONE',  ( 1.000000000000000000, 0.0000000000000000000, -0.0000000000000000000 ) ) ;
#5248 = LINE ( 'NONE', #939, #3563 ) ;
#5249 = ORIENTED_EDGE ( 'NONE', *, *, #7955, .F. ) ;
#5250 = AXIS2_PLACEMENT_3D ( 'NONE', #8102, #3681, #5524 ) ;
#5251 = EDGE_CURVE ( 'NONE', #2630, #5364, #2829, .T. ) ;
#5252 = DIRECTION ( 'NONE',  ( -0.0000000000000000000, -0.0000000000000000000, -1.000000000000000000 ) ) ;
#5253 = DIRECTION ( 'NONE',  ( 1.000000000000000000, -0.0000000000000000000, 0.0000000000000000000 ) ) ;
#5254 = EDGE_CURVE ( 'NONE', #5776, #5173, #5092, .T. ) ;
#5255 = LINE ( 'NONE', #6855, #6231 ) ;
#5256 = PRESENTATION_STYLE_ASSIGNMENT (( #7826 ) ) ;
#5257 = ORIENTED_EDGE ( 'NONE', *, *, #2521, .F. ) ;
#5258 = CARTESIAN_POINT ( 'NONE',  ( -9.975000000000060000, 0.0000000000000000000, -6.254999999999999900 ) ) ;
#5259 = CARTESIAN_POINT ( 'NONE',  ( -6.734999999999998500, 2.949999999999999700, -8.535000000000000100 ) ) ;
#5260 = PLANE ( 'NONE',  #6815 ) ;
#5261 = ADVANCED_FACE ( 'NONE', ( #6171 ), #4085, .F. ) ;
#5262 = LINE ( 'NONE', #7515, #233 ) ;
#5263 = LINE ( 'NONE', #6256, #4674 ) ;
#5264 = CARTESIAN_POINT ( 'NONE',  ( -8.255000000000150000, 0.0000000000000000000, 3.014999999999998800 ) ) ;
#5265 = ORIENTED_EDGE ( 'NONE', *, *, #6918, .F. ) ;
#5266 = CARTESIAN_POINT ( 'NONE',  ( -9.975000000000015600, 0.0000000000000000000, 4.665000000000000000 ) ) ;
#5267 = EDGE_CURVE ( 'NONE', #29, #1492, #7272, .T. ) ;
#5268 = EDGE_CURVE ( 'NONE', #2361, #1218, #5794, .T. ) ;
#5269 = VECTOR ( 'NONE', #7893, 1000.000000000000000 ) ;
#5270 = DIRECTION ( 'NONE',  ( 0.0000000000000000000, 1.000000000000000000, 0.0000000000000000000 ) ) ;
#5271 = DIRECTION ( 'NONE',  ( 0.0000000000000000000, 1.000000000000000000, 0.0000000000000000000 ) ) ;
#5272 = CARTESIAN_POINT ( 'NONE',  ( -9.974999999999997900, 0.0000000000000000000, 11.52500000000000000 ) ) ;
#5273 = ORIENTED_EDGE ( 'NONE', *, *, #7290, .F. ) ;
#5274 = VERTEX_POINT ( 'NONE', #236 ) ;
#5275 = ORIENTED_EDGE ( 'NONE', *, *, #5322, .F. ) ;
#5276 = CARTESIAN_POINT ( 'NONE',  ( -6.784999999999997500, 2.609976000000000100, 12.97500000000000000 ) ) ;
#5277 = DIRECTION ( 'NONE',  ( -1.000000000000000000, 0.0000000000000000000, -0.0000000000000000000 ) ) ;
#5278 = AXIS2_PLACEMENT_3D ( 'NONE', #1490, #2838, #7136 ) ;
#5279 = DIRECTION ( 'NONE',  ( -0.0000000000000000000, -0.0000000000000000000, 1.000000000000000000 ) ) ;
#5280 = AXIS2_PLACEMENT_3D ( 'NONE', #2752, #5316, #2189 ) ;
#5281 = ORIENTED_EDGE ( 'NONE', *, *, #7393, .F. ) ;
#5282 = EDGE_LOOP ( 'NONE', ( #4135, #8015, #7432, #2806 ) ) ;
#5283 = DIRECTION ( 'NONE',  ( 0.0000000000000000000, 0.0000000000000000000, 1.000000000000000000 ) ) ;
#5284 = VERTEX_POINT ( 'NONE', #5336 ) ;
#5285 = ORIENTED_EDGE ( 'NONE', *, *, #7733, .T. ) ;
#5286 = VECTOR ( 'NONE', #6228, 1000.000000000000000 ) ;
#5287 = DIRECTION ( 'NONE',  ( -1.000000000000000000, 0.0000000000000000000, 0.0000000000000000000 ) ) ;
#5288 = DIRECTION ( 'NONE',  ( 0.0000000000000000000, 0.0000000000000000000, 1.000000000000000000 ) ) ;
#5289 = EDGE_LOOP ( 'NONE', ( #1767, #3624, #1057, #3273 ) ) ;
#5290 = CARTESIAN_POINT ( 'NONE',  ( -9.975000000000051200, 1.000000000000000000, -3.714999999999999400 ) ) ;
#5291 = EDGE_CURVE ( 'NONE', #6565, #672, #7468, .T. ) ;
#5292 = LINE ( 'NONE', #2868, #1747 ) ;
#5293 = VECTOR ( 'NONE', #8043, 1000.000000000000000 ) ;
#5294 = DIRECTION ( 'NONE',  ( -1.000000000000000000, -0.0000000000000000000, -0.0000000000000000000 ) ) ;
#5295 = DIRECTION ( 'NONE',  ( 1.000000000000000000, 0.0000000000000000000, -0.0000000000000000000 ) ) ;
#5296 = ORIENTED_EDGE ( 'NONE', *, *, #384, .F. ) ;
#5297 = ORIENTED_EDGE ( 'NONE', *, *, #6763, .T. ) ;
#5298 = ORIENTED_EDGE ( 'NONE', *, *, #2602, .F. ) ;
#5299 = CARTESIAN_POINT ( 'NONE',  ( 0.0000000000000000000, 1.000000000000000000, 4.664999999999992900 ) ) ;
#5300 = EDGE_CURVE ( 'NONE', #8169, #5894, #3610, .T. ) ;
#5301 = ORIENTED_EDGE ( 'NONE', *, *, #2084, .F. ) ;
#5302 = LINE ( 'NONE', #4765, #7079 ) ;
#5303 = CARTESIAN_POINT ( 'NONE',  ( 6.985000000000000300, 2.949999999999999700, -8.299644660940671800 ) ) ;
#5304 = ORIENTED_EDGE ( 'NONE', *, *, #3933, .T. ) ;
#5305 = ADVANCED_FACE ( 'NONE', ( #2245 ), #1837, .F. ) ;
#5306 = EDGE_CURVE ( 'NONE', #3307, #1401, #4600, .T. ) ;
#5307 = CARTESIAN_POINT ( 'NONE',  ( 9.975000000000001400, 1.000000000000000000, 13.47500000000000100 ) ) ;
#5308 = ORIENTED_EDGE ( 'NONE', *, *, #1267, .F. ) ;
#5309 = DIRECTION ( 'NONE',  ( 0.0000000000000000000, 0.0000000000000000000, 1.000000000000000000 ) ) ;
#5310 = DIRECTION ( 'NONE',  ( 4.872818752743839300E-016, 0.0000000000000000000, 1.000000000000000000 ) ) ;
#5311 = ORIENTED_EDGE ( 'NONE', *, *, #4906, .F. ) ;
#5312 = DIRECTION ( 'NONE',  ( -0.0000000000000000000, 1.000000000000000000, -0.0000000000000000000 ) ) ;
#5313 = VERTEX_POINT ( 'NONE', #4212 ) ;
#5314 = DIRECTION ( 'NONE',  ( 0.0000000000000000000, 0.0000000000000000000, -1.000000000000000000 ) ) ;
#5315 = VECTOR ( 'NONE', #6242, 1000.000000000000000 ) ;
#5316 = DIRECTION ( 'NONE',  ( 0.0000000000000000000, 0.0000000000000000000, -1.000000000000000000 ) ) ;
#5317 = CARTESIAN_POINT ( 'NONE',  ( 7.474999999999998800, 0.0000000000000000000, 11.52500000000000000 ) ) ;
#5318 = PLANE ( 'NONE',  #628 ) ;
#5319 = AXIS2_PLACEMENT_3D ( 'NONE', #2990, #3738, #7407 ) ;
#5320 = VECTOR ( 'NONE', #7752, 1000.000000000000000 ) ;
#5321 = ORIENTED_EDGE ( 'NONE', *, *, #2084, .T. ) ;
#5322 = EDGE_CURVE ( 'NONE', #4690, #859, #1556, .T. ) ;
#5323 = CIRCLE ( 'NONE', #124, 1.333499999999999700 ) ;
#5324 = CARTESIAN_POINT ( 'NONE',  ( -8.255000000000176600, 0.0000000000000000000, -4.605000000000001300 ) ) ;
#5325 = CARTESIAN_POINT ( 'NONE',  ( -6.734999999999996800, 2.700000000000000200, 12.72500000000000100 ) ) ;
#5326 = VERTEX_POINT ( 'NONE', #381 ) ;
#5327 = CARTESIAN_POINT ( 'NONE',  ( -8.255000000000176600, 0.0000000000000000000, -4.605000000000001300 ) ) ;
#5328 = CARTESIAN_POINT ( 'NONE',  ( 7.474999999999934800, 0.0000000000000000000, -8.035000000000007200 ) ) ;
#5329 = AXIS2_PLACEMENT_3D ( 'NONE', #413, #7891, #2866 ) ;
#5330 = ORIENTED_EDGE ( 'NONE', *, *, #1053, .F. ) ;
#5331 = LINE ( 'NONE', #2469, #2571 ) ;
#5332 = EDGE_CURVE ( 'NONE', #3344, #1401, #1250, .T. ) ;
#5333 = EDGE_CURVE ( 'NONE', #3230, #4586, #1160, .T. ) ;
#5334 = VECTOR ( 'NONE', #2064, 1000.000000000000000 ) ;
#5335 = CARTESIAN_POINT ( 'NONE',  ( -8.255000000000158900, 1.000000000000000000, 0.9249999999999981600 ) ) ;
#5336 = CARTESIAN_POINT ( 'NONE',  ( -6.734999999999998500, 2.700000000000000200, 12.97500000000000000 ) ) ;
#5337 = PLANE ( 'NONE',  #108 ) ;
#5338 = ORIENTED_EDGE ( 'NONE', *, *, #5562, .T. ) ;
#5339 = FACE_OUTER_BOUND ( 'NONE', #2619, .T. ) ;
#5340 = AXIS2_PLACEMENT_3D ( 'NONE', #3883, #5777, #6951 ) ;
#5341 = EDGE_CURVE ( 'NONE', #2809, #7798, #6581, .T. ) ;
#5342 = ORIENTED_EDGE ( 'NONE', *, *, #8155, .T. ) ;
#5343 = CARTESIAN_POINT ( 'NONE',  ( -9.974999999999997900, 0.0000000000000000000, 11.52500000000000000 ) ) ;
#5344 = SURFACE_STYLE_FILL_AREA ( #1630 ) ;
#5345 = ADVANCED_FACE ( 'NONE', ( #4314 ), #2437, .F. ) ;
#5346 = VECTOR ( 'NONE', #2466, 1000.000000000000000 ) ;
#5347 = DIRECTION ( 'NONE',  ( 0.0000000000000000000, 0.0000000000000000000, -1.000000000000000000 ) ) ;
#5348 = EDGE_LOOP ( 'NONE', ( #1831, #7471 ) ) ;
#5349 = CARTESIAN_POINT ( 'NONE',  ( 7.474999999999995200, 1.000000000000000000, 3.905000000000000700 ) ) ;
#5350 =( LENGTH_UNIT ( ) NAMED_UNIT ( * ) SI_UNIT ( .MILLI., .METRE. ) );
#5351 = ORIENTED_EDGE ( 'NONE', *, *, #795, .F. ) ;
#5352 = CARTESIAN_POINT ( 'NONE',  ( 7.474999999999970300, 0.0000000000000000000, 2.124999999999993300 ) ) ;
#5353 = DIRECTION ( 'NONE',  ( 0.0000000000000000000, 0.0000000000000000000, 1.000000000000000000 ) ) ;
#5354 = DIRECTION ( 'NONE',  ( 0.0000000000000000000, 1.000000000000000000, -0.0000000000000000000 ) ) ;
#5355 = CARTESIAN_POINT ( 'NONE',  ( 0.0000000000000000000, 0.0000000000000000000, 0.0000000000000000000 ) ) ;
#5356 = VECTOR ( 'NONE', #934, 1000.000000000000000 ) ;
#5357 = CARTESIAN_POINT ( 'NONE',  ( 1.322006219679566500E-016, 1.350000000000000100, -9.925500000000001300 ) ) ;
#5358 = EDGE_CURVE ( 'NONE', #474, #1364, #2925, .T. ) ;
#5359 = CIRCLE ( 'NONE', #3131, 0.4500000000000007300 ) ;
#5360 = CARTESIAN_POINT ( 'NONE',  ( -6.984999999999997700, 2.700000000000000200, 12.97500000000000000 ) ) ;
#5361 = CARTESIAN_POINT ( 'NONE',  ( 8.255000000000096700, 0.0000000000000000000, 3.014999999999991700 ) ) ;
#5362 = EDGE_LOOP ( 'NONE', ( #67, #6819 ) ) ;
#5363 = CARTESIAN_POINT ( 'NONE',  ( 9.974999999999997900, 0.0000000000000000000, 4.664999999999996500 ) ) ;
#5364 = VERTEX_POINT ( 'NONE', #3586 ) ;
#5365 = LINE ( 'NONE', #4145, #6238 ) ;
#5366 = AXIS2_PLACEMENT_3D ( 'NONE', #4943, #3070, #1182 ) ;
#5367 = DIRECTION ( 'NONE',  ( -1.000000000000000000, 1.734723475976805500E-015, 0.0000000000000000000 ) ) ;
#5368 = DIRECTION ( 'NONE',  ( 1.000000000000000000, 0.0000000000000000000, 0.0000000000000000000 ) ) ;
#5369 = PLANE ( 'NONE',  #62 ) ;
#5370 = ORIENTED_EDGE ( 'NONE', *, *, #632, .T. ) ;
#5371 = VECTOR ( 'NONE', #3443, 1000.000000000000000 ) ;
#5372 =( NAMED_UNIT ( * ) SI_UNIT ( $, .STERADIAN. ) SOLID_ANGLE_UNIT ( ) );
#5373 = EDGE_LOOP ( 'NONE', ( #4737, #7472, #5966, #378 ) ) ;
#5374 = ORIENTED_EDGE ( 'NONE', *, *, #7026, .T. ) ;
#5375 = AXIS2_PLACEMENT_3D ( 'NONE', #7584, #4440, #1874 ) ;
#5376 = CARTESIAN_POINT ( 'NONE',  ( -9.974999999999997900, 1.000000000000000000, 13.47500000000000100 ) ) ;
#5377 = ORIENTED_EDGE ( 'NONE', *, *, #6764, .T. ) ;
#5378 = FILL_AREA_STYLE ('',( #6624 ) ) ;
#5379 = EDGE_CURVE ( 'NONE', #3324, #7655, #6970, .T. ) ;
#5380 = EDGE_CURVE ( 'NONE', #576, #3381, #469, .T. ) ;
#5381 = CARTESIAN_POINT ( 'NONE',  ( 8.255000000000105600, 0.0000000000000000000, 5.104999999999991500 ) ) ;
#5382 = CARTESIAN_POINT ( 'NONE',  ( -7.475000000000059200, 0.0000000000000000000, -6.254999999999999900 ) ) ;
#5383 = CIRCLE ( 'NONE', #6489, 0.4500000000000002900 ) ;
#5384 = EDGE_LOOP ( 'NONE', ( #733, #6243, #6436, #8150 ) ) ;
#5385 = VERTEX_POINT ( 'NONE', #434 ) ;
#5386 = DIRECTION ( 'NONE',  ( 0.0000000000000000000, 0.0000000000000000000, -1.000000000000000000 ) ) ;
#5387 = ORIENTED_EDGE ( 'NONE', *, *, #3892, .T. ) ;
#5388 = ADVANCED_FACE ( 'NONE', ( #4502, #3417 ), #5420, .T. ) ;
#5389 = CARTESIAN_POINT ( 'NONE',  ( -8.255000000000132200, 1.000000000000000000, 8.094999999999998900 ) ) ;
#5390 = AXIS2_PLACEMENT_3D ( 'NONE', #4985, #5066, #6897 ) ;
#5391 = LINE ( 'NONE', #3560, #4707 ) ;
#5392 = CARTESIAN_POINT ( 'NONE',  ( -8.255000000000176600, 1.000000000000000000, -4.605000000000001300 ) ) ;
#5393 = SURFACE_SIDE_STYLE ('',( #3489 ) ) ;
#5394 = ORIENTED_EDGE ( 'NONE', *, *, #2238, .F. ) ;
#5395 = ORIENTED_EDGE ( 'NONE', *, *, #4907, .T. ) ;
#5396 = ORIENTED_EDGE ( 'NONE', *, *, #7890, .T. ) ;
#5397 = ORIENTED_EDGE ( 'NONE', *, *, #3777, .F. ) ;
#5398 = CARTESIAN_POINT ( 'NONE',  ( -6.734999999999996800, 2.700000000000000200, -8.285000000000001900 ) ) ;
#5399 = ORIENTED_EDGE ( 'NONE', *, *, #2796, .T. ) ;
#5400 = VECTOR ( 'NONE', #1851, 1000.000000000000000 ) ;
#5401 = DIRECTION ( 'NONE',  ( -1.000000000000000000, 0.0000000000000000000, 4.872818752743839300E-016 ) ) ;
#5402 = DIRECTION ( 'NONE',  ( -0.0000000000000000000, 0.0000000000000000000, 1.000000000000000000 ) ) ;
#5403 = LINE ( 'NONE', #3974, #7574 ) ;
#5404 = CARTESIAN_POINT ( 'NONE',  ( 6.785000000000001000, 2.609976000000000100, 12.72500000000000100 ) ) ;
#5405 = ORIENTED_EDGE ( 'NONE', *, *, #224, .F. ) ;
#5406 = ORIENTED_EDGE ( 'NONE', *, *, #4358, .F. ) ;
#5407 = EDGE_LOOP ( 'NONE', ( #3458, #7924, #4550, #4884 ) ) ;
#5408 = VECTOR ( 'NONE', #6294, 1000.000000000000000 ) ;
#5409 = CARTESIAN_POINT ( 'NONE',  ( 0.0000000000000000000, 2.750000000000000000, -8.285000000000001900 ) ) ;
#5410 = CARTESIAN_POINT ( 'NONE',  ( -9.975000000000015600, 0.0000000000000000000, 6.445000000000000300 ) ) ;
#5411 = DIRECTION ( 'NONE',  ( -0.0000000000000000000, -1.000000000000000000, 0.0000000000000000000 ) ) ;
#5412 = ADVANCED_BREP_SHAPE_REPRESENTATION ( 'LAMBDA80C-24S', ( #5867, #8100, #1977, #1480, #621, #7238, #7589, #4405, #2339, #4659, #1375, #3441, #6881, #5773, #7746, #3961, #5509, #4552, #2239, #14, #2834, #6467 ), #2824 ) ;
#5413 = EDGE_CURVE ( 'NONE', #2048, #4429, #571, .T. ) ;
#5414 = LINE ( 'NONE', #6325, #4527 ) ;
#5415 = CARTESIAN_POINT ( 'NONE',  ( 8.255000000000087800, 0.0000000000000000000, 0.9249999999999912700 ) ) ;
#5416 = VECTOR ( 'NONE', #8048, 1000.000000000000000 ) ;
#5417 = EDGE_CURVE ( 'NONE', #2655, #6587, #5391, .T. ) ;
#5418 = ORIENTED_EDGE ( 'NONE', *, *, #5456, .F. ) ;
#5419 = CARTESIAN_POINT ( 'NONE',  ( 6.735000000000000300, 2.949999999999999700, 0.0000000000000000000 ) ) ;
#5420 = PLANE ( 'NONE',  #109 ) ;
#5421 = CARTESIAN_POINT ( 'NONE',  ( -6.734999999999998500, 2.949999999999999700, -8.285000000000001900 ) ) ;
#5422 = VECTOR ( 'NONE', #1271, 1000.000000000000000 ) ;
#5423 = FACE_OUTER_BOUND ( 'NONE', #3703, .T. ) ;
#5424 = VERTEX_POINT ( 'NONE', #2395 ) ;
#5425 = DIRECTION ( 'NONE',  ( 1.000000000000000000, 0.0000000000000000000, 0.0000000000000000000 ) ) ;
#5426 = CARTESIAN_POINT ( 'NONE',  ( 0.0000000000000000000, 2.700000000000000200, -8.285000000000000100 ) ) ;
#5427 = ORIENTED_EDGE ( 'NONE', *, *, #6697, .T. ) ;
#5428 = LINE ( 'NONE', #3908, #2964 ) ;
#5429 = ADVANCED_FACE ( 'NONE', ( #1748 ), #3022, .F. ) ;
#5430 = FACE_OUTER_BOUND ( 'NONE', #7923, .T. ) ;
#5431 = EDGE_CURVE ( 'NONE', #6687, #8099, #4986, .T. ) ;
#5432 = EDGE_CURVE ( 'NONE', #7664, #2916, #3715, .T. ) ;
#5433 = DIRECTION ( 'NONE',  ( -1.000000000000000000, -0.0000000000000000000, -0.0000000000000000000 ) ) ;
#5434 = VECTOR ( 'NONE', #6841, 1000.000000000000000 ) ;
#5435 = VERTEX_POINT ( 'NONE', #2912 ) ;
#5436 = CARTESIAN_POINT ( 'NONE',  ( -6.749644660940670200, 2.609976000000000100, -8.535000000000000100 ) ) ;
#5437 = LINE ( 'NONE', #5515, #2966 ) ;
#5438 = FACE_OUTER_BOUND ( 'NONE', #6443, .T. ) ;
#5439 = DIRECTION ( 'NONE',  ( -1.000000000000000000, -0.0000000000000000000, -0.0000000000000000000 ) ) ;
#5440 = EDGE_LOOP ( 'NONE', ( #7888, #3453, #5351, #1058 ) ) ;
#5441 = ORIENTED_EDGE ( 'NONE', *, *, #7482, .F. ) ;
#5442 = CARTESIAN_POINT ( 'NONE',  ( 6.749644660940673700, 2.609976000000000100, -8.535000000000000100 ) ) ;
#5443 = VECTOR ( 'NONE', #2840, 1000.000000000000000 ) ;
#5444 = AXIS2_PLACEMENT_3D ( 'NONE', #654, #5074, #7036 ) ;
#5445 = LINE ( 'NONE', #6250, #7231 ) ;
#5446 = ORIENTED_EDGE ( 'NONE', *, *, #4565, .T. ) ;
#5447 = EDGE_CURVE ( 'NONE', #7282, #4999, #2040, .T. ) ;
#5448 = DIRECTION ( 'NONE',  ( 0.0000000000000000000, 1.000000000000000000, -0.0000000000000000000 ) ) ;
#5449 = DIRECTION ( 'NONE',  ( 4.872818752743839300E-016, 0.0000000000000000000, 1.000000000000000000 ) ) ;
#5450 =( LENGTH_UNIT ( ) NAMED_UNIT ( * ) SI_UNIT ( .MILLI., .METRE. ) );
#5451 = DIRECTION ( 'NONE',  ( -1.387778780781446500E-015, 0.0000000000000000000, -1.000000000000000000 ) ) ;
#5452 = FACE_OUTER_BOUND ( 'NONE', #7128, .T. ) ;
#5453 = LINE ( 'NONE', #2580, #2598 ) ;
#5454 = ORIENTED_EDGE ( 'NONE', *, *, #2796, .F. ) ;
#5455 = DIRECTION ( 'NONE',  ( 0.0000000000000000000, 1.000000000000000000, 0.0000000000000000000 ) ) ;
#5456 = EDGE_CURVE ( 'NONE', #3705, #3718, #5579, .T. ) ;
#5457 = LINE ( 'NONE', #2287, #439 ) ;
#5458 = CARTESIAN_POINT ( 'NONE',  ( 1.633066506662996000E-016, 1.850000000000000100, -9.671500000000001800 ) ) ;
#5459 = DIRECTION ( 'NONE',  ( 0.0000000000000000000, 0.0000000000000000000, 1.000000000000000000 ) ) ;
#5460 = ORIENTED_EDGE ( 'NONE', *, *, #4174, .T. ) ;
#5461 = DIRECTION ( 'NONE',  ( -0.0000000000000000000, -1.000000000000000000, 0.0000000000000000000 ) ) ;
#5462 = ADVANCED_FACE ( 'NONE', ( #7672 ), #4965, .F. ) ;
#5463 = CARTESIAN_POINT ( 'NONE',  ( -7.475000000000024500, 1.000000000000000000, 2.125000000000000000 ) ) ;
#5464 = LINE ( 'NONE', #138, #6859 ) ;
#5465 = DIRECTION ( 'NONE',  ( 0.0000000000000000000, 0.0000000000000000000, -1.000000000000000000 ) ) ;
#5466 = ORIENTED_EDGE ( 'NONE', *, *, #7687, .F. ) ;
#5467 = EDGE_LOOP ( 'NONE', ( #1370, #7257, #2234, #1750 ) ) ;
#5468 = CARTESIAN_POINT ( 'NONE',  ( 0.0000000000000000000, 1.000000000000000000, 3.905000000000000700 ) ) ;
#5469 = ORIENTED_EDGE ( 'NONE', *, *, #5716, .F. ) ;
#5470 = EDGE_CURVE ( 'NONE', #7854, #5686, #3708, .T. ) ;
#5471 = CARTESIAN_POINT ( 'NONE',  ( -9.975000000000060000, 0.0000000000000000000, -6.254999999999999900 ) ) ;
#5472 = VECTOR ( 'NONE', #7092, 1000.000000000000000 ) ;
#5473 = DIRECTION ( 'NONE',  ( 0.0000000000000000000, 0.0000000000000000000, 1.000000000000000000 ) ) ;
#5474 = ORIENTED_EDGE ( 'NONE', *, *, #5992, .T. ) ;
#5475 = SURFACE_STYLE_USAGE ( .BOTH. , #6036 ) ;
#5476 = ORIENTED_EDGE ( 'NONE', *, *, #3692, .F. ) ;
#5477 = ORIENTED_EDGE ( 'NONE', *, *, #3653, .T. ) ;
#5478 = ORIENTED_EDGE ( 'NONE', *, *, #3424, .T. ) ;
#5479 = LINE ( 'NONE', #1150, #5286 ) ;
#5480 = AXIS2_PLACEMENT_3D ( 'NONE', #3376, #6462, #6522 ) ;
#5481 = ORIENTED_EDGE ( 'NONE', *, *, #588, .F. ) ;
#5482 = ORIENTED_EDGE ( 'NONE', *, *, #4907, .F. ) ;
#5483 = CARTESIAN_POINT ( 'NONE',  ( 9.974999999999994300, 0.0000000000000000000, 2.124999999999996900 ) ) ;
#5484 = EDGE_CURVE ( 'NONE', #7732, #4650, #6570, .T. ) ;
#5485 = EDGE_CURVE ( 'NONE', #3510, #427, #1345, .T. ) ;
#5486 = SURFACE_SIDE_STYLE ('',( #6026 ) ) ;
#5487 = CYLINDRICAL_SURFACE ( 'NONE', #2183, 1.199999999999999700 ) ;
#5488 = VECTOR ( 'NONE', #1289, 1000.000000000000000 ) ;
#5489 = EDGE_LOOP ( 'NONE', ( #3941, #3712, #5788, #6252 ) ) ;
#5490 = ORIENTED_EDGE ( 'NONE', *, *, #5095, .T. ) ;
#5491 = ORIENTED_EDGE ( 'NONE', *, *, #5005, .F. ) ;
#5492 = PLANE ( 'NONE',  #4087 ) ;
#5493 = MECHANICAL_DESIGN_GEOMETRIC_PRESENTATION_REPRESENTATION (  '', ( #4958 ), #5231 ) ;
#5494 = EDGE_CURVE ( 'NONE', #5983, #2662, #5479, .T. ) ;
#5495 = ORIENTED_EDGE ( 'NONE', *, *, #1546, .F. ) ;
#5496 = CARTESIAN_POINT ( 'NONE',  ( 7.474999999999998800, 0.0000000000000000000, 11.52500000000000000 ) ) ;
#5497 = FACE_OUTER_BOUND ( 'NONE', #1390, .T. ) ;
#5498 = CARTESIAN_POINT ( 'NONE',  ( -7.475000000000024500, 0.0000000000000000000, 2.125000000000000000 ) ) ;
#5499 = ORIENTED_EDGE ( 'NONE', *, *, #6197, .F. ) ;
#5500 = VERTEX_POINT ( 'NONE', #3092 ) ;
#5501 = DIRECTION ( 'NONE',  ( -0.0000000000000000000, -0.0000000000000000000, -1.000000000000000000 ) ) ;
#5502 = ORIENTED_EDGE ( 'NONE', *, *, #7498, .T. ) ;
#5503 = DIRECTION ( 'NONE',  ( -1.000000000000000000, 0.0000000000000000000, 0.0000000000000000000 ) ) ;
#5504 = CARTESIAN_POINT ( 'NONE',  ( 0.0000000000000000000, 1.350000000000000100, -12.08450000000000000 ) ) ;
#5505 = CARTESIAN_POINT ( 'NONE',  ( -7.475000000000060000, 0.0000000000000000000, -8.035000000000000100 ) ) ;
#5506 = FACE_OUTER_BOUND ( 'NONE', #5730, .T. ) ;
#5507 = ADVANCED_FACE ( 'NONE', ( #7459, #4307 ), #3651, .F. ) ;
#5508 = ORIENTED_EDGE ( 'NONE', *, *, #1268, .F. ) ;
#5509 = MANIFOLD_SOLID_BREP ( 'Boss-Extrude3[16]', #3213 ) ;
#5510 = LINE ( 'NONE', #3547, #6296 ) ;
#5511 = VECTOR ( 'NONE', #7592, 1000.000000000000000 ) ;
#5512 = DIRECTION ( 'NONE',  ( 0.0000000000000000000, 0.0000000000000000000, -1.000000000000000000 ) ) ;
#5513 = ORIENTED_EDGE ( 'NONE', *, *, #7978, .F. ) ;
#5514 =( NAMED_UNIT ( * ) PLANE_ANGLE_UNIT ( ) SI_UNIT ( $, .RADIAN. ) );
#5515 = CARTESIAN_POINT ( 'NONE',  ( -8.255000000000158900, 0.0000000000000000000, 0.02499999999999778800 ) ) ;
#5516 = EDGE_CURVE ( 'NONE', #2916, #7664, #664, .T. ) ;
#5517 = VECTOR ( 'NONE', #1394, 1000.000000000000000 ) ;
#5518 = EDGE_CURVE ( 'NONE', #7552, #7513, #4406, .T. ) ;
#5519 = VECTOR ( 'NONE', #3756, 1000.000000000000000 ) ;
#5520 = DIRECTION ( 'NONE',  ( 0.0000000000000000000, 0.0000000000000000000, 1.000000000000000000 ) ) ;
#5521 = VERTEX_POINT ( 'NONE', #2491 ) ;
#5522 = CARTESIAN_POINT ( 'NONE',  ( 8.255000000000105600, 0.0000000000000000000, 5.554999999999991700 ) ) ;
#5523 = AXIS2_PLACEMENT_3D ( 'NONE', #622, #6307, #1855 ) ;
#5524 = DIRECTION ( 'NONE',  ( 0.0000000000000000000, 0.0000000000000000000, 1.000000000000000000 ) ) ;
#5525 = VECTOR ( 'NONE', #684, 1000.000000000000000 ) ;
#5526 = CARTESIAN_POINT ( 'NONE',  ( 0.0000000000000000000, 0.0000000000000000000, 0.0000000000000000000 ) ) ;
#5527 = ADVANCED_FACE ( 'NONE', ( #3409 ), #5568, .F. ) ;
#5528 = VERTEX_POINT ( 'NONE', #548 ) ;
#5529 = FACE_OUTER_BOUND ( 'NONE', #2907, .T. ) ;
#5530 = DIRECTION ( 'NONE',  ( 0.0000000000000000000, 1.000000000000000000, -0.0000000000000000000 ) ) ;
#5531 = PLANE ( 'NONE',  #2165 ) ;
#5532 = STYLED_ITEM ( 'NONE', ( #5605 ), #4405 ) ;
#5533 = LINE ( 'NONE', #7504, #205 ) ;
#5534 = ORIENTED_EDGE ( 'NONE', *, *, #5558, .T. ) ;
#5535 = LINE ( 'NONE', #1397, #2764 ) ;
#5536 = EDGE_CURVE ( 'NONE', #3061, #5364, #2432, .T. ) ;
#5537 = EDGE_CURVE ( 'NONE', #2811, #7016, #2340, .T. ) ;
#5538 = ORIENTED_EDGE ( 'NONE', *, *, #6167, .F. ) ;
#5539 = DIRECTION ( 'NONE',  ( 1.000000000000000000, 0.0000000000000000000, 0.0000000000000000000 ) ) ;
#5540 = PLANE ( 'NONE',  #6055 ) ;
#5541 = AXIS2_PLACEMENT_3D ( 'NONE', #3339, #287, #4049 ) ;
#5542 = ORIENTED_EDGE ( 'NONE', *, *, #956, .F. ) ;
#5543 = CARTESIAN_POINT ( 'NONE',  ( -9.974999999999997900, 0.0000000000000000000, 13.47500000000000100 ) ) ;
#5544 = ADVANCED_FACE ( 'NONE', ( #1152 ), #5024, .F. ) ;
#5545 = DIRECTION ( 'NONE',  ( 0.0000000000000000000, 1.000000000000000000, 0.0000000000000000000 ) ) ;
#5546 = DIRECTION ( 'NONE',  ( 1.445602896647339500E-015, 0.0000000000000000000, 1.000000000000000000 ) ) ;
#5547 = DIRECTION ( 'NONE',  ( 0.0000000000000000000, 0.0000000000000000000, 1.000000000000000000 ) ) ;
#5548 = DIRECTION ( 'NONE',  ( 0.0000000000000000000, 1.000000000000000000, 0.0000000000000000000 ) ) ;
#5549 = PLANE ( 'NONE',  #2320 ) ;
#5550 = LINE ( 'NONE', #7383, #2315 ) ;
#5551 = EDGE_CURVE ( 'NONE', #5842, #3960, #760, .T. ) ;
#5552 = FACE_OUTER_BOUND ( 'NONE', #7619, .T. ) ;
#5553 = CARTESIAN_POINT ( 'NONE',  ( -8.255000000000185500, 1.000000000000000000, -7.595000000000001500 ) ) ;
#5554 = CARTESIAN_POINT ( 'NONE',  ( 10.77992235650402700, 1.000000000000000000, 10.63499999999999300 ) ) ;
#5555 = ORIENTED_EDGE ( 'NONE', *, *, #6849, .F. ) ;
#5556 = CARTESIAN_POINT ( 'NONE',  ( 7.474999999999961500, 1.000000000000000000, 3.642432017676001500E-015 ) ) ;
#5557 = LINE ( 'NONE', #7917, #4780 ) ;
#5558 = EDGE_CURVE ( 'NONE', #19, #3051, #2621, .T. ) ;
#5559 = CARTESIAN_POINT ( 'NONE',  ( 6.985000000000000300, 2.609976000000000100, -8.299644660940671800 ) ) ;
#5560 = VERTEX_POINT ( 'NONE', #129 ) ;
#5561 = PLANE ( 'NONE',  #6119 ) ;
#5562 = EDGE_CURVE ( 'NONE', #1240, #1541, #463, .T. ) ;
#5563 = CYLINDRICAL_SURFACE ( 'NONE', #5172, 0.4500000000000002900 ) ;
#5564 = ORIENTED_EDGE ( 'NONE', *, *, #2687, .F. ) ;
#5565 = ORIENTED_EDGE ( 'NONE', *, *, #4807, .T. ) ;
#5566 = EDGE_LOOP ( 'NONE', ( #7789, #1923, #6550, #6868 ) ) ;
#5567 = DIRECTION ( 'NONE',  ( 0.0000000000000000000, -1.000000000000000000, 0.0000000000000000000 ) ) ;
#5568 = PLANE ( 'NONE',  #5910 ) ;
#5569 = VECTOR ( 'NONE', #1282, 1000.000000000000000 ) ;
#5570 = DIRECTION ( 'NONE',  ( 0.0000000000000000000, 0.0000000000000000000, 1.000000000000000000 ) ) ;
#5571 = ORIENTED_EDGE ( 'NONE', *, *, #853, .F. ) ;
#5572 = ORIENTED_EDGE ( 'NONE', *, *, #13, .F. ) ;
#5573 = AXIS2_PLACEMENT_3D ( 'NONE', #4321, #4348, #2371 ) ;
#5574 = ORIENTED_EDGE ( 'NONE', *, *, #5113, .T. ) ;
#5575 =( NAMED_UNIT ( * ) SI_UNIT ( $, .STERADIAN. ) SOLID_ANGLE_UNIT ( ) );
#5576 = EDGE_CURVE ( 'NONE', #7485, #8020, #72, .T. ) ;
#5577 = DIRECTION ( 'NONE',  ( 0.0000000000000000000, 0.0000000000000000000, 1.000000000000000000 ) ) ;
#5578 = CIRCLE ( 'NONE', #5171, 0.4499999999999999000 ) ;
#5579 = LINE ( 'NONE', #406, #5192 ) ;
#5580 = CARTESIAN_POINT ( 'NONE',  ( 0.0000000000000000000, 1.850000000000000100, -11.00500000000000100 ) ) ;
#5581 = ORIENTED_EDGE ( 'NONE', *, *, #6216, .F. ) ;
#5582 = ADVANCED_FACE ( 'NONE', ( #1055 ), #98, .F. ) ;
#5583 = ORIENTED_EDGE ( 'NONE', *, *, #1031, .F. ) ;
#5584 = ORIENTED_EDGE ( 'NONE', *, *, #348, .F. ) ;
#5585 = VERTEX_POINT ( 'NONE', #7595 ) ;
#5586 = VERTEX_POINT ( 'NONE', #5714 ) ;
#5587 = ADVANCED_FACE ( 'NONE', ( #4213, #4700 ), #5688, .F. ) ;
#5588 = ORIENTED_EDGE ( 'NONE', *, *, #966, .T. ) ;
#5589 = AXIS2_PLACEMENT_3D ( 'NONE', #6567, #3283, #3337 ) ;
#5590 = LINE ( 'NONE', #5619, #6588 ) ;
#5591 = FACE_OUTER_BOUND ( 'NONE', #7173, .T. ) ;
#5592 = ORIENTED_EDGE ( 'NONE', *, *, #52, .T. ) ;
#5593 = DIRECTION ( 'NONE',  ( -4.872818752743839300E-016, 0.0000000000000000000, 1.000000000000000000 ) ) ;
#5594 = EDGE_LOOP ( 'NONE', ( #874, #671, #471, #6061 ) ) ;
#5595 = ORIENTED_EDGE ( 'NONE', *, *, #7697, .F. ) ;
#5596 = CARTESIAN_POINT ( 'NONE',  ( -6.984999999999997700, 2.949999999999999700, -8.285000000000000100 ) ) ;
#5597 = VERTEX_POINT ( 'NONE', #3255 ) ;
#5598 = DIRECTION ( 'NONE',  ( 0.0000000000000000000, 1.000000000000000000, -0.0000000000000000000 ) ) ;
#5599 = LINE ( 'NONE', #2147, #8081 ) ;
#5600 = CARTESIAN_POINT ( 'NONE',  ( 6.785000000000001000, 2.609976000000000100, -8.285000000000003700 ) ) ;
#5601 = DIRECTION ( 'NONE',  ( -1.000000000000000000, 0.0000000000000000000, -4.872818752743839300E-016 ) ) ;
#5602 = PRESENTATION_LAYER_ASSIGNMENT (  '', '', ( #3332 ) ) ;
#5603 = DIRECTION ( 'NONE',  ( 0.0000000000000000000, 1.000000000000000000, 0.0000000000000000000 ) ) ;
#5604 = EDGE_CURVE ( 'NONE', #2558, #1900, #5383, .T. ) ;
#5605 = PRESENTATION_STYLE_ASSIGNMENT (( #1183 ) ) ;
#5606 = CARTESIAN_POINT ( 'NONE',  ( 8.255000000000123400, 1.000000000000000000, 10.63499999999999100 ) ) ;
#5607 = ORIENTED_EDGE ( 'NONE', *, *, #52, .F. ) ;
#5608 = CARTESIAN_POINT ( 'NONE',  ( 9.974999999999944600, 0.0000000000000000000, -3.715000000000006500 ) ) ;
#5609 = DIRECTION ( 'NONE',  ( 0.0000000000000000000, 1.000000000000000000, 0.0000000000000000000 ) ) ;
#5610 = DIRECTION ( 'NONE',  ( 1.000000000000000000, -0.0000000000000000000, 0.0000000000000000000 ) ) ;
#5611 = VECTOR ( 'NONE', #1768, 1000.000000000000000 ) ;
#5612 = EDGE_CURVE ( 'NONE', #7808, #5364, #2529, .T. ) ;
#5613 = ORIENTED_EDGE ( 'NONE', *, *, #2359, .T. ) ;
#5614 = VERTEX_POINT ( 'NONE', #5165 ) ;
#5615 = PLANE ( 'NONE',  #3150 ) ;
#5616 = VERTEX_POINT ( 'NONE', #7010 ) ;
#5617 = LINE ( 'NONE', #7381, #8105 ) ;
#5618 = ADVANCED_FACE ( 'NONE', ( #4887, #3921 ), #3145, .F. ) ;
#5619 = CARTESIAN_POINT ( 'NONE',  ( 6.985000000000000300, 2.609976000000000100, 12.72500000000000100 ) ) ;
#5620 = DIRECTION ( 'NONE',  ( 0.0000000000000000000, 0.0000000000000000000, 1.000000000000000000 ) ) ;
#5621 = VECTOR ( 'NONE', #7667, 1000.000000000000000 ) ;
#5622 = EDGE_CURVE ( 'NONE', #5597, #3312, #358, .T. ) ;
#5623 = CARTESIAN_POINT ( 'NONE',  ( -8.255000000000158900, 0.0000000000000000000, 0.9249999999999981600 ) ) ;
#5624 = LINE ( 'NONE', #428, #2289 ) ;
#5625 = ADVANCED_FACE ( 'NONE', ( #8054 ), #2025, .F. ) ;
#5626 = CARTESIAN_POINT ( 'NONE',  ( 7.474999999999995200, 1.000000000000000000, -5.495000000000000100 ) ) ;
#5627 = ORIENTED_EDGE ( 'NONE', *, *, #2886, .T. ) ;
#5628 = FACE_OUTER_BOUND ( 'NONE', #1562, .T. ) ;
#5629 = DIRECTION ( 'NONE',  ( 0.0000000000000000000, 0.0000000000000000000, 1.000000000000000000 ) ) ;
#5630 = DIRECTION ( 'NONE',  ( 0.0000000000000000000, 1.000000000000000000, -0.0000000000000000000 ) ) ;
#5631 = EDGE_LOOP ( 'NONE', ( #6394, #4960, #3807, #1411 ) ) ;
#5632 = EDGE_LOOP ( 'NONE', ( #5265, #980, #1146, #7903 ) ) ;
#5633 = ADVANCED_FACE ( 'NONE', ( #2720 ), #47, .F. ) ;
#5634 = AXIS2_PLACEMENT_3D ( 'NONE', #1899, #1305, #7590 ) ;
#5635 = VECTOR ( 'NONE', #4638, 1000.000000000000000 ) ;
#5636 = LINE ( 'NONE', #4987, #4462 ) ;
#5637 = CARTESIAN_POINT ( 'NONE',  ( -9.975000000000031600, 1.000000000000000000, 1.365000000000000000 ) ) ;
#5638 = EDGE_LOOP ( 'NONE', ( #4492, #2715, #1605, #2617 ) ) ;
#5639 = ORIENTED_EDGE ( 'NONE', *, *, #2545, .F. ) ;
#5640 = CARTESIAN_POINT ( 'NONE',  ( 9.975000000000001400, 0.0000000000000000000, 13.47500000000000100 ) ) ;
#5641 = AXIS2_PLACEMENT_3D ( 'NONE', #7019, #2007, #237 ) ;
#5642 = CARTESIAN_POINT ( 'NONE',  ( 8.255000000000096700, 0.0000000000000000000, 3.014999999999991700 ) ) ;
#5643 = AXIS2_PLACEMENT_3D ( 'NONE', #2263, #6548, #3401 ) ;
#5644 = FACE_OUTER_BOUND ( 'NONE', #3480, .T. ) ;
#5645 = EDGE_CURVE ( 'NONE', #7442, #5435, #6075, .T. ) ;
#5646 = EDGE_CURVE ( 'NONE', #2644, #873, #562, .T. ) ;
#5647 = DIRECTION ( 'NONE',  ( -1.000000000000000000, 0.0000000000000000000, -4.872818752743839300E-016 ) ) ;
#5648 = LINE ( 'NONE', #7433, #41 ) ;
#5649 = DIRECTION ( 'NONE',  ( 0.0000000000000000000, 1.000000000000000000, -0.0000000000000000000 ) ) ;
#5650 = AXIS2_PLACEMENT_3D ( 'NONE', #7120, #5270, #7766 ) ;
#5651 = LINE ( 'NONE', #7599, #831 ) ;
#5652 = EDGE_CURVE ( 'NONE', #3573, #1790, #1548, .T. ) ;
#5653 = CARTESIAN_POINT ( 'NONE',  ( -7.475000000000001400, 0.0000000000000000000, 3.642432017676020400E-015 ) ) ;
#5654 = ORIENTED_EDGE ( 'NONE', *, *, #2053, .F. ) ;
#5655 = CARTESIAN_POINT ( 'NONE',  ( 0.0000000000000000000, 1.439882414652686500, -11.20500000000000200 ) ) ;
#5656 = DIRECTION ( 'NONE',  ( -0.0000000000000000000, -0.0000000000000000000, 1.000000000000000000 ) ) ;
#5657 = CARTESIAN_POINT ( 'NONE',  ( -8.255000000000132200, 1.000000000000000000, 8.544999999999998200 ) ) ;
#5658 = VECTOR ( 'NONE', #6642, 1000.000000000000000 ) ;
#5659 = DIRECTION ( 'NONE',  ( -0.0000000000000000000, -1.000000000000000000, -0.0000000000000000000 ) ) ;
#5660 = ORIENTED_EDGE ( 'NONE', *, *, #4833, .T. ) ;
#5661 = ADVANCED_FACE ( 'NONE', ( #7561, #5683 ), #5881, .T. ) ;
#5662 = DIRECTION ( 'NONE',  ( 1.445602896647339500E-015, 0.0000000000000000000, 1.000000000000000000 ) ) ;
#5663 = FACE_OUTER_BOUND ( 'NONE', #6162, .T. ) ;
#5664 = ORIENTED_EDGE ( 'NONE', *, *, #3000, .F. ) ;
#5665 = CARTESIAN_POINT ( 'NONE',  ( -6.984999999999997700, 2.949999999999999700, 12.97500000000000000 ) ) ;
#5666 = VERTEX_POINT ( 'NONE', #6952 ) ;
#5667 = ADVANCED_FACE ( 'NONE', ( #5971 ), #3593, .F. ) ;
#5668 = ORIENTED_EDGE ( 'NONE', *, *, #2171, .F. ) ;
#5669 = DIRECTION ( 'NONE',  ( -0.0000000000000000000, 1.000000000000000000, -0.0000000000000000000 ) ) ;
#5670 = STYLED_ITEM ( 'NONE', ( #5256 ), #7589 ) ;
#5671 = ADVANCED_FACE ( 'NONE', ( #6963 ), #2137, .F. ) ;
#5672 = EDGE_CURVE ( 'NONE', #6014, #2361, #5786, .T. ) ;
#5673 = CIRCLE ( 'NONE', #64, 0.2500000000000002200 ) ;
#5674 = CARTESIAN_POINT ( 'NONE',  ( 8.255000000000123400, 0.0000000000000000000, 10.63499999999999100 ) ) ;
#5675 = ORIENTED_EDGE ( 'NONE', *, *, #6288, .T. ) ;
#5676 = ORIENTED_EDGE ( 'NONE', *, *, #83, .T. ) ;
#5677 = VERTEX_POINT ( 'NONE', #2168 ) ;
#5678 = DIRECTION ( 'NONE',  ( -1.000000000000000000, -0.0000000000000000000, -0.0000000000000000000 ) ) ;
#5679 = EDGE_CURVE ( 'NONE', #6554, #5187, #1920, .T. ) ;
#5680 = VERTEX_POINT ( 'NONE', #2101 ) ;
#5681 = DIRECTION ( 'NONE',  ( -0.0000000000000000000, -1.000000000000000000, 0.0000000000000000000 ) ) ;
#5682 = CARTESIAN_POINT ( 'NONE',  ( 6.735000000000002100, 2.700000000000000200, -8.285000000000000100 ) ) ;
#5683 = FACE_OUTER_BOUND ( 'NONE', #8053, .T. ) ;
#5684 = CARTESIAN_POINT ( 'NONE',  ( 8.255000000000061200, 0.0000000000000000000, -7.145000000000009300 ) ) ;
#5685 = DIRECTION ( 'NONE',  ( -0.0000000000000000000, 1.000000000000000000, -0.0000000000000000000 ) ) ;
#5686 = VERTEX_POINT ( 'NONE', #4579 ) ;
#5687 = CARTESIAN_POINT ( 'NONE',  ( 0.0000000000000000000, 2.750000000000000000, 0.0000000000000000000 ) ) ;
#5688 = PLANE ( 'NONE',  #3211 ) ;
#5689 = DIRECTION ( 'NONE',  ( 0.0000000000000000000, 1.000000000000000000, 0.0000000000000000000 ) ) ;
#5690 = VECTOR ( 'NONE', #5288, 1000.000000000000000 ) ;
#5691 = VECTOR ( 'NONE', #5889, 1000.000000000000000 ) ;
#5692 = AXIS2_PLACEMENT_3D ( 'NONE', #5426, #1047, #4170 ) ;
#5693 = ORIENTED_EDGE ( 'NONE', *, *, #618, .F. ) ;
#5694 = ORIENTED_EDGE ( 'NONE', *, *, #7822, .F. ) ;
#5695 = ORIENTED_EDGE ( 'NONE', *, *, #4784, .T. ) ;
#5696 = EDGE_CURVE ( 'NONE', #2405, #4684, #6367, .T. ) ;
#5697 = EDGE_CURVE ( 'NONE', #420, #4690, #2126, .T. ) ;
#5698 = CARTESIAN_POINT ( 'NONE',  ( 7.474999999999998800, 0.0000000000000000000, 6.445000000000000300 ) ) ;
#5699 = ORIENTED_EDGE ( 'NONE', *, *, #1611, .T. ) ;
#5700 = LINE ( 'NONE', #1540, #2355 ) ;
#5701 = VERTEX_POINT ( 'NONE', #3362 ) ;
#5702 = CARTESIAN_POINT ( 'NONE',  ( -7.474999999999997000, 1.000000000000000000, 9.745000000000001000 ) ) ;
#5703 = ORIENTED_EDGE ( 'NONE', *, *, #6244, .T. ) ;
#5704 = MECHANICAL_DESIGN_GEOMETRIC_PRESENTATION_REPRESENTATION (  '', ( #2226 ), #1061 ) ;
#5705 = AXIS2_PLACEMENT_3D ( 'NONE', #6440, #5007, #2011 ) ;
#5706 = FACE_OUTER_BOUND ( 'NONE', #6885, .T. ) ;
#5707 = CARTESIAN_POINT ( 'NONE',  ( 7.474999999999995200, 0.0000000000000000000, -0.4150000000000004200 ) ) ;
#5708 = ORIENTED_EDGE ( 'NONE', *, *, #6521, .F. ) ;
#5709 = CARTESIAN_POINT ( 'NONE',  ( 9.974999999999962300, 1.000000000000000000, 1.364999999999992900 ) ) ;
#5710 = FACE_OUTER_BOUND ( 'NONE', #4465, .T. ) ;
#5711 = DIRECTION ( 'NONE',  ( 0.0000000000000000000, 0.0000000000000000000, 1.000000000000000000 ) ) ;
#5712 = FACE_OUTER_BOUND ( 'NONE', #7975, .T. ) ;
#5713 = DIRECTION ( 'NONE',  ( 1.000000000000000000, 0.0000000000000000000, 0.0000000000000000000 ) ) ;
#5714 = CARTESIAN_POINT ( 'NONE',  ( 7.474999999999995200, 0.0000000000000000000, -3.714999999999999400 ) ) ;
#5715 = ORIENTED_EDGE ( 'NONE', *, *, #5291, .T. ) ;
#5716 = EDGE_CURVE ( 'NONE', #4716, #2811, #7361, .T. ) ;
#5717 = ADVANCED_FACE ( 'NONE', ( #5183, #4005 ), #5827, .T. ) ;
#5718 = PLANE ( 'NONE',  #7085 ) ;
#5719 = CARTESIAN_POINT ( 'NONE',  ( -6.984999999999997700, 2.609976000000000100, 12.72500000000000100 ) ) ;
#5720 = LINE ( 'NONE', #5933, #196 ) ;
#5721 = DIRECTION ( 'NONE',  ( 0.0000000000000000000, 0.0000000000000000000, 1.000000000000000000 ) ) ;
#5722 = LINE ( 'NONE', #330, #2380 ) ;
#5723 = ADVANCED_FACE ( 'NONE', ( #7759 ), #2330, .F. ) ;
#5724 = SURFACE_STYLE_USAGE ( .BOTH. , #1235 ) ;
#5725 = ORIENTED_EDGE ( 'NONE', *, *, #202, .F. ) ;
#5726 =( NAMED_UNIT ( * ) PLANE_ANGLE_UNIT ( ) SI_UNIT ( $, .RADIAN. ) );
#5727 = EDGE_CURVE ( 'NONE', #3230, #2612, #657, .T. ) ;
#5728 = CARTESIAN_POINT ( 'NONE',  ( 7.474999999999995200, 0.0000000000000000000, -2.955000000000001000 ) ) ;
#5729 = VECTOR ( 'NONE', #7614, 1000.000000000000000 ) ;
#5730 = EDGE_LOOP ( 'NONE', ( #3627, #2920, #536, #3590 ) ) ;
#5731 = LINE ( 'NONE', #1363, #4067 ) ;
#5732 = EDGE_CURVE ( 'NONE', #5173, #7462, #7154, .T. ) ;
#5733 = FACE_BOUND ( 'NONE', #764, .T. ) ;
#5734 = DIRECTION ( 'NONE',  ( 1.000000000000000000, 0.0000000000000000000, -4.872818752743839300E-016 ) ) ;
#5735 = CARTESIAN_POINT ( 'NONE',  ( 0.0000000000000000000, 0.0000000000000000000, 4.665000000000000000 ) ) ;
#5736 = ORIENTED_EDGE ( 'NONE', *, *, #745, .F. ) ;
#5737 = CARTESIAN_POINT ( 'NONE',  ( 6.749644660940670200, 1.000000000000000000, -8.535000000000000100 ) ) ;
#5738 = FACE_OUTER_BOUND ( 'NONE', #5891, .T. ) ;
#5739 = VERTEX_POINT ( 'NONE', #4636 ) ;
#5740 = EDGE_LOOP ( 'NONE', ( #7575, #2810, #2164, #1638 ) ) ;
#5741 = CARTESIAN_POINT ( 'NONE',  ( -7.475000000000049400, 0.0000000000000000000, -3.714999999999999400 ) ) ;
#5742 = CARTESIAN_POINT ( 'NONE',  ( 6.985000000000000300, 1.000000000000000000, -8.299644660940671800 ) ) ;
#5743 = PRESENTATION_LAYER_ASSIGNMENT (  '', '', ( #7166 ) ) ;
#5744 = DIRECTION ( 'NONE',  ( 1.000000000000000000, 0.0000000000000000000, 0.0000000000000000000 ) ) ;
#5745 = VECTOR ( 'NONE', #1583, 1000.000000000000000 ) ;
#5746 = LINE ( 'NONE', #5543, #6836 ) ;
#5747 = DIRECTION ( 'NONE',  ( -1.000000000000000000, 0.0000000000000000000, -0.0000000000000000000 ) ) ;
#5748 = ORIENTED_EDGE ( 'NONE', *, *, #2602, .T. ) ;
#5749 = EDGE_CURVE ( 'NONE', #4309, #6037, #4791, .T. ) ;
#5750 = CARTESIAN_POINT ( 'NONE',  ( 8.255000000000114500, 0.0000000000000000000, 8.094999999999991800 ) ) ;
#5751 = VERTEX_POINT ( 'NONE', #5215 ) ;
#5752 = CARTESIAN_POINT ( 'NONE',  ( 8.255000000000061200, 1.000000000000000000, -7.145000000000009300 ) ) ;
#5753 = VECTOR ( 'NONE', #7772, 1000.000000000000000 ) ;
#5754 = DIRECTION ( 'NONE',  ( 0.0000000000000000000, 1.000000000000000000, -0.0000000000000000000 ) ) ;
#5755 = DIRECTION ( 'NONE',  ( 0.0000000000000000000, 1.000000000000000000, 0.0000000000000000000 ) ) ;
#5756 = ORIENTED_EDGE ( 'NONE', *, *, #3728, .F. ) ;
#5757 = FILL_AREA_STYLE_COLOUR ( '', #7892 ) ;
#5758 = AXIS2_PLACEMENT_3D ( 'NONE', #6780, #6132, #4867 ) ;
#5759 = DIRECTION ( 'NONE',  ( 0.0000000000000000000, 0.0000000000000000000, 1.000000000000000000 ) ) ;
#5760 = AXIS2_PLACEMENT_3D ( 'NONE', #7540, #5630, #1179 ) ;
#5761 = EDGE_CURVE ( 'NONE', #3226, #1499, #5673, .T. ) ;
#5762 = EDGE_CURVE ( 'NONE', #4783, #3475, #856, .T. ) ;
#5763 = CYLINDRICAL_SURFACE ( 'NONE', #4892, 0.4499999999999999000 ) ;
#5764 = ADVANCED_FACE ( 'NONE', ( #1829 ), #2814, .F. ) ;
#5765 = CIRCLE ( 'NONE', #7008, 0.4500000000000001800 ) ;
#5766 = DIRECTION ( 'NONE',  ( 0.0000000000000000000, 1.000000000000000000, -0.0000000000000000000 ) ) ;
#5767 = EDGE_LOOP ( 'NONE', ( #7848, #2421, #5654, #1577 ) ) ;
#5768 =( LENGTH_UNIT ( ) NAMED_UNIT ( * ) SI_UNIT ( .MILLI., .METRE. ) );
#5769 = CARTESIAN_POINT ( 'NONE',  ( 6.785000000000000100, 2.700000000000000200, 12.72500000000000100 ) ) ;
#5770 = AXIS2_PLACEMENT_3D ( 'NONE', #2760, #4011, #6509 ) ;
#5771 = VECTOR ( 'NONE', #6186, 1000.000000000000000 ) ;
#5772 = EDGE_CURVE ( 'NONE', #4256, #4909, #455, .T. ) ;
#5773 = MANIFOLD_SOLID_BREP ( 'Boss-Extrude3[13]', #4869 ) ;
#5774 = CARTESIAN_POINT ( 'NONE',  ( 7.474999999999998800, 0.0000000000000000000, 7.204999999999999200 ) ) ;
#5775 = CARTESIAN_POINT ( 'NONE',  ( 9.974999999999994300, 0.0000000000000000000, -2.955000000000004500 ) ) ;
#5776 = VERTEX_POINT ( 'NONE', #5980 ) ;
#5777 = DIRECTION ( 'NONE',  ( 0.0000000000000000000, 0.0000000000000000000, -1.000000000000000000 ) ) ;
#5778 = DIRECTION ( 'NONE',  ( 0.0000000000000000000, 1.000000000000000000, -0.0000000000000000000 ) ) ;
#5779 = DIRECTION ( 'NONE',  ( 1.000000000000000000, 0.0000000000000000000, -0.0000000000000000000 ) ) ;
#5780 = DIRECTION ( 'NONE',  ( -0.0000000000000000000, -1.000000000000000000, 0.0000000000000000000 ) ) ;
#5781 = ORIENTED_EDGE ( 'NONE', *, *, #4519, .F. ) ;
#5782 = ORIENTED_EDGE ( 'NONE', *, *, #7526, .F. ) ;
#5783 = ORIENTED_EDGE ( 'NONE', *, *, #7840, .T. ) ;
#5784 = DIRECTION ( 'NONE',  ( 1.000000000000000000, 0.0000000000000000000, 0.0000000000000000000 ) ) ;
#5785 = CARTESIAN_POINT ( 'NONE',  ( -8.255000000000150000, 1.000000000000000000, 2.564999999999998200 ) ) ;
#5786 = CIRCLE ( 'NONE', #1793, 0.4500000000000001800 ) ;
#5787 = PLANE ( 'NONE',  #151 ) ;
#5788 = ORIENTED_EDGE ( 'NONE', *, *, #5132, .F. ) ;
#5789 = CARTESIAN_POINT ( 'NONE',  ( -9.975000000000024500, 0.0000000000000000000, 2.125000000000000000 ) ) ;
#5790 = ORIENTED_EDGE ( 'NONE', *, *, #5854, .F. ) ;
#5791 = PRODUCT_DEFINITION ( 'UNKNOWN', '', #4366, #3345 ) ;
#5792 = EDGE_CURVE ( 'NONE', #6391, #1840, #8049, .T. ) ;
#5793 = LINE ( 'NONE', #1104, #2436 ) ;
#5794 = LINE ( 'NONE', #1574, #79 ) ;
#5795 = CARTESIAN_POINT ( 'NONE',  ( 7.474999999999960600, 1.000000000000000000, 1.364999999999992900 ) ) ;
#5796 = CARTESIAN_POINT ( 'NONE',  ( -7.475000000000014700, 1.000000000000000000, 4.665000000000000000 ) ) ;
#5797 = ORIENTED_EDGE ( 'NONE', *, *, #1454, .F. ) ;
#5798 = ORIENTED_EDGE ( 'NONE', *, *, #941, .F. ) ;
#5799 = AXIS2_PLACEMENT_3D ( 'NONE', #807, #4061, #7806 ) ;
#5800 = ORIENTED_EDGE ( 'NONE', *, *, #1213, .F. ) ;
#5801 = FACE_OUTER_BOUND ( 'NONE', #7123, .T. ) ;
#5802 = LINE ( 'NONE', #5556, #4131 ) ;
#5803 = PLANE ( 'NONE',  #3223 ) ;
#5804 = ORIENTED_EDGE ( 'NONE', *, *, #3423, .T. ) ;
#5805 = DIRECTION ( 'NONE',  ( -0.0000000000000000000, -1.000000000000000000, -0.0000000000000000000 ) ) ;
#5806 = ORIENTED_EDGE ( 'NONE', *, *, #1616, .T. ) ;
#5807 = ORIENTED_EDGE ( 'NONE', *, *, #2735, .T. ) ;
#5808 = CARTESIAN_POINT ( 'NONE',  ( -1.905000000000000000, 1.350000000000000100, -12.59500000000000200 ) ) ;
#5809 = DIRECTION ( 'NONE',  ( 0.0000000000000000000, 0.0000000000000000000, 1.000000000000000000 ) ) ;
#5810 = LINE ( 'NONE', #554, #2645 ) ;
#5811 = ORIENTED_EDGE ( 'NONE', *, *, #5986, .T. ) ;
#5812 = CARTESIAN_POINT ( 'NONE',  ( 7.474999999999996100, 0.0000000000000000000, 11.52499999999999300 ) ) ;
#5813 = EDGE_CURVE ( 'NONE', #7300, #5739, #7553, .T. ) ;
#5814 = EDGE_CURVE ( 'NONE', #1401, #1790, #8156, .T. ) ;
#5815 = DIRECTION ( 'NONE',  ( -0.0000000000000000000, 1.000000000000000000, -0.0000000000000000000 ) ) ;
#5816 = VECTOR ( 'NONE', #7809, 1000.000000000000000 ) ;
#5817 = CARTESIAN_POINT ( 'NONE',  ( 0.0000000000000000000, 1.350000000000000100, -12.08450000000000000 ) ) ;
#5818 = ORIENTED_EDGE ( 'NONE', *, *, #7025, .F. ) ;
#5819 = AXIS2_PLACEMENT_3D ( 'NONE', #3201, #4532, #2656 ) ;
#5820 = LINE ( 'NONE', #4904, #5611 ) ;
#5821 = DIRECTION ( 'NONE',  ( 0.0000000000000000000, 0.0000000000000000000, 1.000000000000000000 ) ) ;
#5822 = CARTESIAN_POINT ( 'NONE',  ( -7.475000000000024500, 1.000000000000000000, 2.125000000000000000 ) ) ;
#5823 = ORIENTED_EDGE ( 'NONE', *, *, #815, .T. ) ;
#5824 =( NAMED_UNIT ( * ) SI_UNIT ( $, .STERADIAN. ) SOLID_ANGLE_UNIT ( ) );
#5825 = EDGE_LOOP ( 'NONE', ( #1443, #401 ) ) ;
#5826 = VECTOR ( 'NONE', #7538, 1000.000000000000000 ) ;
#5827 = PLANE ( 'NONE',  #5589 ) ;
#5828 = VECTOR ( 'NONE', #5548, 1000.000000000000000 ) ;
#5829 = ORIENTED_EDGE ( 'NONE', *, *, #7013, .F. ) ;
#5830 = DIRECTION ( 'NONE',  ( 0.0000000000000000000, 1.000000000000000000, 0.0000000000000000000 ) ) ;
#5831 = CARTESIAN_POINT ( 'NONE',  ( 0.0000000000000000000, 0.0000000000000000000, -2.955000000000008100 ) ) ;
#5832 = DIRECTION ( 'NONE',  ( -0.0000000000000000000, -0.0000000000000000000, 1.000000000000000000 ) ) ;
#5833 = ORIENTED_EDGE ( 'NONE', *, *, #7314, .F. ) ;
#5834 = CYLINDRICAL_SURFACE ( 'NONE', #4189, 1.199999999999999700 ) ;
#5835 = EDGE_LOOP ( 'NONE', ( #3587, #4117, #6078, #1791 ) ) ;
#5836 = CARTESIAN_POINT ( 'NONE',  ( 9.974999999999971200, 0.0000000000000000000, 2.124999999999993300 ) ) ;
#5837 = EDGE_CURVE ( 'NONE', #953, #5585, #1728, .T. ) ;
#5838 = CARTESIAN_POINT ( 'NONE',  ( 7.474999999999982800, 0.0000000000000000000, 3.642432017676011800E-015 ) ) ;
#5839 = DIRECTION ( 'NONE',  ( 0.0000000000000000000, 0.0000000000000000000, 1.000000000000000000 ) ) ;
#5840 = FACE_OUTER_BOUND ( 'NONE', #4008, .T. ) ;
#5841 = EDGE_CURVE ( 'NONE', #832, #3119, #2808, .T. ) ;
#5842 = VERTEX_POINT ( 'NONE', #7230 ) ;
#5843 = PLANE ( 'NONE',  #2272 ) ;
#5844 = CARTESIAN_POINT ( 'NONE',  ( -9.975000000000031600, 0.0000000000000000000, 1.365000000000000000 ) ) ;
#5845 = DIRECTION ( 'NONE',  ( -4.872818752743839300E-016, -0.0000000000000000000, -1.000000000000000000 ) ) ;
#5846 = ADVANCED_FACE ( 'NONE', ( #6255 ), #1957, .F. ) ;
#5847 = LINE ( 'NONE', #231, #7523 ) ;
#5848 = DIRECTION ( 'NONE',  ( 0.0000000000000000000, 1.000000000000000000, -0.0000000000000000000 ) ) ;
#5849 =( GEOMETRIC_REPRESENTATION_CONTEXT ( 3 ) GLOBAL_UNCERTAINTY_ASSIGNED_CONTEXT ( ( #5008 ) ) GLOBAL_UNIT_ASSIGNED_CONTEXT ( ( #3384, #888, #4714 ) ) REPRESENTATION_CONTEXT ( 'NONE', 'WORKASPACE' ) );
#5850 = FACE_OUTER_BOUND ( 'NONE', #2248, .T. ) ;
#5851 = DIRECTION ( 'NONE',  ( -0.0000000000000000000, -0.0000000000000000000, 1.000000000000000000 ) ) ;
#5852 = LINE ( 'NONE', #772, #4777 ) ;
#5853 = EDGE_CURVE ( 'NONE', #5880, #2644, #3200, .T. ) ;
#5854 = EDGE_CURVE ( 'NONE', #961, #1364, #1242, .T. ) ;
#5855 = DIRECTION ( 'NONE',  ( 1.000000000000000000, 0.0000000000000000000, -0.0000000000000000000 ) ) ;
#5856 = DIRECTION ( 'NONE',  ( -0.0000000000000000000, -1.000000000000000000, 0.0000000000000000000 ) ) ;
#5857 = VERTEX_POINT ( 'NONE', #5795 ) ;
#5858 = CARTESIAN_POINT ( 'NONE',  ( -9.974999999999997900, 0.0000000000000000000, 11.52500000000000000 ) ) ;
#5859 = LINE ( 'NONE', #2837, #3904 ) ;
#5860 = DIRECTION ( 'NONE',  ( -0.0000000000000000000, -1.000000000000000000, -0.0000000000000000000 ) ) ;
#5861 = AXIS2_PLACEMENT_3D ( 'NONE', #1679, #5402, #5425 ) ;
#5862 = CIRCLE ( 'NONE', #6746, 0.2000000000000005100 ) ;
#5863 = DIRECTION ( 'NONE',  ( -0.0000000000000000000, 0.0000000000000000000, 1.000000000000000000 ) ) ;
#5864 = MECHANICAL_DESIGN_GEOMETRIC_PRESENTATION_REPRESENTATION (  '', ( #2746 ), #3749 ) ;
#5865 = ORIENTED_EDGE ( 'NONE', *, *, #5761, .T. ) ;
#5866 = VECTOR ( 'NONE', #7673, 1000.000000000000000 ) ;
#5867 = MANIFOLD_SOLID_BREP ( 'Cut-Extrude1', #4303 ) ;
#5868 = DIRECTION ( 'NONE',  ( -1.000000000000000000, 0.0000000000000000000, 0.0000000000000000000 ) ) ;
#5869 = ORIENTED_EDGE ( 'NONE', *, *, #529, .F. ) ;
#5870 = EDGE_LOOP ( 'NONE', ( #3809, #773, #1416, #6745 ) ) ;
#5871 = DIRECTION ( 'NONE',  ( -1.000000000000000000, 0.0000000000000000000, -0.0000000000000000000 ) ) ;
#5872 = CARTESIAN_POINT ( 'NONE',  ( -9.974999999999997900, 0.0000000000000000000, 13.47500000000000100 ) ) ;
#5873 = ORIENTED_EDGE ( 'NONE', *, *, #3838, .T. ) ;
#5874 = CARTESIAN_POINT ( 'NONE',  ( 9.975000000000001400, 1.000000000000000000, -13.47499999999999800 ) ) ;
#5875 = EDGE_CURVE ( 'NONE', #420, #6566, #7252, .T. ) ;
#5876 = DIRECTION ( 'NONE',  ( 0.0000000000000000000, 1.000000000000000000, -0.0000000000000000000 ) ) ;
#5877 = ORIENTED_EDGE ( 'NONE', *, *, #2005, .T. ) ;
#5878 = EDGE_LOOP ( 'NONE', ( #3407, #7786, #8179, #878 ) ) ;
#5879 = EDGE_LOOP ( 'NONE', ( #3237, #6938, #5865, #228 ) ) ;
#5880 = VERTEX_POINT ( 'NONE', #6971 ) ;
#5881 = PLANE ( 'NONE',  #4757 ) ;
#5882 = CARTESIAN_POINT ( 'NONE',  ( -8.255000000000141100, 0.0000000000000000000, 5.554999999999997900 ) ) ;
#5883 = ORIENTED_EDGE ( 'NONE', *, *, #4725, .F. ) ;
#5884 = ORIENTED_EDGE ( 'NONE', *, *, #4330, .F. ) ;
#5885 = ADVANCED_FACE ( 'NONE', ( #3999 ), #756, .F. ) ;
#5886 = EDGE_CURVE ( 'NONE', #4320, #1952, #1818, .T. ) ;
#5887 = DIRECTION ( 'NONE',  ( 0.0000000000000000000, 1.000000000000000000, 0.0000000000000000000 ) ) ;
#5888 = DIRECTION ( 'NONE',  ( -1.000000000000000000, 0.0000000000000000000, 0.0000000000000000000 ) ) ;
#5889 = DIRECTION ( 'NONE',  ( 0.0000000000000000000, 1.000000000000000000, 0.0000000000000000000 ) ) ;
#5890 = CARTESIAN_POINT ( 'NONE',  ( 8.255000000000070100, 1.000000000000000000, -4.605000000000008400 ) ) ;
#5891 = EDGE_LOOP ( 'NONE', ( #4947, #4558, #7885, #3561 ) ) ;
#5892 = ORIENTED_EDGE ( 'NONE', *, *, #6029, .F. ) ;
#5893 = ORIENTED_EDGE ( 'NONE', *, *, #7345, .F. ) ;
#5894 = VERTEX_POINT ( 'NONE', #5155 ) ;
#5895 = CARTESIAN_POINT ( 'NONE',  ( 9.974999999999989000, 1.000000000000000000, 8.984999999999992300 ) ) ;
#5896 = ORIENTED_EDGE ( 'NONE', *, *, #1213, .T. ) ;
#5897 = DIRECTION ( 'NONE',  ( 0.0000000000000000000, 1.000000000000000000, 0.0000000000000000000 ) ) ;
#5898 = SURFACE_STYLE_USAGE ( .BOTH. , #1491 ) ;
#5899 = AXIS2_PLACEMENT_3D ( 'NONE', #354, #2235, #2961 ) ;
#5900 = EDGE_CURVE ( 'NONE', #5928, #1804, #1432, .T. ) ;
#5901 = CARTESIAN_POINT ( 'NONE',  ( 9.974999999999962300, 0.0000000000000000000, -0.4150000000000073600 ) ) ;
#5902 = LINE ( 'NONE', #2404, #7390 ) ;
#5903 = CARTESIAN_POINT ( 'NONE',  ( -6.984999999999997700, 1.000000000000000000, 12.77500000000000000 ) ) ;
#5904 = CARTESIAN_POINT ( 'NONE',  ( 8.255000000000087800, 0.0000000000000000000, 0.4749999999999910400 ) ) ;
#5905 = ORIENTED_EDGE ( 'NONE', *, *, #2322, .T. ) ;
#5906 = CARTESIAN_POINT ( 'NONE',  ( 7.474999999999995200, 0.0000000000000000000, -5.495000000000000100 ) ) ;
#5907 = DIRECTION ( 'NONE',  ( -0.0000000000000000000, 1.000000000000000000, -0.0000000000000000000 ) ) ;
#5908 = MECHANICAL_DESIGN_GEOMETRIC_PRESENTATION_REPRESENTATION (  '', ( #1376 ), #7602 ) ;
#5909 = CIRCLE ( 'NONE', #3250, 1.079499999999998800 ) ;
#5910 = AXIS2_PLACEMENT_3D ( 'NONE', #3707, #8131, #6904 ) ;
#5911 = DIRECTION ( 'NONE',  ( 0.0000000000000000000, -1.000000000000000000, 0.0000000000000000000 ) ) ;
#5912 = VECTOR ( 'NONE', #6310, 1000.000000000000000 ) ;
#5913 = EDGE_CURVE ( 'NONE', #458, #2655, #3585, .T. ) ;
#5914 = PLANE ( 'NONE',  #3962 ) ;
#5915 = EDGE_CURVE ( 'NONE', #4129, #2538, #145, .T. ) ;
#5916 = ORIENTED_EDGE ( 'NONE', *, *, #4568, .T. ) ;
#5917 = ORIENTED_EDGE ( 'NONE', *, *, #7743, .T. ) ;
#5918 = DIRECTION ( 'NONE',  ( -0.0000000000000000000, -0.0000000000000000000, 1.000000000000000000 ) ) ;
#5919 = VECTOR ( 'NONE', #946, 1000.000000000000000 ) ;
#5920 = CARTESIAN_POINT ( 'NONE',  ( -7.475000000000059200, 0.0000000000000000000, -6.254999999999999900 ) ) ;
#5921 = COLOUR_RGB ( '',1.000000000000000000, 0.8117647058823529400, 0.5019607843137254800 ) ;
#5922 = AXIS2_PLACEMENT_3D ( 'NONE', #1385, #3544, #7271 ) ;
#5923 = EDGE_CURVE ( 'NONE', #5842, #7061, #5464, .T. ) ;
#5924 = CIRCLE ( 'NONE', #3978, 0.4500000000000002900 ) ;
#5925 = DIRECTION ( 'NONE',  ( 1.445602896647339500E-015, 0.0000000000000000000, 1.000000000000000000 ) ) ;
#5926 = DIRECTION ( 'NONE',  ( -1.000000000000000000, 0.0000000000000000000, 0.0000000000000000000 ) ) ;
#5927 = CARTESIAN_POINT ( 'NONE',  ( 0.0000000000000000000, 0.0000000000000000000, 3.904999999999993600 ) ) ;
#5928 = VERTEX_POINT ( 'NONE', #3190 ) ;
#5929 = LINE ( 'NONE', #3254, #713 ) ;
#5930 = ADVANCED_FACE ( 'NONE', ( #555 ), #4390, .F. ) ;
#5931 = VECTOR ( 'NONE', #7096, 1000.000000000000000 ) ;
#5932 = DIRECTION ( 'NONE',  ( 0.0000000000000000000, 0.0000000000000000000, 1.000000000000000000 ) ) ;
#5933 = CARTESIAN_POINT ( 'NONE',  ( -9.975000000000042300, 1.000000000000000000, -1.175000000000000700 ) ) ;
#5934 = CIRCLE ( 'NONE', #7985, 1.199999999999999700 ) ;
#5935 = DIRECTION ( 'NONE',  ( 0.0000000000000000000, 0.0000000000000000000, 1.000000000000000000 ) ) ;
#5936 = VERTEX_POINT ( 'NONE', #3874 ) ;
#5937 = FACE_OUTER_BOUND ( 'NONE', #5348, .T. ) ;
#5938 = PLANE ( 'NONE',  #7241 ) ;
#5939 = CARTESIAN_POINT ( 'NONE',  ( -9.975000000000006800, 0.0000000000000000000, 7.204999999999999200 ) ) ;
#5940 = ORIENTED_EDGE ( 'NONE', *, *, #7822, .T. ) ;
#5941 = VERTEX_POINT ( 'NONE', #4493 ) ;
#5942 = DIRECTION ( 'NONE',  ( 0.0000000000000000000, 1.000000000000000000, 0.0000000000000000000 ) ) ;
#5943 = LINE ( 'NONE', #1962, #7330 ) ;
#5944 = SURFACE_STYLE_USAGE ( .BOTH. , #7774 ) ;
#5945 = CARTESIAN_POINT ( 'NONE',  ( -8.255000000000141100, 0.0000000000000000000, 5.554999999999997900 ) ) ;
#5946 = EDGE_CURVE ( 'NONE', #4570, #57, #3700, .T. ) ;
#5947 = DIRECTION ( 'NONE',  ( -1.000000000000000000, -0.0000000000000000000, -0.0000000000000000000 ) ) ;
#5948 = FACE_OUTER_BOUND ( 'NONE', #4612, .T. ) ;
#5949 = AXIS2_PLACEMENT_3D ( 'NONE', #3447, #2807, #7367 ) ;
#5950 = CARTESIAN_POINT ( 'NONE',  ( -7.475000000000024500, 0.0000000000000000000, 2.125000000000000000 ) ) ;
#5951 = DIRECTION ( 'NONE',  ( 0.0000000000000000000, 0.0000000000000000000, -1.000000000000000000 ) ) ;
#5952 = LINE ( 'NONE', #4837, #2600 ) ;
#5953 = ORIENTED_EDGE ( 'NONE', *, *, #6332, .T. ) ;
#5954 =( GEOMETRIC_REPRESENTATION_CONTEXT ( 3 ) GLOBAL_UNCERTAINTY_ASSIGNED_CONTEXT ( ( #2936 ) ) GLOBAL_UNIT_ASSIGNED_CONTEXT ( ( #4296, #5726, #5575 ) ) REPRESENTATION_CONTEXT ( 'NONE', 'WORKASPACE' ) );
#5955 = DIRECTION ( 'NONE',  ( 1.000000000000000000, 0.0000000000000000000, 0.0000000000000000000 ) ) ;
#5956 = CARTESIAN_POINT ( 'NONE',  ( 6.749644660940673700, 2.949999999999999700, -8.535000000000000100 ) ) ;
#5957 = EDGE_CURVE ( 'NONE', #8113, #4304, #3796, .T. ) ;
#5958 = EDGE_CURVE ( 'NONE', #3869, #7977, #752, .T. ) ;
#5959 = CARTESIAN_POINT ( 'NONE',  ( -9.975000000000051200, 0.0000000000000000000, -3.714999999999999400 ) ) ;
#5960 = DIRECTION ( 'NONE',  ( 0.0000000000000000000, 1.000000000000000000, -0.0000000000000000000 ) ) ;
#5961 = ORIENTED_EDGE ( 'NONE', *, *, #2387, .F. ) ;
#5962 = ORIENTED_EDGE ( 'NONE', *, *, #6298, .T. ) ;
#5963 = CARTESIAN_POINT ( 'NONE',  ( -7.475000000000001400, 1.000000000000000000, 3.642432017676020400E-015 ) ) ;
#5964 = ADVANCED_FACE ( 'NONE', ( #239 ), #5563, .F. ) ;
#5965 = AXIS2_PLACEMENT_3D ( 'NONE', #1563, #2172, #1529 ) ;
#5966 = ORIENTED_EDGE ( 'NONE', *, *, #7660, .F. ) ;
#5967 = VERTEX_POINT ( 'NONE', #887 ) ;
#5968 = DIRECTION ( 'NONE',  ( 0.0000000000000000000, 1.000000000000000000, -0.0000000000000000000 ) ) ;
#5969 = ORIENTED_EDGE ( 'NONE', *, *, #6288, .F. ) ;
#5970 = EDGE_LOOP ( 'NONE', ( #1579, #1140, #4596, #1809 ) ) ;
#5971 = FACE_OUTER_BOUND ( 'NONE', #3655, .T. ) ;
#5972 = CARTESIAN_POINT ( 'NONE',  ( 9.974999999999994300, 1.000000000000000000, 2.124999999999996900 ) ) ;
#5973 = CARTESIAN_POINT ( 'NONE',  ( -10.77992235650406100, 0.0000000000000000000, 0.4749999999999997600 ) ) ;
#5974 = ORIENTED_EDGE ( 'NONE', *, *, #5576, .F. ) ;
#5975 = ORIENTED_EDGE ( 'NONE', *, *, #4745, .T. ) ;
#5976 = EDGE_CURVE ( 'NONE', #6371, #3226, #1914, .T. ) ;
#5977 = LINE ( 'NONE', #3470, #3609 ) ;
#5978 = FACE_OUTER_BOUND ( 'NONE', #850, .T. ) ;
#5979 = CARTESIAN_POINT ( 'NONE',  ( -7.475000000000040500, 0.0000000000000000000, -1.175000000000000700 ) ) ;
#5980 = CARTESIAN_POINT ( 'NONE',  ( 7.474999999999989000, 0.0000000000000000000, 7.204999999999993000 ) ) ;
#5981 = VERTEX_POINT ( 'NONE', #5343 ) ;
#5982 = ORIENTED_EDGE ( 'NONE', *, *, #7715, .F. ) ;
#5983 = VERTEX_POINT ( 'NONE', #5972 ) ;
#5984 = DIRECTION ( 'NONE',  ( 0.0000000000000000000, -1.000000000000000000, 0.0000000000000000000 ) ) ;
#5985 = DIRECTION ( 'NONE',  ( 1.000000000000000000, 0.0000000000000000000, 0.0000000000000000000 ) ) ;
#5986 = EDGE_CURVE ( 'NONE', #458, #2702, #446, .T. ) ;
#5987 = ORIENTED_EDGE ( 'NONE', *, *, #1166, .T. ) ;
#5988 = VECTOR ( 'NONE', #7056, 1000.000000000000000 ) ;
#5989 = VECTOR ( 'NONE', #3077, 1000.000000000000000 ) ;
#5990 = CARTESIAN_POINT ( 'NONE',  ( 10.77992235650401800, 0.0000000000000000000, 8.094999999999993500 ) ) ;
#5991 = ORIENTED_EDGE ( 'NONE', *, *, #3765, .T. ) ;
#5992 = EDGE_CURVE ( 'NONE', #672, #6158, #3098, .T. ) ;
#5993 = EDGE_LOOP ( 'NONE', ( #4209, #2415, #6030, #4880 ) ) ;
#5994 = DIRECTION ( 'NONE',  ( 0.0000000000000000000, -1.000000000000000000, 0.0000000000000000000 ) ) ;
#5995 = EDGE_LOOP ( 'NONE', ( #3848, #3515, #6314, #6761 ) ) ;
#5996 = CARTESIAN_POINT ( 'NONE',  ( -9.975000000000006800, 1.000000000000000000, 8.984999999999999400 ) ) ;
#5997 = VERTEX_POINT ( 'NONE', #6529 ) ;
#5998 = PLANE ( 'NONE',  #5899 ) ;
#5999 = LINE ( 'NONE', #8137, #3528 ) ;
#6000 = ORIENTED_EDGE ( 'NONE', *, *, #4104, .F. ) ;
#6001 = CARTESIAN_POINT ( 'NONE',  ( -8.255000000000132200, 0.0000000000000000000, 8.544999999999998200 ) ) ;
#6002 = LINE ( 'NONE', #6999, #7986 ) ;
#6003 = CARTESIAN_POINT ( 'NONE',  ( 7.474999999999995200, 0.0000000000000000000, -1.175000000000000700 ) ) ;
#6004 = DIRECTION ( 'NONE',  ( 0.0000000000000000000, 1.000000000000000000, 0.0000000000000000000 ) ) ;
#6005 = CARTESIAN_POINT ( 'NONE',  ( -9.975000000000051200, 1.000000000000000000, -3.714999999999999400 ) ) ;
#6006 = FACE_OUTER_BOUND ( 'NONE', #5176, .T. ) ;
#6007 = ADVANCED_FACE ( 'NONE', ( #5663 ), #2779, .F. ) ;
#6008 = VERTEX_POINT ( 'NONE', #4038 ) ;
#6009 = EDGE_CURVE ( 'NONE', #1175, #7442, #648, .T. ) ;
#6010 = VECTOR ( 'NONE', #7982, 1000.000000000000000 ) ;
#6011 = FILL_AREA_STYLE ('',( #1588 ) ) ;
#6012 = DIRECTION ( 'NONE',  ( -1.000000000000000000, 0.0000000000000000000, -0.0000000000000000000 ) ) ;
#6013 = CIRCLE ( 'NONE', #2989, 0.4500000000000007300 ) ;
#6014 = VERTEX_POINT ( 'NONE', #3980 ) ;
#6015 = CARTESIAN_POINT ( 'NONE',  ( -6.749644660940670200, 2.949999999999999700, 12.97500000000000000 ) ) ;
#6016 = AXIS2_PLACEMENT_3D ( 'NONE', #2646, #91, #3220 ) ;
#6017 = PRESENTATION_LAYER_ASSIGNMENT (  '', '', ( #7724 ) ) ;
#6018 = FILL_AREA_STYLE ('',( #2932 ) ) ;
#6019 = ORIENTED_EDGE ( 'NONE', *, *, #8033, .F. ) ;
#6020 = FACE_OUTER_BOUND ( 'NONE', #2023, .T. ) ;
#6021 = LINE ( 'NONE', #34, #1783 ) ;
#6022 = CARTESIAN_POINT ( 'NONE',  ( 6.985000000000000300, 1.000000000000000000, 12.97500000000000000 ) ) ;
#6023 = DIRECTION ( 'NONE',  ( 0.0000000000000000000, 1.000000000000000000, -0.0000000000000000000 ) ) ;
#6024 = ORIENTED_EDGE ( 'NONE', *, *, #8118, .F. ) ;
#6025 = CARTESIAN_POINT ( 'NONE',  ( -8.255000000000141100, 0.0000000000000000000, 6.004999999999998100 ) ) ;
#6026 = SURFACE_STYLE_FILL_AREA ( #1118 ) ;
#6027 = ORIENTED_EDGE ( 'NONE', *, *, #7617, .F. ) ;
#6028 = AXIS2_PLACEMENT_3D ( 'NONE', #6022, #1572, #325 ) ;
#6029 = EDGE_CURVE ( 'NONE', #7444, #6454, #4198, .T. ) ;
#6030 = ORIENTED_EDGE ( 'NONE', *, *, #4865, .T. ) ;
#6031 = FACE_BOUND ( 'NONE', #5825, .T. ) ;
#6032 = CARTESIAN_POINT ( 'NONE',  ( -9.975000000000051200, 0.0000000000000000000, -5.495000000000000100 ) ) ;
#6033 = ORIENTED_EDGE ( 'NONE', *, *, #5113, .F. ) ;
#6034 = CARTESIAN_POINT ( 'NONE',  ( 6.985000000000000300, 2.609976000000000100, 12.72500000000000100 ) ) ;
#6035 = FILL_AREA_STYLE_COLOUR ( '', #5921 ) ;
#6036 = SURFACE_SIDE_STYLE ('',( #5344 ) ) ;
#6037 = VERTEX_POINT ( 'NONE', #3352 ) ;
#6038 = VECTOR ( 'NONE', #6095, 1000.000000000000000 ) ;
#6039 = VERTEX_POINT ( 'NONE', #4661 ) ;
#6040 = CARTESIAN_POINT ( 'NONE',  ( -9.975000000000051200, 0.0000000000000000000, -5.495000000000000100 ) ) ;
#6041 = CARTESIAN_POINT ( 'NONE',  ( -9.975000000000031600, 0.0000000000000000000, 1.365000000000000000 ) ) ;
#6042 = CARTESIAN_POINT ( 'NONE',  ( -9.975000000000015600, 1.000000000000000000, 4.665000000000000000 ) ) ;
#6043 = ADVANCED_FACE ( 'NONE', ( #2705 ), #219, .F. ) ;
#6044 = FACE_OUTER_BOUND ( 'NONE', #7509, .T. ) ;
#6045 = AXIS2_PLACEMENT_3D ( 'NONE', #1306, #6931, #1993 ) ;
#6046 = FILL_AREA_STYLE_COLOUR ( '', #4167 ) ;
#6047 = EDGE_CURVE ( 'NONE', #1804, #4207, #6668, .T. ) ;
#6048 = LINE ( 'NONE', #5276, #2102 ) ;
#6049 = DIRECTION ( 'NONE',  ( -0.0000000000000000000, -1.000000000000000000, 0.0000000000000000000 ) ) ;
#6050 = VERTEX_POINT ( 'NONE', #2158 ) ;
#6051 = CARTESIAN_POINT ( 'NONE',  ( 8.255000000000114500, 0.0000000000000000000, 8.544999999999991000 ) ) ;
#6052 = DIRECTION ( 'NONE',  ( 0.0000000000000000000, 1.000000000000000000, -0.0000000000000000000 ) ) ;
#6053 = ORIENTED_EDGE ( 'NONE', *, *, #5146, .F. ) ;
#6054 = VECTOR ( 'NONE', #5218, 1000.000000000000000 ) ;
#6055 = AXIS2_PLACEMENT_3D ( 'NONE', #1773, #6825, #8072 ) ;
#6056 = CARTESIAN_POINT ( 'NONE',  ( 7.474999999999970300, 1.000000000000000000, 2.124999999999993300 ) ) ;
#6057 = ORIENTED_EDGE ( 'NONE', *, *, #1053, .T. ) ;
#6058 = FILL_AREA_STYLE_COLOUR ( '', #7125 ) ;
#6059 = LINE ( 'NONE', #6003, #7452 ) ;
#6060 = AXIS2_PLACEMENT_3D ( 'NONE', #5361, #328, #4138 ) ;
#6061 = ORIENTED_EDGE ( 'NONE', *, *, #1367, .F. ) ;
#6062 = EDGE_LOOP ( 'NONE', ( #3755, #8171, #5905, #5583 ) ) ;
#6063 = DIRECTION ( 'NONE',  ( 1.000000000000000000, -0.0000000000000000000, -0.0000000000000000000 ) ) ;
#6064 = ORIENTED_EDGE ( 'NONE', *, *, #7929, .F. ) ;
#6065 = EDGE_CURVE ( 'NONE', #1541, #7576, #6246, .T. ) ;
#6066 = EDGE_CURVE ( 'NONE', #379, #7406, #4971, .T. ) ;
#6067 = DIRECTION ( 'NONE',  ( 0.0000000000000000000, 1.000000000000000000, 0.0000000000000000000 ) ) ;
#6068 = VECTOR ( 'NONE', #702, 1000.000000000000000 ) ;
#6069 = ORIENTED_EDGE ( 'NONE', *, *, #6569, .F. ) ;
#6070 = VERTEX_POINT ( 'NONE', #2095 ) ;
#6071 = ORIENTED_EDGE ( 'NONE', *, *, #187, .F. ) ;
#6072 = DIRECTION ( 'NONE',  ( -4.872818752743839300E-016, -0.0000000000000000000, -1.000000000000000000 ) ) ;
#6073 = DIRECTION ( 'NONE',  ( 0.0000000000000000000, -1.000000000000000000, -0.0000000000000000000 ) ) ;
#6074 = EDGE_CURVE ( 'NONE', #4520, #1499, #2911, .T. ) ;
#6075 = LINE ( 'NONE', #6483, #1737 ) ;
#6076 = CARTESIAN_POINT ( 'NONE',  ( -7.475000000000041400, 0.0000000000000000000, -2.955000000000001000 ) ) ;
#6077 = CARTESIAN_POINT ( 'NONE',  ( 7.474999999999998800, 0.0000000000000000000, 7.204999999999999200 ) ) ;
#6078 = ORIENTED_EDGE ( 'NONE', *, *, #1101, .T. ) ;
#6079 = VERTEX_POINT ( 'NONE', #1549 ) ;
#6080 = DIRECTION ( 'NONE',  ( -0.0000000000000000000, 0.0000000000000000000, 1.000000000000000000 ) ) ;
#6081 = VECTOR ( 'NONE', #6530, 1000.000000000000000 ) ;
#6082 = DIRECTION ( 'NONE',  ( 0.0000000000000000000, 1.000000000000000000, 0.0000000000000000000 ) ) ;
#6083 = LINE ( 'NONE', #5147, #2255 ) ;
#6084 = ADVANCED_FACE ( 'NONE', ( #1037 ), #864, .F. ) ;
#6085 = ORIENTED_EDGE ( 'NONE', *, *, #6982, .T. ) ;
#6086 = ORIENTED_EDGE ( 'NONE', *, *, #5003, .T. ) ;
#6087 = EDGE_LOOP ( 'NONE', ( #169, #7596, #4226, #565 ) ) ;
#6088 = VERTEX_POINT ( 'NONE', #6649 ) ;
#6089 = LINE ( 'NONE', #6889, #4617 ) ;
#6090 = CARTESIAN_POINT ( 'NONE',  ( -8.255000000000132200, 1.000000000000000000, 8.094999999999998900 ) ) ;
#6091 = CARTESIAN_POINT ( 'NONE',  ( -9.975000000000024500, 1.000000000000000000, 3.905000000000000700 ) ) ;
#6092 = AXIS2_PLACEMENT_3D ( 'NONE', #5083, #1313, #5721 ) ;
#6093 = EDGE_CURVE ( 'NONE', #5928, #2000, #1634, .T. ) ;
#6094 = LINE ( 'NONE', #7464, #4426 ) ;
#6095 = DIRECTION ( 'NONE',  ( 1.000000000000000000, -0.0000000000000000000, 0.0000000000000000000 ) ) ;
#6096 = VECTOR ( 'NONE', #7194, 1000.000000000000000 ) ;
#6097 = EDGE_CURVE ( 'NONE', #7564, #900, #1236, .T. ) ;
#6098 = ORIENTED_EDGE ( 'NONE', *, *, #1735, .F. ) ;
#6099 = CARTESIAN_POINT ( 'NONE',  ( -7.474999999999996100, 1.000000000000000000, 11.52500000000000000 ) ) ;
#6100 = VECTOR ( 'NONE', #479, 1000.000000000000000 ) ;
#6101 = DIRECTION ( 'NONE',  ( 1.000000000000000000, 0.0000000000000000000, 0.0000000000000000000 ) ) ;
#6102 = VECTOR ( 'NONE', #736, 1000.000000000000000 ) ;
#6103 = EDGE_LOOP ( 'NONE', ( #8019, #4510, #6555, #7873 ) ) ;
#6104 = ORIENTED_EDGE ( 'NONE', *, *, #3859, .F. ) ;
#6105 = DIRECTION ( 'NONE',  ( -1.000000000000000000, 0.0000000000000000000, 0.0000000000000000000 ) ) ;
#6106 = DIRECTION ( 'NONE',  ( 0.0000000000000000000, 0.0000000000000000000, 1.000000000000000000 ) ) ;
#6107 = VECTOR ( 'NONE', #5433, 1000.000000000000000 ) ;
#6108 = AXIS2_PLACEMENT_3D ( 'NONE', #8026, #5451, #1680 ) ;
#6109 = FACE_OUTER_BOUND ( 'NONE', #2523, .T. ) ;
#6110 = EDGE_CURVE ( 'NONE', #1941, #2745, #7548, .T. ) ;
#6111 = EDGE_CURVE ( 'NONE', #3448, #4224, #6756, .T. ) ;
#6112 = UNCERTAINTY_MEASURE_WITH_UNIT (LENGTH_MEASURE( 1.000000000000000100E-005 ), #4802, 'distance_accuracy_value', 'NONE');
#6113 = CARTESIAN_POINT ( 'NONE',  ( 9.974999999999953500, 0.0000000000000000000, -1.175000000000007600 ) ) ;
#6114 = LINE ( 'NONE', #5808, #5525 ) ;
#6115 = CIRCLE ( 'NONE', #7616, 0.4499999999999999000 ) ;
#6116 = CARTESIAN_POINT ( 'NONE',  ( 7.474999999999995200, 0.0000000000000000000, 3.905000000000000700 ) ) ;
#6117 = CARTESIAN_POINT ( 'NONE',  ( 9.975000000000005000, 1.000000000000000000, 8.984999999999999400 ) ) ;
#6118 = CARTESIAN_POINT ( 'NONE',  ( 8.255000000000123400, 1.000000000000000000, 10.63499999999999100 ) ) ;
#6119 = AXIS2_PLACEMENT_3D ( 'NONE', #7427, #1796, #5593 ) ;
#6120 = AXIS2_PLACEMENT_3D ( 'NONE', #3842, #5178, #1436 ) ;
#6121 = VECTOR ( 'NONE', #2134, 1000.000000000000000 ) ;
#6122 = ADVANCED_FACE ( 'NONE', ( #8147 ), #3520, .F. ) ;
#6123 = FACE_BOUND ( 'NONE', #486, .T. ) ;
#6124 = FILL_AREA_STYLE ('',( #6046 ) ) ;
#6125 = CARTESIAN_POINT ( 'NONE',  ( -7.475000000000009400, 1.000000000000000000, 3.642432017676024400E-015 ) ) ;
#6126 = ORIENTED_EDGE ( 'NONE', *, *, #4173, .F. ) ;
#6127 = DIRECTION ( 'NONE',  ( 1.000000000000000000, -0.0000000000000000000, 0.0000000000000000000 ) ) ;
#6128 = CARTESIAN_POINT ( 'NONE',  ( -9.975000000000060000, 1.000000000000000000, -8.035000000000000100 ) ) ;
#6129 = FACE_OUTER_BOUND ( 'NONE', #938, .T. ) ;
#6130 = ORIENTED_EDGE ( 'NONE', *, *, #344, .T. ) ;
#6131 = EDGE_CURVE ( 'NONE', #1968, #3075, #7353, .T. ) ;
#6132 = DIRECTION ( 'NONE',  ( 1.000000000000000000, -0.0000000000000000000, 0.0000000000000000000 ) ) ;
#6133 = DIRECTION ( 'NONE',  ( 0.0000000000000000000, 0.0000000000000000000, 1.000000000000000000 ) ) ;
#6134 = CARTESIAN_POINT ( 'NONE',  ( 0.0000000000000000000, 0.0000000000000000000, 11.52500000000000000 ) ) ;
#6135 = CYLINDRICAL_SURFACE ( 'NONE', #612, 1.199999999999999700 ) ;
#6136 = ORIENTED_EDGE ( 'NONE', *, *, #4463, .F. ) ;
#6137 = EDGE_CURVE ( 'NONE', #3665, #3061, #6059, .T. ) ;
#6138 = DIRECTION ( 'NONE',  ( 1.000000000000000000, 0.0000000000000000000, -0.0000000000000000000 ) ) ;
#6139 = DIRECTION ( 'NONE',  ( 0.0000000000000000000, 1.000000000000000000, 0.0000000000000000000 ) ) ;
#6140 = FACE_OUTER_BOUND ( 'NONE', #7456, .T. ) ;
#6141 = CARTESIAN_POINT ( 'NONE',  ( 9.975000000000001400, 1.000000000000000000, -3.714999999999999400 ) ) ;
#6142 = FACE_OUTER_BOUND ( 'NONE', #4108, .T. ) ;
#6143 = ORIENTED_EDGE ( 'NONE', *, *, #315, .F. ) ;
#6144 = VECTOR ( 'NONE', #7440, 1000.000000000000000 ) ;
#6145 = DIRECTION ( 'NONE',  ( 0.0000000000000000000, 1.000000000000000000, 0.0000000000000000000 ) ) ;
#6146 = EDGE_LOOP ( 'NONE', ( #679, #436, #149, #4842 ) ) ;
#6147 = DIRECTION ( 'NONE',  ( -1.000000000000000000, 0.0000000000000000000, -0.0000000000000000000 ) ) ;
#6148 = ORIENTED_EDGE ( 'NONE', *, *, #3182, .F. ) ;
#6149 = PLANE ( 'NONE',  #4535 ) ;
#6150 = EDGE_CURVE ( 'NONE', #7083, #3915, #843, .T. ) ;
#6151 = DIRECTION ( 'NONE',  ( 0.0000000000000000000, 1.000000000000000000, -0.0000000000000000000 ) ) ;
#6152 =( NAMED_UNIT ( * ) SI_UNIT ( $, .STERADIAN. ) SOLID_ANGLE_UNIT ( ) );
#6153 = ORIENTED_EDGE ( 'NONE', *, *, #4431, .F. ) ;
#6154 = DIRECTION ( 'NONE',  ( -0.0000000000000000000, 1.000000000000000000, -0.0000000000000000000 ) ) ;
#6155 = VERTEX_POINT ( 'NONE', #2867 ) ;
#6156 = ORIENTED_EDGE ( 'NONE', *, *, #2144, .T. ) ;
#6157 = ADVANCED_FACE ( 'NONE', ( #942 ), #6705, .F. ) ;
#6158 = VERTEX_POINT ( 'NONE', #7362 ) ;
#6159 = PRESENTATION_LAYER_ASSIGNMENT (  '', '', ( #2105 ) ) ;
#6160 = AXIS2_PLACEMENT_3D ( 'NONE', #4732, #6610, #327 ) ;
#6161 = CARTESIAN_POINT ( 'NONE',  ( 7.474999999999998800, 1.000000000000000000, 6.445000000000000300 ) ) ;
#6162 = EDGE_LOOP ( 'NONE', ( #305, #6608, #3731, #3729 ) ) ;
#6163 = EDGE_LOOP ( 'NONE', ( #7028, #80, #7159, #1016 ) ) ;
#6164 = ORIENTED_EDGE ( 'NONE', *, *, #114, .F. ) ;
#6165 = DIRECTION ( 'NONE',  ( -1.000000000000000000, 0.0000000000000000000, 0.0000000000000000000 ) ) ;
#6166 = EDGE_CURVE ( 'NONE', #6397, #1046, #2424, .T. ) ;
#6167 = EDGE_CURVE ( 'NONE', #1358, #3600, #5557, .T. ) ;
#6168 = DIRECTION ( 'NONE',  ( 0.0000000000000000000, 1.000000000000000000, 0.0000000000000000000 ) ) ;
#6169 = DIRECTION ( 'NONE',  ( 0.0000000000000000000, 0.0000000000000000000, -1.000000000000000000 ) ) ;
#6170 = VECTOR ( 'NONE', #2697, 1000.000000000000000 ) ;
#6171 = FACE_OUTER_BOUND ( 'NONE', #1184, .T. ) ;
#6172 = ORIENTED_EDGE ( 'NONE', *, *, #264, .T. ) ;
#6173 = VERTEX_POINT ( 'NONE', #7970 ) ;
#6174 = ORIENTED_EDGE ( 'NONE', *, *, #614, .F. ) ;
#6175 = ORIENTED_EDGE ( 'NONE', *, *, #4850, .T. ) ;
#6176 = DIRECTION ( 'NONE',  ( 0.0000000000000000000, -0.0000000000000000000, -1.000000000000000000 ) ) ;
#6177 = DIRECTION ( 'NONE',  ( -0.0000000000000000000, 1.000000000000000000, -0.0000000000000000000 ) ) ;
#6178 = EDGE_CURVE ( 'NONE', #4403, #7703, #4785, .T. ) ;
#6179 = DIRECTION ( 'NONE',  ( -1.000000000000000000, -0.0000000000000000000, 1.387778780781446500E-015 ) ) ;
#6180 = VECTOR ( 'NONE', #3928, 1000.000000000000000 ) ;
#6181 = FACE_OUTER_BOUND ( 'NONE', #7684, .T. ) ;
#6182 = EDGE_LOOP ( 'NONE', ( #5725, #2541, #3118, #2041 ) ) ;
#6183 = SURFACE_SIDE_STYLE ('',( #6190 ) ) ;
#6184 = VERTEX_POINT ( 'NONE', #414 ) ;
#6185 = CARTESIAN_POINT ( 'NONE',  ( 6.785000000000001000, 1.000000000000000000, 12.73964466094067300 ) ) ;
#6186 = DIRECTION ( 'NONE',  ( 0.0000000000000000000, 0.0000000000000000000, -1.000000000000000000 ) ) ;
#6187 = VERTEX_POINT ( 'NONE', #6034 ) ;
#6188 = FACE_OUTER_BOUND ( 'NONE', #3522, .T. ) ;
#6189 = VERTEX_POINT ( 'NONE', #4822 ) ;
#6190 = SURFACE_STYLE_FILL_AREA ( #725 ) ;
#6191 = CARTESIAN_POINT ( 'NONE',  ( -6.984999999999997700, 2.609976000000000100, 12.77500000000000000 ) ) ;
#6192 = VECTOR ( 'NONE', #1329, 1000.000000000000000 ) ;
#6193 = ADVANCED_FACE ( 'NONE', ( #935 ), #359, .F. ) ;
#6194 = DIRECTION ( 'NONE',  ( 0.0000000000000000000, 0.0000000000000000000, 1.000000000000000000 ) ) ;
#6195 = ORIENTED_EDGE ( 'NONE', *, *, #6264, .F. ) ;
#6196 = CARTESIAN_POINT ( 'NONE',  ( 6.749644660940673700, 2.609976000000000100, -8.535000000000000100 ) ) ;
#6197 = EDGE_CURVE ( 'NONE', #3375, #1733, #5365, .T. ) ;
#6198 = CARTESIAN_POINT ( 'NONE',  ( 6.785000000000001000, 2.949999999999999700, 12.97500000000000000 ) ) ;
#6199 = SURFACE_STYLE_FILL_AREA ( #6011 ) ;
#6200 = ADVANCED_FACE ( 'NONE', ( #3091 ), #7999, .F. ) ;
#6201 = CYLINDRICAL_SURFACE ( 'NONE', #3847, 1.199999999999999700 ) ;
#6202 = DIRECTION ( 'NONE',  ( 0.0000000000000000000, -1.000000000000000000, 0.0000000000000000000 ) ) ;
#6203 =( NAMED_UNIT ( * ) SI_UNIT ( $, .STERADIAN. ) SOLID_ANGLE_UNIT ( ) );
#6204 = ORIENTED_EDGE ( 'NONE', *, *, #4383, .T. ) ;
#6205 = AXIS2_PLACEMENT_3D ( 'NONE', #7245, #4141, #4735 ) ;
#6206 = DIRECTION ( 'NONE',  ( -1.000000000000000000, -0.0000000000000000000, 1.387778780781446500E-015 ) ) ;
#6207 = ORIENTED_EDGE ( 'NONE', *, *, #3954, .F. ) ;
#6208 = LINE ( 'NONE', #1858, #1596 ) ;
#6209 = FACE_OUTER_BOUND ( 'NONE', #7199, .T. ) ;
#6210 = CARTESIAN_POINT ( 'NONE',  ( 7.474999999999930400, 0.0000000000000000000, 3.642432017675985700E-015 ) ) ;
#6211 = CARTESIAN_POINT ( 'NONE',  ( -9.975000000000024500, 0.0000000000000000000, 3.905000000000000700 ) ) ;
#6212 = AXIS2_PLACEMENT_3D ( 'NONE', #5674, #1194, #6866 ) ;
#6213 = EDGE_LOOP ( 'NONE', ( #7174, #3903, #4102, #2123 ) ) ;
#6214 = VECTOR ( 'NONE', #827, 1000.000000000000000 ) ;
#6215 = EDGE_CURVE ( 'NONE', #4195, #8178, #5859, .T. ) ;
#6216 = EDGE_CURVE ( 'NONE', #4142, #873, #140, .T. ) ;
#6217 = EDGE_LOOP ( 'NONE', ( #4715, #5071, #2312, #582 ) ) ;
#6218 = VERTEX_POINT ( 'NONE', #2453 ) ;
#6219 = FACE_OUTER_BOUND ( 'NONE', #7756, .T. ) ;
#6220 = CARTESIAN_POINT ( 'NONE',  ( 7.474999999999995200, 1.000000000000000000, -2.955000000000001000 ) ) ;
#6221 = VERTEX_POINT ( 'NONE', #1187 ) ;
#6222 = AXIS2_PLACEMENT_3D ( 'NONE', #1249, #5649, #5620 ) ;
#6223 = ORIENTED_EDGE ( 'NONE', *, *, #1035, .T. ) ;
#6224 = CARTESIAN_POINT ( 'NONE',  ( -10.77992235650404500, 0.0000000000000000000, 5.554999999999999700 ) ) ;
#6225 = CARTESIAN_POINT ( 'NONE',  ( 0.0000000000000000000, 1.350000000000000100, -11.00500000000000100 ) ) ;
#6226 = PLANE ( 'NONE',  #4607 ) ;
#6227 = VECTOR ( 'NONE', #7932, 1000.000000000000000 ) ;
#6228 = DIRECTION ( 'NONE',  ( -1.000000000000000000, -0.0000000000000000000, 1.387778780781446500E-015 ) ) ;
#6229 = CARTESIAN_POINT ( 'NONE',  ( 10.77992235650398100, 0.0000000000000000000, -2.065000000000007900 ) ) ;
#6230 = ADVANCED_FACE ( 'NONE', ( #8140 ), #4290, .F. ) ;
#6231 = VECTOR ( 'NONE', #6179, 1000.000000000000000 ) ;
#6232 = LINE ( 'NONE', #743, #5753 ) ;
#6233 = DIRECTION ( 'NONE',  ( 0.0000000000000000000, 0.4226182617406936100, 0.9063077870366526000 ) ) ;
#6234 = DIRECTION ( 'NONE',  ( 0.0000000000000000000, 1.000000000000000000, 0.0000000000000000000 ) ) ;
#6235 = ORIENTED_EDGE ( 'NONE', *, *, #1592, .T. ) ;
#6236 = CARTESIAN_POINT ( 'NONE',  ( 6.985000000000000300, 2.700000000000000200, -8.285000000000000100 ) ) ;
#6237 = ADVANCED_FACE ( 'NONE', ( #3193 ), #7246, .F. ) ;
#6238 = VECTOR ( 'NONE', #6082, 1000.000000000000000 ) ;
#6239 = ADVANCED_FACE ( 'NONE', ( #2224 ), #4483, .F. ) ;
#6240 = EDGE_CURVE ( 'NONE', #5585, #2813, #2700, .T. ) ;
#6241 = CIRCLE ( 'NONE', #6428, 0.4500000000000007300 ) ;
#6242 = DIRECTION ( 'NONE',  ( -0.0000000000000000000, -0.0000000000000000000, 1.000000000000000000 ) ) ;
#6243 = ORIENTED_EDGE ( 'NONE', *, *, #696, .F. ) ;
#6244 = EDGE_CURVE ( 'NONE', #2707, #6687, #7443, .T. ) ;
#6245 = DIRECTION ( 'NONE',  ( 0.0000000000000000000, 0.0000000000000000000, 1.000000000000000000 ) ) ;
#6246 = LINE ( 'NONE', #191, #2511 ) ;
#6247 = DIRECTION ( 'NONE',  ( 0.0000000000000000000, 1.000000000000000000, 0.0000000000000000000 ) ) ;
#6248 = ORIENTED_EDGE ( 'NONE', *, *, #2661, .F. ) ;
#6249 = ORIENTED_EDGE ( 'NONE', *, *, #7290, .T. ) ;
#6250 = CARTESIAN_POINT ( 'NONE',  ( -6.984999999999997700, 2.949999999999999700, -8.299644660940671800 ) ) ;
#6251 = CARTESIAN_POINT ( 'NONE',  ( 7.474999999999995200, 0.0000000000000000000, -3.714999999999999400 ) ) ;
#6252 = ORIENTED_EDGE ( 'NONE', *, *, #6493, .T. ) ;
#6253 = DIRECTION ( 'NONE',  ( -0.0000000000000000000, 1.000000000000000000, -0.0000000000000000000 ) ) ;
#6254 = UNCERTAINTY_MEASURE_WITH_UNIT (LENGTH_MEASURE( 1.000000000000000100E-005 ), #2179, 'distance_accuracy_value', 'NONE');
#6255 = FACE_OUTER_BOUND ( 'NONE', #5995, .T. ) ;
#6256 = CARTESIAN_POINT ( 'NONE',  ( 7.474999999999998800, 0.0000000000000000000, 9.745000000000001000 ) ) ;
#6257 = ORIENTED_EDGE ( 'NONE', *, *, #4266, .T. ) ;
#6258 = EDGE_LOOP ( 'NONE', ( #2997, #1421, #650, #4750 ) ) ;
#6259 = MECHANICAL_DESIGN_GEOMETRIC_PRESENTATION_REPRESENTATION (  '', ( #5532 ), #5954 ) ;
#6260 = ORIENTED_EDGE ( 'NONE', *, *, #5485, .F. ) ;
#6261 = ORIENTED_EDGE ( 'NONE', *, *, #7215, .T. ) ;
#6262 = EDGE_CURVE ( 'NONE', #6628, #4686, #7045, .T. ) ;
#6263 = DIRECTION ( 'NONE',  ( 0.0000000000000000000, 1.000000000000000000, 0.0000000000000000000 ) ) ;
#6264 = EDGE_CURVE ( 'NONE', #3051, #2688, #8042, .T. ) ;
#6265 = DIRECTION ( 'NONE',  ( 0.0000000000000000000, 0.0000000000000000000, -1.000000000000000000 ) ) ;
#6266 = CIRCLE ( 'NONE', #1948, 0.4500000000000002900 ) ;
#6267 = DIRECTION ( 'NONE',  ( 0.0000000000000000000, 0.0000000000000000000, 1.000000000000000000 ) ) ;
#6268 = ORIENTED_EDGE ( 'NONE', *, *, #5225, .T. ) ;
#6269 = ORIENTED_EDGE ( 'NONE', *, *, #1784, .T. ) ;
#6270 = ORIENTED_EDGE ( 'NONE', *, *, #5814, .F. ) ;
#6271 = AXIS2_PLACEMENT_3D ( 'NONE', #592, #1247, #7503 ) ;
#6272 = LINE ( 'NONE', #5259, #2628 ) ;
#6273 = DIRECTION ( 'NONE',  ( -0.0000000000000000000, 1.000000000000000000, -0.0000000000000000000 ) ) ;
#6274 = LINE ( 'NONE', #1889, #1362 ) ;
#6275 = ADVANCED_FACE ( 'NONE', ( #3694 ), #1216, .T. ) ;
#6276 = EDGE_LOOP ( 'NONE', ( #3934, #7155, #2680, #2856 ) ) ;
#6277 = DIRECTION ( 'NONE',  ( 0.0000000000000000000, 1.000000000000000000, -0.0000000000000000000 ) ) ;
#6278 = ORIENTED_EDGE ( 'NONE', *, *, #3591, .T. ) ;
#6279 = DIRECTION ( 'NONE',  ( -1.387778780781446500E-015, 0.0000000000000000000, -1.000000000000000000 ) ) ;
#6280 = ORIENTED_EDGE ( 'NONE', *, *, #4155, .F. ) ;
#6281 = PLANE ( 'NONE',  #7337 ) ;
#6282 = ORIENTED_EDGE ( 'NONE', *, *, #3029, .F. ) ;
#6283 = VECTOR ( 'NONE', #3862, 1000.000000000000000 ) ;
#6284 = ADVANCED_FACE ( 'NONE', ( #55 ), #6840, .F. ) ;
#6285 = CARTESIAN_POINT ( 'NONE',  ( -10.77992235650402700, 1.000000000000000000, 10.63500000000000000 ) ) ;
#6286 = AXIS2_PLACEMENT_3D ( 'NONE', #7256, #4072, #3477 ) ;
#6287 = CARTESIAN_POINT ( 'NONE',  ( -7.474999999999997000, 1.000000000000000000, 9.745000000000001000 ) ) ;
#6288 = EDGE_CURVE ( 'NONE', #84, #7406, #2021, .T. ) ;
#6289 = ADVANCED_FACE ( 'NONE', ( #4681 ), #4949, .T. ) ;
#6290 = FACE_OUTER_BOUND ( 'NONE', #2114, .T. ) ;
#6291 = COLOUR_RGB ( '',1.000000000000000000, 0.8117647058823529400, 0.5019607843137254800 ) ;
#6292 = ORIENTED_EDGE ( 'NONE', *, *, #6500, .F. ) ;
#6293 = PLANE ( 'NONE',  #6906 ) ;
#6294 = DIRECTION ( 'NONE',  ( -1.000000000000000000, -0.0000000000000000000, -0.0000000000000000000 ) ) ;
#6295 = CARTESIAN_POINT ( 'NONE',  ( 9.975000000000001400, 1.000000000000000000, 13.47500000000000100 ) ) ;
#6296 = VECTOR ( 'NONE', #5455, 1000.000000000000000 ) ;
#6297 = FACE_OUTER_BOUND ( 'NONE', #7254, .T. ) ;
#6298 = EDGE_CURVE ( 'NONE', #5326, #2249, #1027, .T. ) ;
#6299 = DIRECTION ( 'NONE',  ( 0.0000000000000000000, 0.0000000000000000000, 1.000000000000000000 ) ) ;
#6300 = ORIENTED_EDGE ( 'NONE', *, *, #2277, .T. ) ;
#6301 = ORIENTED_EDGE ( 'NONE', *, *, #4312, .T. ) ;
#6302 = CARTESIAN_POINT ( 'NONE',  ( 7.474999999999995200, 0.0000000000000000000, -8.035000000000000100 ) ) ;
#6303 = LINE ( 'NONE', #2901, #5919 ) ;
#6304 = CARTESIAN_POINT ( 'NONE',  ( -7.475000000000032500, 1.000000000000000000, -0.4150000000000004200 ) ) ;
#6305 = AXIS2_PLACEMENT_3D ( 'NONE', #6399, #1901, #676 ) ;
#6306 = LINE ( 'NONE', #4272, #7505 ) ;
#6307 = DIRECTION ( 'NONE',  ( -1.387778780781446500E-015, 0.0000000000000000000, -1.000000000000000000 ) ) ;
#6308 = CARTESIAN_POINT ( 'NONE',  ( 8.255000000000123400, 0.0000000000000000000, 11.08499999999999200 ) ) ;
#6309 = VECTOR ( 'NONE', #1085, 1000.000000000000000 ) ;
#6310 = DIRECTION ( 'NONE',  ( 1.000000000000000000, 0.0000000000000000000, 0.0000000000000000000 ) ) ;
#6311 = FACE_OUTER_BOUND ( 'NONE', #6670, .T. ) ;
#6312 = AXIS2_PLACEMENT_3D ( 'NONE', #7886, #2747, #3377 ) ;
#6313 = DIRECTION ( 'NONE',  ( 0.0000000000000000000, 0.0000000000000000000, 1.000000000000000000 ) ) ;
#6314 = ORIENTED_EDGE ( 'NONE', *, *, #7013, .T. ) ;
#6315 = VECTOR ( 'NONE', #1531, 1000.000000000000000 ) ;
#6316 = EDGE_CURVE ( 'NONE', #3432, #6371, #2802, .T. ) ;
#6317 = PLANE ( 'NONE',  #7711 ) ;
#6318 = VECTOR ( 'NONE', #7396, 1000.000000000000000 ) ;
#6319 = FACE_BOUND ( 'NONE', #4709, .T. ) ;
#6320 = CARTESIAN_POINT ( 'NONE',  ( 0.0000000000000000000, 1.850000000000000100, -12.33850000000000000 ) ) ;
#6321 = VECTOR ( 'NONE', #3165, 1000.000000000000000 ) ;
#6322 = CARTESIAN_POINT ( 'NONE',  ( -7.475000000000005900, 0.0000000000000000000, 7.204999999999999200 ) ) ;
#6323 = ORIENTED_EDGE ( 'NONE', *, *, #4673, .T. ) ;
#6324 = ORIENTED_EDGE ( 'NONE', *, *, #5551, .T. ) ;
#6325 = CARTESIAN_POINT ( 'NONE',  ( 6.785000000000001000, 2.700000000000000200, 12.97500000000000000 ) ) ;
#6326 = AXIS2_PLACEMENT_3D ( 'NONE', #2860, #959, #351 ) ;
#6327 = CARTESIAN_POINT ( 'NONE',  ( 7.474999999999961500, 1.000000000000000000, -0.4150000000000073600 ) ) ;
#6328 = AXIS2_PLACEMENT_3D ( 'NONE', #715, #3821, #3909 ) ;
#6329 = VECTOR ( 'NONE', #445, 1000.000000000000000 ) ;
#6330 = VECTOR ( 'NONE', #7680, 1000.000000000000000 ) ;
#6331 = EDGE_CURVE ( 'NONE', #86, #4716, #1719, .T. ) ;
#6332 = EDGE_CURVE ( 'NONE', #2442, #1690, #5068, .T. ) ;
#6333 = CARTESIAN_POINT ( 'NONE',  ( -7.474999999999997000, 0.0000000000000000000, 9.745000000000001000 ) ) ;
#6334 = ORIENTED_EDGE ( 'NONE', *, *, #5900, .F. ) ;
#6335 = ADVANCED_FACE ( 'NONE', ( #4100 ), #4276, .F. ) ;
#6336 = DIRECTION ( 'NONE',  ( 0.0000000000000000000, 0.0000000000000000000, 1.000000000000000000 ) ) ;
#6337 = CARTESIAN_POINT ( 'NONE',  ( 8.255000000000096700, 1.000000000000000000, 3.464999999999991900 ) ) ;
#6338 = AXIS2_PLACEMENT_3D ( 'NONE', #7046, #155, #3291 ) ;
#6339 = VECTOR ( 'NONE', #5832, 1000.000000000000000 ) ;
#6340 = ORIENTED_EDGE ( 'NONE', *, *, #4834, .T. ) ;
#6341 = EDGE_CURVE ( 'NONE', #6767, #1063, #547, .T. ) ;
#6342 = DIRECTION ( 'NONE',  ( 1.000000000000000000, -0.0000000000000000000, 0.0000000000000000000 ) ) ;
#6343 = DIRECTION ( 'NONE',  ( -0.0000000000000000000, -1.000000000000000000, 0.0000000000000000000 ) ) ;
#6344 = DIRECTION ( 'NONE',  ( 0.0000000000000000000, -0.0000000000000000000, -1.000000000000000000 ) ) ;
#6345 = PLANE ( 'NONE',  #4496 ) ;
#6346 = DIRECTION ( 'NONE',  ( -1.000000000000000000, 0.0000000000000000000, 0.0000000000000000000 ) ) ;
#6347 = VECTOR ( 'NONE', #4214, 1000.000000000000000 ) ;
#6348 = PLANE ( 'NONE',  #1431 ) ;
#6349 = CARTESIAN_POINT ( 'NONE',  ( -9.975000000000031600, 0.0000000000000000000, -0.4150000000000004200 ) ) ;
#6350 = VERTEX_POINT ( 'NONE', #4248 ) ;
#6351 = DIRECTION ( 'NONE',  ( -0.0000000000000000000, 1.000000000000000000, -0.0000000000000000000 ) ) ;
#6352 = LINE ( 'NONE', #7750, #7744 ) ;
#6353 = ORIENTED_EDGE ( 'NONE', *, *, #6539, .F. ) ;
#6354 = DIRECTION ( 'NONE',  ( -0.0000000000000000000, -0.0000000000000000000, 1.000000000000000000 ) ) ;
#6355 = AXIS2_PLACEMENT_3D ( 'NONE', #6852, #8094, #515 ) ;
#6356 = EDGE_CURVE ( 'NONE', #6677, #3829, #6352, .T. ) ;
#6357 = COLOUR_RGB ( '',0.2509803921568627400, 0.2509803921568627400, 0.2509803921568627400 ) ;
#6358 = DIRECTION ( 'NONE',  ( 0.0000000000000000000, -0.0000000000000000000, -1.000000000000000000 ) ) ;
#6359 = ORIENTED_EDGE ( 'NONE', *, *, #4895, .F. ) ;
#6360 = EDGE_LOOP ( 'NONE', ( #7421, #6027, #4346, #3524 ) ) ;
#6361 = ORIENTED_EDGE ( 'NONE', *, *, #1784, .F. ) ;
#6362 = CARTESIAN_POINT ( 'NONE',  ( 0.0000000000000000000, 0.0000000000000000000, -5.495000000000007200 ) ) ;
#6363 = ORIENTED_EDGE ( 'NONE', *, *, #1712, .T. ) ;
#6364 = UNCERTAINTY_MEASURE_WITH_UNIT (LENGTH_MEASURE( 1.000000000000000100E-005 ), #4277, 'distance_accuracy_value', 'NONE');
#6365 = CARTESIAN_POINT ( 'NONE',  ( 7.474999999999995200, 0.0000000000000000000, -0.4150000000000004200 ) ) ;
#6366 = AXIS2_PLACEMENT_3D ( 'NONE', #3159, #7027, #751 ) ;
#6367 = LINE ( 'NONE', #5266, #5076 ) ;
#6368 = DIRECTION ( 'NONE',  ( -1.000000000000000000, -0.0000000000000000000, -0.0000000000000000000 ) ) ;
#6369 = ORIENTED_EDGE ( 'NONE', *, *, #7026, .F. ) ;
#6370 = VERTEX_POINT ( 'NONE', #3049 ) ;
#6371 = VERTEX_POINT ( 'NONE', #5174 ) ;
#6372 = DIRECTION ( 'NONE',  ( -0.0000000000000000000, 0.0000000000000000000, 1.000000000000000000 ) ) ;
#6373 = ADVANCED_FACE ( 'NONE', ( #1810 ), #3389, .F. ) ;
#6374 = CARTESIAN_POINT ( 'NONE',  ( 0.0000000000000000000, 1.350000000000000100, 0.0000000000000000000 ) ) ;
#6375 = LINE ( 'NONE', #120, #1158 ) ;
#6376 = VECTOR ( 'NONE', #6804, 1000.000000000000000 ) ;
#6377 = AXIS2_PLACEMENT_3D ( 'NONE', #7895, #2191, #4116 ) ;
#6378 = ORIENTED_EDGE ( 'NONE', *, *, #6691, .F. ) ;
#6379 = ORIENTED_EDGE ( 'NONE', *, *, #6047, .F. ) ;
#6380 = EDGE_LOOP ( 'NONE', ( #499, #3197 ) ) ;
#6381 = ADVANCED_FACE ( 'NONE', ( #7539 ), #185, .F. ) ;
#6382 = EDGE_CURVE ( 'NONE', #2647, #4032, #6448, .T. ) ;
#6383 = CARTESIAN_POINT ( 'NONE',  ( -7.475000000000005900, 0.0000000000000000000, 7.204999999999999200 ) ) ;
#6384 = EDGE_CURVE ( 'NONE', #5424, #2641, #3494, .T. ) ;
#6385 = DIRECTION ( 'NONE',  ( 1.000000000000000000, 0.0000000000000000000, 0.0000000000000000000 ) ) ;
#6386 = CARTESIAN_POINT ( 'NONE',  ( -6.784999999999997500, 2.700000000000000200, 12.97500000000000000 ) ) ;
#6387 = VERTEX_POINT ( 'NONE', #2690 ) ;
#6388 = VECTOR ( 'NONE', #3781, 1000.000000000000000 ) ;
#6389 = ORIENTED_EDGE ( 'NONE', *, *, #264, .F. ) ;
#6390 = CARTESIAN_POINT ( 'NONE',  ( -9.975000000000024500, 0.0000000000000000000, 3.905000000000000700 ) ) ;
#6391 = VERTEX_POINT ( 'NONE', #4595 ) ;
#6392 = AXIS2_PLACEMENT_3D ( 'NONE', #8176, #704, #3191 ) ;
#6393 = CARTESIAN_POINT ( 'NONE',  ( 6.985000000000000300, 1.000000000000000000, 12.73964466094067300 ) ) ;
#6394 = ORIENTED_EDGE ( 'NONE', *, *, #3029, .T. ) ;
#6395 = VECTOR ( 'NONE', #6233, 1000.000000000000100 ) ;
#6396 =( NAMED_UNIT ( * ) SI_UNIT ( $, .STERADIAN. ) SOLID_ANGLE_UNIT ( ) );
#6397 = VERTEX_POINT ( 'NONE', #5148 ) ;
#6398 = DIRECTION ( 'NONE',  ( 0.0000000000000000000, 0.0000000000000000000, 1.000000000000000000 ) ) ;
#6399 = CARTESIAN_POINT ( 'NONE',  ( 8.255000000000105600, 1.000000000000000000, 5.554999999999991700 ) ) ;
#6400 = LINE ( 'NONE', #7197, #2853 ) ;
#6401 = VECTOR ( 'NONE', #2569, 1000.000000000000000 ) ;
#6402 = PLANE ( 'NONE',  #8041 ) ;
#6403 = EDGE_LOOP ( 'NONE', ( #3635, #4260, #4356, #1265 ) ) ;
#6404 = EDGE_CURVE ( 'NONE', #2000, #3275, #4964, .T. ) ;
#6405 = DIRECTION ( 'NONE',  ( 0.0000000000000000000, 1.000000000000000000, 0.0000000000000000000 ) ) ;
#6406 = DIRECTION ( 'NONE',  ( -0.0000000000000000000, -0.0000000000000000000, -1.000000000000000000 ) ) ;
#6407 = VECTOR ( 'NONE', #5294, 1000.000000000000000 ) ;
#6408 = DIRECTION ( 'NONE',  ( -0.0000000000000000000, 1.000000000000000000, -0.0000000000000000000 ) ) ;
#6409 = DIRECTION ( 'NONE',  ( -0.0000000000000000000, 1.000000000000000000, -0.0000000000000000000 ) ) ;
#6410 = ORIENTED_EDGE ( 'NONE', *, *, #7314, .T. ) ;
#6411 = MECHANICAL_DESIGN_GEOMETRIC_PRESENTATION_REPRESENTATION (  '', ( #1453 ), #7260 ) ;
#6412 = PLANE ( 'NONE',  #3115 ) ;
#6413 = EDGE_CURVE ( 'NONE', #651, #2249, #4871, .T. ) ;
#6414 = PLANE ( 'NONE',  #6760 ) ;
#6415 = EDGE_LOOP ( 'NONE', ( #5304, #4722 ) ) ;
#6416 = FACE_OUTER_BOUND ( 'NONE', #4893, .T. ) ;
#6417 = CARTESIAN_POINT ( 'NONE',  ( 1.905000000000000000, 1.000000000000000000, -9.415000000000000900 ) ) ;
#6418 = EDGE_CURVE ( 'NONE', #3111, #1262, #747, .T. ) ;
#6419 = LINE ( 'NONE', #2590, #4935 ) ;
#6420 = ADVANCED_FACE ( 'NONE', ( #3002 ), #781, .F. ) ;
#6421 = LINE ( 'NONE', #6662, #3351 ) ;
#6422 = CARTESIAN_POINT ( 'NONE',  ( -7.475000000000049400, 1.000000000000000000, -3.714999999999999400 ) ) ;
#6423 = VERTEX_POINT ( 'NONE', #6417 ) ;
#6424 = CIRCLE ( 'NONE', #3064, 0.4500000000000007300 ) ;
#6425 = ORIENTED_EDGE ( 'NONE', *, *, #1698, .F. ) ;
#6426 = ORIENTED_EDGE ( 'NONE', *, *, #6615, .T. ) ;
#6427 = DIRECTION ( 'NONE',  ( 0.0000000000000000000, 1.000000000000000000, 0.0000000000000000000 ) ) ;
#6428 = AXIS2_PLACEMENT_3D ( 'NONE', #5606, #1861, #1285 ) ;
#6429 = LINE ( 'NONE', #7146, #6121 ) ;
#6430 = FACE_BOUND ( 'NONE', #6956, .T. ) ;
#6431 = DIRECTION ( 'NONE',  ( 0.0000000000000000000, 0.0000000000000000000, -1.000000000000000000 ) ) ;
#6432 = EDGE_LOOP ( 'NONE', ( #858, #2633, #2725, #3808 ) ) ;
#6433 = EDGE_CURVE ( 'NONE', #4684, #2448, #1326, .T. ) ;
#6434 = CARTESIAN_POINT ( 'NONE',  ( -6.734999999999996800, 2.700000000000000200, -8.285000000000001900 ) ) ;
#6435 = DIRECTION ( 'NONE',  ( -4.872818752743839300E-016, 0.0000000000000000000, -1.000000000000000000 ) ) ;
#6436 = ORIENTED_EDGE ( 'NONE', *, *, #815, .F. ) ;
#6437 = DIRECTION ( 'NONE',  ( 0.0000000000000000000, 0.0000000000000000000, -1.000000000000000000 ) ) ;
#6438 = FACE_BOUND ( 'NONE', #168, .T. ) ;
#6439 = ORIENTED_EDGE ( 'NONE', *, *, #4580, .F. ) ;
#6440 = CARTESIAN_POINT ( 'NONE',  ( -7.475000000000039600, 0.0000000000000000000, 3.642432017676039400E-015 ) ) ;
#6441 = SURFACE_STYLE_FILL_AREA ( #741 ) ;
#6442 = FACE_OUTER_BOUND ( 'NONE', #6574, .T. ) ;
#6443 = EDGE_LOOP ( 'NONE', ( #1156, #6614, #1154, #7780 ) ) ;
#6444 = DIRECTION ( 'NONE',  ( 0.0000000000000000000, 1.000000000000000000, 0.0000000000000000000 ) ) ;
#6445 = SURFACE_STYLE_USAGE ( .BOTH. , #6472 ) ;
#6446 = AXIS2_PLACEMENT_3D ( 'NONE', #2572, #3198, #714 ) ;
#6447 = VERTEX_POINT ( 'NONE', #1237 ) ;
#6448 = LINE ( 'NONE', #7700, #5169 ) ;
#6449 = EDGE_CURVE ( 'NONE', #6554, #3939, #1528, .T. ) ;
#6450 = VECTOR ( 'NONE', #5191, 1000.000000000000000 ) ;
#6451 = ORIENTED_EDGE ( 'NONE', *, *, #2034, .T. ) ;
#6452 = ORIENTED_EDGE ( 'NONE', *, *, #7025, .T. ) ;
#6453 = VECTOR ( 'NONE', #2294, 1000.000000000000000 ) ;
#6454 = VERTEX_POINT ( 'NONE', #3894 ) ;
#6455 = VERTEX_POINT ( 'NONE', #3949 ) ;
#6456 = VERTEX_POINT ( 'NONE', #112 ) ;
#6457 = DIRECTION ( 'NONE',  ( 0.0000000000000000000, 1.000000000000000000, -0.0000000000000000000 ) ) ;
#6458 = ADVANCED_FACE ( 'NONE', ( #1426 ), #829, .F. ) ;
#6459 = EDGE_CURVE ( 'NONE', #1785, #4570, #3289, .T. ) ;
#6460 = DIRECTION ( 'NONE',  ( 0.0000000000000000000, 1.000000000000000000, 0.0000000000000000000 ) ) ;
#6461 = VECTOR ( 'NONE', #144, 1000.000000000000000 ) ;
#6462 = DIRECTION ( 'NONE',  ( 0.0000000000000000000, 0.0000000000000000000, -1.000000000000000000 ) ) ;
#6463 = ORIENTED_EDGE ( 'NONE', *, *, #6178, .F. ) ;
#6464 = ORIENTED_EDGE ( 'NONE', *, *, #7863, .T. ) ;
#6465 = ORIENTED_EDGE ( 'NONE', *, *, #8032, .F. ) ;
#6466 = VERTEX_POINT ( 'NONE', #3099 ) ;
#6467 = AXIS2_PLACEMENT_3D ( 'NONE', #3526, #7291, #339 ) ;
#6468 = EDGE_CURVE ( 'NONE', #859, #3028, #1806, .T. ) ;
#6469 = DIRECTION ( 'NONE',  ( 0.0000000000000000000, 1.000000000000000000, 0.0000000000000000000 ) ) ;
#6470 = VECTOR ( 'NONE', #932, 1000.000000000000000 ) ;
#6471 = DIRECTION ( 'NONE',  ( 0.0000000000000000000, 1.000000000000000000, 0.0000000000000000000 ) ) ;
#6472 = SURFACE_SIDE_STYLE ('',( #5200 ) ) ;
#6473 = ORIENTED_EDGE ( 'NONE', *, *, #6418, .T. ) ;
#6474 = ORIENTED_EDGE ( 'NONE', *, *, #2321, .F. ) ;
#6475 = ORIENTED_EDGE ( 'NONE', *, *, #3642, .F. ) ;
#6476 = AXIS2_PLACEMENT_3D ( 'NONE', #7797, #7153, #6576 ) ;
#6477 = CLOSED_SHELL ( 'NONE', ( #4966, #1632, #974, #3599, #6634, #6237, #5618, #7420 ) ) ;
#6478 = PLANE ( 'NONE',  #3784 ) ;
#6479 = CIRCLE ( 'NONE', #4756, 0.2000000000000005100 ) ;
#6480 = LINE ( 'NONE', #3294, #7476 ) ;
#6481 = CARTESIAN_POINT ( 'NONE',  ( -8.255000000000185500, 1.000000000000000000, -7.145000000000002200 ) ) ;
#6482 = CLOSED_SHELL ( 'NONE', ( #5429, #3316, #3736, #5089, #4926, #5671, #2488, #7721 ) ) ;
#6483 = CARTESIAN_POINT ( 'NONE',  ( 9.975000000000006800, 0.0000000000000000000, 11.52500000000000000 ) ) ;
#6484 = ORIENTED_EDGE ( 'NONE', *, *, #7449, .T. ) ;
#6485 = ORIENTED_EDGE ( 'NONE', *, *, #4126, .F. ) ;
#6486 = VERTEX_POINT ( 'NONE', #5363 ) ;
#6487 = CARTESIAN_POINT ( 'NONE',  ( -6.734999999999996800, 2.700000000000000200, 12.72500000000000100 ) ) ;
#6488 = CARTESIAN_POINT ( 'NONE',  ( 8.255000000000070100, 1.000000000000000000, -5.055000000000008600 ) ) ;
#6489 = AXIS2_PLACEMENT_3D ( 'NONE', #4473, #1933, #7570 ) ;
#6490 = LINE ( 'NONE', #6322, #3038 ) ;
#6491 = CARTESIAN_POINT ( 'NONE',  ( -6.734999999999996800, 2.700000000000000200, 12.72500000000000100 ) ) ;
#6492 = EDGE_CURVE ( 'NONE', #2038, #5173, #7839, .T. ) ;
#6493 = EDGE_CURVE ( 'NONE', #4115, #7371, #7437, .T. ) ;
#6494 = CARTESIAN_POINT ( 'NONE',  ( -9.975000000000024500, 1.000000000000000000, 2.125000000000000000 ) ) ;
#6495 = DIRECTION ( 'NONE',  ( -1.000000000000000000, 0.0000000000000000000, -4.872818752743839300E-016 ) ) ;
#6496 = VECTOR ( 'NONE', #691, 1000.000000000000000 ) ;
#6497 = FACE_OUTER_BOUND ( 'NONE', #2830, .T. ) ;
#6498 = CARTESIAN_POINT ( 'NONE',  ( -9.975000000000042300, 1.000000000000000000, -1.175000000000000700 ) ) ;
#6499 = ORIENTED_EDGE ( 'NONE', *, *, #2951, .T. ) ;
#6500 = EDGE_CURVE ( 'NONE', #1825, #3067, #6940, .T. ) ;
#6501 = CARTESIAN_POINT ( 'NONE',  ( 7.474999999999995200, 1.000000000000000000, -8.035000000000000100 ) ) ;
#6502 = LINE ( 'NONE', #590, #5422 ) ;
#6503 = PLANE ( 'NONE',  #6016 ) ;
#6504 = VECTOR ( 'NONE', #2512, 1000.000000000000000 ) ;
#6505 = ADVANCED_FACE ( 'NONE', ( #134 ), #7804, .F. ) ;
#6506 = ORIENTED_EDGE ( 'NONE', *, *, #4367, .T. ) ;
#6507 = DIRECTION ( 'NONE',  ( -1.000000000000000000, 0.0000000000000000000, -0.0000000000000000000 ) ) ;
#6508 = LINE ( 'NONE', #7818, #296 ) ;
#6509 = DIRECTION ( 'NONE',  ( -1.000000000000000000, 0.0000000000000000000, 0.0000000000000000000 ) ) ;
#6510 = CARTESIAN_POINT ( 'NONE',  ( 0.0000000000000000000, 1.000000000000000000, 0.0000000000000000000 ) ) ;
#6511 = FACE_OUTER_BOUND ( 'NONE', #2161, .T. ) ;
#6512 = ORIENTED_EDGE ( 'NONE', *, *, #4266, .F. ) ;
#6513 = CARTESIAN_POINT ( 'NONE',  ( -6.749644660940670200, 1.000000000000000000, 12.77500000000000000 ) ) ;
#6514 = CARTESIAN_POINT ( 'NONE',  ( -9.975000000000042300, 1.000000000000000000, -2.955000000000001000 ) ) ;
#6515 = VECTOR ( 'NONE', #7952, 1000.000000000000000 ) ;
#6516 = FILL_AREA_STYLE ('',( #3395 ) ) ;
#6517 = ORIENTED_EDGE ( 'NONE', *, *, #5992, .F. ) ;
#6518 = AXIS2_PLACEMENT_3D ( 'NONE', #3654, #3620, #1341 ) ;
#6519 = ORIENTED_EDGE ( 'NONE', *, *, #1687, .T. ) ;
#6520 = CARTESIAN_POINT ( 'NONE',  ( -7.475000000000031600, 0.0000000000000000000, 1.365000000000000000 ) ) ;
#6521 = EDGE_CURVE ( 'NONE', #1887, #281, #3789, .T. ) ;
#6522 = DIRECTION ( 'NONE',  ( -1.000000000000000000, 0.0000000000000000000, -0.0000000000000000000 ) ) ;
#6523 = CARTESIAN_POINT ( 'NONE',  ( 10.77992235650400100, 1.000000000000000000, 3.014999999999993500 ) ) ;
#6524 = VECTOR ( 'NONE', #3390, 1000.000000000000000 ) ;
#6525 = EDGE_CURVE ( 'NONE', #6350, #2813, #3896, .T. ) ;
#6526 = LINE ( 'NONE', #4443, #5039 ) ;
#6527 = EDGE_LOOP ( 'NONE', ( #783, #4089, #106, #7380 ) ) ;
#6528 = CARTESIAN_POINT ( 'NONE',  ( 0.0000000000000000000, 0.0000000000000000000, 1.364999999999992900 ) ) ;
#6529 = CARTESIAN_POINT ( 'NONE',  ( -9.974999999999997900, 1.000000000000000000, 9.745000000000001000 ) ) ;
#6530 = DIRECTION ( 'NONE',  ( 1.000000000000000000, 0.0000000000000000000, 0.0000000000000000000 ) ) ;
#6531 = LINE ( 'NONE', #6678, #3473 ) ;
#6532 = ORIENTED_EDGE ( 'NONE', *, *, #6065, .F. ) ;
#6533 = AXIS2_PLACEMENT_3D ( 'NONE', #7029, #4466, #700 ) ;
#6534 = DIRECTION ( 'NONE',  ( 0.0000000000000000000, -1.000000000000000000, -0.0000000000000000000 ) ) ;
#6535 = COLOUR_RGB ( '',1.000000000000000000, 0.8117647058823529400, 0.5019607843137254800 ) ;
#6536 = DIRECTION ( 'NONE',  ( 0.0000000000000000000, 1.000000000000000000, 0.0000000000000000000 ) ) ;
#6537 = LINE ( 'NONE', #5468, #8027 ) ;
#6538 = EDGE_CURVE ( 'NONE', #5701, #635, #4284, .T. ) ;
#6539 = EDGE_CURVE ( 'NONE', #4224, #8028, #541, .T. ) ;
#6540 = ORIENTED_EDGE ( 'NONE', *, *, #3693, .F. ) ;
#6541 = CARTESIAN_POINT ( 'NONE',  ( 9.974999999999994300, 1.000000000000000000, -5.495000000000003700 ) ) ;
#6542 = FILL_AREA_STYLE ('',( #320 ) ) ;
#6543 = CARTESIAN_POINT ( 'NONE',  ( -6.984999999999997700, 2.949999999999999700, 12.97500000000000000 ) ) ;
#6544 = ADVANCED_FACE ( 'NONE', ( #7037 ), #6582, .F. ) ;
#6545 = VECTOR ( 'NONE', #524, 1000.000000000000000 ) ;
#6546 = AXIS2_PLACEMENT_3D ( 'NONE', #6792, #6139, #4258 ) ;
#6547 = LINE ( 'NONE', #860, #1713 ) ;
#6548 = DIRECTION ( 'NONE',  ( -1.000000000000000000, 0.0000000000000000000, 0.0000000000000000000 ) ) ;
#6549 = CARTESIAN_POINT ( 'NONE',  ( -7.475000000000032500, 0.0000000000000000000, -0.4150000000000004200 ) ) ;
#6550 = ORIENTED_EDGE ( 'NONE', *, *, #2849, .F. ) ;
#6551 = CARTESIAN_POINT ( 'NONE',  ( 0.0000000000000000000, 0.0000000000000000000, -2.955000000000001000 ) ) ;
#6552 = VECTOR ( 'NONE', #3924, 1000.000000000000000 ) ;
#6553 = CARTESIAN_POINT ( 'NONE',  ( 9.975000000000001400, 0.0000000000000000000, 13.47500000000000100 ) ) ;
#6554 = VERTEX_POINT ( 'NONE', #1487 ) ;
#6555 = ORIENTED_EDGE ( 'NONE', *, *, #4330, .T. ) ;
#6556 = CARTESIAN_POINT ( 'NONE',  ( -10.77992235650405200, 1.000000000000000000, 3.015000000000000100 ) ) ;
#6557 = CARTESIAN_POINT ( 'NONE',  ( 7.474999999999941900, 0.0000000000000000000, 3.642432017675991300E-015 ) ) ;
#6558 = ORIENTED_EDGE ( 'NONE', *, *, #5470, .T. ) ;
#6559 = CARTESIAN_POINT ( 'NONE',  ( 0.0000000000000000000, 1.000000000000000000, 9.744999999999993900 ) ) ;
#6560 = EDGE_CURVE ( 'NONE', #769, #7074, #7347, .T. ) ;
#6561 = VECTOR ( 'NONE', #7202, 1000.000000000000000 ) ;
#6562 =( NAMED_UNIT ( * ) SI_UNIT ( $, .STERADIAN. ) SOLID_ANGLE_UNIT ( ) );
#6563 = ORIENTED_EDGE ( 'NONE', *, *, #5749, .T. ) ;
#6564 = VERTEX_POINT ( 'NONE', #7157 ) ;
#6565 = VERTEX_POINT ( 'NONE', #1543 ) ;
#6566 = VERTEX_POINT ( 'NONE', #4086 ) ;
#6567 = CARTESIAN_POINT ( 'NONE',  ( 0.0000000000000000000, 1.000000000000000000, 0.0000000000000000000 ) ) ;
#6568 = CARTESIAN_POINT ( 'NONE',  ( -6.784999999999997500, 2.949999999999999700, 12.97500000000000000 ) ) ;
#6569 = EDGE_CURVE ( 'NONE', #4215, #7083, #2013, .T. ) ;
#6570 = LINE ( 'NONE', #1827, #7161 ) ;
#6571 = ORIENTED_EDGE ( 'NONE', *, *, #3861, .F. ) ;
#6572 = ORIENTED_EDGE ( 'NONE', *, *, #6131, .T. ) ;
#6573 = CARTESIAN_POINT ( 'NONE',  ( 6.985000000000000300, 2.700000000000000200, -8.285000000000000100 ) ) ;
#6574 = EDGE_LOOP ( 'NONE', ( #5105, #4210, #3922, #2300 ) ) ;
#6575 = EDGE_CURVE ( 'NONE', #7048, #2716, #3487, .T. ) ;
#6576 = DIRECTION ( 'NONE',  ( -4.872818752743839300E-016, 0.0000000000000000000, 1.000000000000000000 ) ) ;
#6577 = DIRECTION ( 'NONE',  ( 0.0000000000000000000, 1.000000000000000000, -0.0000000000000000000 ) ) ;
#6578 = CARTESIAN_POINT ( 'NONE',  ( 7.474999999999995200, 1.000000000000000000, -1.175000000000000700 ) ) ;
#6579 = FACE_OUTER_BOUND ( 'NONE', #1820, .T. ) ;
#6580 = DIRECTION ( 'NONE',  ( 0.0000000000000000000, 0.0000000000000000000, 1.000000000000000000 ) ) ;
#6581 = LINE ( 'NONE', #2958, #6376 ) ;
#6582 = PLANE ( 'NONE',  #4217 ) ;
#6583 = ORIENTED_EDGE ( 'NONE', *, *, #5413, .T. ) ;
#6584 = ORIENTED_EDGE ( 'NONE', *, *, #7075, .F. ) ;
#6585 = ORIENTED_EDGE ( 'NONE', *, *, #2039, .T. ) ;
#6586 = DIRECTION ( 'NONE',  ( 0.0000000000000000000, 0.0000000000000000000, 1.000000000000000000 ) ) ;
#6587 = VERTEX_POINT ( 'NONE', #7217 ) ;
#6588 = VECTOR ( 'NONE', #3162, 1000.000000000000000 ) ;
#6589 = DIRECTION ( 'NONE',  ( -0.0000000000000000000, 1.000000000000000000, -0.0000000000000000000 ) ) ;
#6590 = CARTESIAN_POINT ( 'NONE',  ( -7.475000000000050300, 1.000000000000000000, -5.495000000000000100 ) ) ;
#6591 = ORIENTED_EDGE ( 'NONE', *, *, #3814, .F. ) ;
#6592 = ADVANCED_FACE ( 'NONE', ( #3684 ), #5763, .F. ) ;
#6593 = ORIENTED_EDGE ( 'NONE', *, *, #1198, .T. ) ;
#6594 = ORIENTED_EDGE ( 'NONE', *, *, #6917, .T. ) ;
#6595 = EDGE_CURVE ( 'NONE', #1840, #8028, #5952, .T. ) ;
#6596 = ORIENTED_EDGE ( 'NONE', *, *, #7262, .F. ) ;
#6597 = LINE ( 'NONE', #105, #4522 ) ;
#6598 = ORIENTED_EDGE ( 'NONE', *, *, #5576, .T. ) ;
#6599 = DIRECTION ( 'NONE',  ( -0.0000000000000000000, -1.000000000000000000, 0.0000000000000000000 ) ) ;
#6600 = DIRECTION ( 'NONE',  ( -1.000000000000000000, 0.0000000000000000000, -0.0000000000000000000 ) ) ;
#6601 = CARTESIAN_POINT ( 'NONE',  ( 0.0000000000000000000, 0.0000000000000000000, 7.204999999999999200 ) ) ;
#6602 = AXIS2_PLACEMENT_3D ( 'NONE', #2967, #1865, #5006 ) ;
#6603 = FACE_OUTER_BOUND ( 'NONE', #4148, .T. ) ;
#6604 = DIRECTION ( 'NONE',  ( 4.872818752743839300E-016, 0.0000000000000000000, 1.000000000000000000 ) ) ;
#6605 = LINE ( 'NONE', #3225, #4921 ) ;
#6606 = EDGE_CURVE ( 'NONE', #4981, #4304, #4095, .T. ) ;
#6607 = EDGE_CURVE ( 'NONE', #1846, #6564, #1319, .T. ) ;
#6608 = ORIENTED_EDGE ( 'NONE', *, *, #6660, .F. ) ;
#6609 = PLANE ( 'NONE',  #3650 ) ;
#6610 = DIRECTION ( 'NONE',  ( 0.0000000000000000000, 1.000000000000000000, -0.0000000000000000000 ) ) ;
#6611 = DIRECTION ( 'NONE',  ( -1.000000000000000000, 0.0000000000000000000, 0.0000000000000000000 ) ) ;
#6612 = DIRECTION ( 'NONE',  ( -0.0000000000000000000, -0.0000000000000000000, -1.000000000000000000 ) ) ;
#6613 = FACE_OUTER_BOUND ( 'NONE', #3189, .T. ) ;
#6614 = ORIENTED_EDGE ( 'NONE', *, *, #3972, .F. ) ;
#6615 = EDGE_CURVE ( 'NONE', #4018, #3869, #7239, .T. ) ;
#6616 = DIRECTION ( 'NONE',  ( 0.0000000000000000000, 0.0000000000000000000, 1.000000000000000000 ) ) ;
#6617 = DIRECTION ( 'NONE',  ( 0.0000000000000000000, 1.000000000000000000, 0.0000000000000000000 ) ) ;
#6618 = ORIENTED_EDGE ( 'NONE', *, *, #511, .F. ) ;
#6619 = VECTOR ( 'NONE', #8097, 1000.000000000000000 ) ;
#6620 = ORIENTED_EDGE ( 'NONE', *, *, #1766, .T. ) ;
#6621 = VECTOR ( 'NONE', #4920, 1000.000000000000000 ) ;
#6622 = SURFACE_SIDE_STYLE ('',( #6199 ) ) ;
#6623 = LINE ( 'NONE', #4878, #7507 ) ;
#6624 = FILL_AREA_STYLE_COLOUR ( '', #248 ) ;
#6625 = ORIENTED_EDGE ( 'NONE', *, *, #4978, .F. ) ;
#6626 = LINE ( 'NONE', #7696, #5033 ) ;
#6627 = CARTESIAN_POINT ( 'NONE',  ( -6.984999999999997700, 2.609976000000000100, 12.73964466094067300 ) ) ;
#6628 = VERTEX_POINT ( 'NONE', #437 ) ;
#6629 = ORIENTED_EDGE ( 'NONE', *, *, #5652, .T. ) ;
#6630 = PLANE ( 'NONE',  #2532 ) ;
#6631 = UNCERTAINTY_MEASURE_WITH_UNIT (LENGTH_MEASURE( 1.000000000000000100E-005 ), #7905, 'distance_accuracy_value', 'NONE');
#6632 = DIRECTION ( 'NONE',  ( 0.0000000000000000000, 0.0000000000000000000, 1.000000000000000000 ) ) ;
#6633 = VECTOR ( 'NONE', #7919, 1000.000000000000000 ) ;
#6634 = ADVANCED_FACE ( 'NONE', ( #6140 ), #336, .F. ) ;
#6635 = ORIENTED_EDGE ( 'NONE', *, *, #1844, .F. ) ;
#6636 = VERTEX_POINT ( 'NONE', #1017 ) ;
#6637 = AXIS2_PLACEMENT_3D ( 'NONE', #225, #5876, #3301 ) ;
#6638 = DIRECTION ( 'NONE',  ( 0.0000000000000000000, -0.0000000000000000000, -1.000000000000000000 ) ) ;
#6639 = EDGE_CURVE ( 'NONE', #1262, #1595, #2111, .T. ) ;
#6640 = DIRECTION ( 'NONE',  ( 0.0000000000000000000, 0.0000000000000000000, 1.000000000000000000 ) ) ;
#6641 = DIRECTION ( 'NONE',  ( -1.000000000000000000, 0.0000000000000000000, 1.387778780781446500E-015 ) ) ;
#6642 = DIRECTION ( 'NONE',  ( 1.000000000000000000, -0.0000000000000000000, 0.0000000000000000000 ) ) ;
#6643 = CARTESIAN_POINT ( 'NONE',  ( 10.77992235650396500, 0.0000000000000000000, -7.145000000000007600 ) ) ;
#6644 = CARTESIAN_POINT ( 'NONE',  ( 0.0000000000000000000, 1.850000000000000100, -11.00500000000000100 ) ) ;
#6645 = FACE_BOUND ( 'NONE', #7882, .T. ) ;
#6646 = ORIENTED_EDGE ( 'NONE', *, *, #3424, .F. ) ;
#6647 = PRESENTATION_LAYER_ASSIGNMENT (  '', '', ( #4525 ) ) ;
#6648 = CARTESIAN_POINT ( 'NONE',  ( 8.255000000000114500, 0.0000000000000000000, 8.544999999999991000 ) ) ;
#6649 = CARTESIAN_POINT ( 'NONE',  ( 8.255000000000061200, 1.000000000000000000, -6.695000000000009200 ) ) ;
#6650 = DIRECTION ( 'NONE',  ( 0.0000000000000000000, 1.000000000000000000, 0.0000000000000000000 ) ) ;
#6651 = CARTESIAN_POINT ( 'NONE',  ( 0.0000000000000000000, 1.000000000000000000, -2.955000000000008100 ) ) ;
#6652 = VECTOR ( 'NONE', #2341, 1000.000000000000000 ) ;
#6653 = PRESENTATION_STYLE_ASSIGNMENT (( #6703 ) ) ;
#6654 = VERTEX_POINT ( 'NONE', #6025 ) ;
#6655 = AXIS2_PLACEMENT_3D ( 'NONE', #1976, #7436, #1343 ) ;
#6656 = DIRECTION ( 'NONE',  ( 0.0000000000000000000, 1.000000000000000000, -0.0000000000000000000 ) ) ;
#6657 = DIRECTION ( 'NONE',  ( 1.000000000000000000, 0.0000000000000000000, 0.0000000000000000000 ) ) ;
#6658 = ORIENTED_EDGE ( 'NONE', *, *, #3572, .T. ) ;
#6659 = EDGE_CURVE ( 'NONE', #2351, #7576, #5550, .T. ) ;
#6660 = EDGE_CURVE ( 'NONE', #3617, #7179, #6850, .T. ) ;
#6661 = VECTOR ( 'NONE', #1408, 1000.000000000000000 ) ;
#6662 = CARTESIAN_POINT ( 'NONE',  ( -7.474999999999996100, 0.0000000000000000000, 11.52500000000000000 ) ) ;
#6663 = CARTESIAN_POINT ( 'NONE',  ( -9.974999999999997900, 1.000000000000000000, 13.47500000000000100 ) ) ;
#6664 = EDGE_LOOP ( 'NONE', ( #7366, #4604, #3323, #6786 ) ) ;
#6665 = CARTESIAN_POINT ( 'NONE',  ( 9.974999999999994300, 1.000000000000000000, -0.4150000000000039200 ) ) ;
#6666 = CARTESIAN_POINT ( 'NONE',  ( -7.475000000000059200, 1.000000000000000000, -6.254999999999999900 ) ) ;
#6667 = AXIS2_PLACEMENT_3D ( 'NONE', #7641, #5681, #4365 ) ;
#6668 = LINE ( 'NONE', #1519, #2323 ) ;
#6669 = CARTESIAN_POINT ( 'NONE',  ( -7.475000000000047600, 0.0000000000000000000, 3.642432017676043300E-015 ) ) ;
#6670 = EDGE_LOOP ( 'NONE', ( #5396, #4796, #6540, #50 ) ) ;
#6671 = VERTEX_POINT ( 'NONE', #4819 ) ;
#6672 = CARTESIAN_POINT ( 'NONE',  ( -9.975000000000031600, 1.000000000000000000, 1.365000000000000000 ) ) ;
#6673 = DIRECTION ( 'NONE',  ( 0.0000000000000000000, 0.0000000000000000000, -1.000000000000000000 ) ) ;
#6674 = EDGE_LOOP ( 'NONE', ( #6363, #1451, #3128, #3876 ) ) ;
#6675 = CARTESIAN_POINT ( 'NONE',  ( -7.475000000000059200, 0.0000000000000000000, -6.254999999999999900 ) ) ;
#6676 = DIRECTION ( 'NONE',  ( 0.0000000000000000000, 1.000000000000000000, -0.0000000000000000000 ) ) ;
#6677 = VERTEX_POINT ( 'NONE', #987 ) ;
#6678 = CARTESIAN_POINT ( 'NONE',  ( -9.975000000000042300, 0.0000000000000000000, -2.955000000000001000 ) ) ;
#6679 = VERTEX_POINT ( 'NONE', #6672 ) ;
#6680 = ORIENTED_EDGE ( 'NONE', *, *, #6639, .T. ) ;
#6681 = ADVANCED_FACE ( 'NONE', ( #2992 ), #5998, .F. ) ;
#6682 = DIRECTION ( 'NONE',  ( -0.0000000000000000000, -1.000000000000000000, -0.0000000000000000000 ) ) ;
#6683 = LINE ( 'NONE', #908, #960 ) ;
#6684 = ORIENTED_EDGE ( 'NONE', *, *, #6110, .T. ) ;
#6685 = ORIENTED_EDGE ( 'NONE', *, *, #4695, .F. ) ;
#6686 = ORIENTED_EDGE ( 'NONE', *, *, #7193, .T. ) ;
#6687 = VERTEX_POINT ( 'NONE', #3512 ) ;
#6688 = DIRECTION ( 'NONE',  ( -0.0000000000000000000, -0.0000000000000000000, -1.000000000000000000 ) ) ;
#6689 = AXIS2_PLACEMENT_3D ( 'NONE', #494, #525, #4323 ) ;
#6690 = CARTESIAN_POINT ( 'NONE',  ( 0.0000000000000000000, 0.0000000000000000000, -1.175000000000007600 ) ) ;
#6691 = EDGE_CURVE ( 'NONE', #1359, #5064, #5164, .T. ) ;
#6692 = ORIENTED_EDGE ( 'NONE', *, *, #3997, .T. ) ;
#6693 = LINE ( 'NONE', #4713, #1555 ) ;
#6694 = FACE_OUTER_BOUND ( 'NONE', #7057, .T. ) ;
#6695 = DIRECTION ( 'NONE',  ( 0.0000000000000000000, 0.0000000000000000000, 1.000000000000000000 ) ) ;
#6696 = EDGE_LOOP ( 'NONE', ( #1360, #2870, #5798, #6451 ) ) ;
#6697 = EDGE_CURVE ( 'NONE', #2647, #2852, #4957, .T. ) ;
#6698 = EDGE_LOOP ( 'NONE', ( #2393, #7948, #2952, #1833 ) ) ;
#6699 = ORIENTED_EDGE ( 'NONE', *, *, #854, .F. ) ;
#6700 = ORIENTED_EDGE ( 'NONE', *, *, #4539, .T. ) ;
#6701 = CARTESIAN_POINT ( 'NONE',  ( 7.474999999999995200, 1.000000000000000000, 2.125000000000000000 ) ) ;
#6702 = VECTOR ( 'NONE', #634, 1000.000000000000000 ) ;
#6703 = SURFACE_STYLE_USAGE ( .BOTH. , #5393 ) ;
#6704 = ORIENTED_EDGE ( 'NONE', *, *, #3214, .F. ) ;
#6705 = PLANE ( 'NONE',  #3435 ) ;
#6706 = VERTEX_POINT ( 'NONE', #6076 ) ;
#6707 = EDGE_CURVE ( 'NONE', #4989, #1006, #5457, .T. ) ;
#6708 = EDGE_CURVE ( 'NONE', #2662, #3979, #7634, .T. ) ;
#6709 = FACE_OUTER_BOUND ( 'NONE', #6664, .T. ) ;
#6710 = PLANE ( 'NONE',  #3493 ) ;
#6711 = LINE ( 'NONE', #5596, #6504 ) ;
#6712 = ORIENTED_EDGE ( 'NONE', *, *, #3557, .F. ) ;
#6713 = DIRECTION ( 'NONE',  ( -0.0000000000000000000, 1.000000000000000000, 0.0000000000000000000 ) ) ;
#6714 = AXIS2_PLACEMENT_3D ( 'NONE', #5554, #6151, #2479 ) ;
#6715 = DIRECTION ( 'NONE',  ( -1.000000000000000000, 0.0000000000000000000, -0.0000000000000000000 ) ) ;
#6716 = FACE_BOUND ( 'NONE', #6415, .T. ) ;
#6717 = ADVANCED_FACE ( 'NONE', ( #2797 ), #7994, .F. ) ;
#6718 = FACE_OUTER_BOUND ( 'NONE', #1033, .T. ) ;
#6719 = CARTESIAN_POINT ( 'NONE',  ( 9.974999999999935700, 0.0000000000000000000, -8.035000000000007200 ) ) ;
#6720 = CARTESIAN_POINT ( 'NONE',  ( 0.0000000000000000000, 1.350000000000000100, -11.00500000000000100 ) ) ;
#6721 = DIRECTION ( 'NONE',  ( 0.0000000000000000000, 0.0000000000000000000, 1.000000000000000000 ) ) ;
#6722 =( LENGTH_UNIT ( ) NAMED_UNIT ( * ) SI_UNIT ( .MILLI., .METRE. ) );
#6723 = ORIENTED_EDGE ( 'NONE', *, *, #2763, .F. ) ;
#6724 = LINE ( 'NONE', #748, #3263 ) ;
#6725 = AXIS2_PLACEMENT_3D ( 'NONE', #4162, #1695, #7991 ) ;
#6726 = EDGE_CURVE ( 'NONE', #3718, #2702, #4472, .T. ) ;
#6727 = LINE ( 'NONE', #2174, #23 ) ;
#6728 = CARTESIAN_POINT ( 'NONE',  ( -6.734999999999998500, 2.700000000000000200, 12.72500000000000000 ) ) ;
#6729 = ORIENTED_EDGE ( 'NONE', *, *, #3343, .T. ) ;
#6730 = VECTOR ( 'NONE', #7790, 1000.000000000000000 ) ;
#6731 = LINE ( 'NONE', #1877, #5729 ) ;
#6732 = ORIENTED_EDGE ( 'NONE', *, *, #2150, .T. ) ;
#6733 = ORIENTED_EDGE ( 'NONE', *, *, #5379, .F. ) ;
#6734 = UNCERTAINTY_MEASURE_WITH_UNIT (LENGTH_MEASURE( 1.000000000000000100E-005 ), #5768, 'distance_accuracy_value', 'NONE');
#6735 = DIRECTION ( 'NONE',  ( 0.0000000000000000000, 1.000000000000000000, 0.0000000000000000000 ) ) ;
#6736 = LINE ( 'NONE', #1088, #33 ) ;
#6737 = EDGE_CURVE ( 'NONE', #3313, #4199, #8034, .T. ) ;
#6738 = DIRECTION ( 'NONE',  ( 1.000000000000000000, 0.0000000000000000000, 0.0000000000000000000 ) ) ;
#6739 = CARTESIAN_POINT ( 'NONE',  ( -6.734999999999998500, 2.700000000000000200, -8.285000000000000100 ) ) ;
#6740 = PLANE ( 'NONE',  #2559 ) ;
#6741 = AXIS2_PLACEMENT_3D ( 'NONE', #761, #6343, #3251 ) ;
#6742 = LINE ( 'NONE', #7408, #227 ) ;
#6743 = CARTESIAN_POINT ( 'NONE',  ( -7.475000000000050300, 0.0000000000000000000, -5.495000000000000100 ) ) ;
#6744 = CLOSED_SHELL ( 'NONE', ( #2909, #6200, #6122, #5054, #6239, #2218, #7528, #5717 ) ) ;
#6745 = ORIENTED_EDGE ( 'NONE', *, *, #6763, .F. ) ;
#6746 = AXIS2_PLACEMENT_3D ( 'NONE', #1777, #6777, #4374 ) ;
#6747 = ORIENTED_EDGE ( 'NONE', *, *, #6606, .T. ) ;
#6748 = VECTOR ( 'NONE', #4766, 1000.000000000000000 ) ;
#6749 = VECTOR ( 'NONE', #7358, 1000.000000000000000 ) ;
#6750 = EDGE_CURVE ( 'NONE', #7179, #5435, #639, .T. ) ;
#6751 = CARTESIAN_POINT ( 'NONE',  ( 8.255000000000114500, 0.0000000000000000000, 8.094999999999991800 ) ) ;
#6752 = DIRECTION ( 'NONE',  ( 0.0000000000000000000, 0.0000000000000000000, 1.000000000000000000 ) ) ;
#6753 = ORIENTED_EDGE ( 'NONE', *, *, #4054, .T. ) ;
#6754 = DIRECTION ( 'NONE',  ( 1.000000000000000000, 0.0000000000000000000, 0.0000000000000000000 ) ) ;
#6755 = ADVANCED_FACE ( 'NONE', ( #3576 ), #3618, .F. ) ;
#6756 = LINE ( 'NONE', #1627, #2614 ) ;
#6757 = AXIS2_PLACEMENT_3D ( 'NONE', #2423, #3048, #4948 ) ;
#6758 = ORIENTED_EDGE ( 'NONE', *, *, #6097, .T. ) ;
#6759 = ORIENTED_EDGE ( 'NONE', *, *, #365, .T. ) ;
#6760 = AXIS2_PLACEMENT_3D ( 'NONE', #211, #2061, #5227 ) ;
#6761 = ORIENTED_EDGE ( 'NONE', *, *, #7498, .F. ) ;
#6762 = CARTESIAN_POINT ( 'NONE',  ( 7.474999999999997000, 0.0000000000000000000, 9.744999999999993900 ) ) ;
#6763 = EDGE_CURVE ( 'NONE', #1785, #6039, #1905, .T. ) ;
#6764 = EDGE_CURVE ( 'NONE', #6706, #2366, #5262, .T. ) ;
#6765 =( LENGTH_UNIT ( ) NAMED_UNIT ( * ) SI_UNIT ( .MILLI., .METRE. ) );
#6766 = DIRECTION ( 'NONE',  ( 4.872818752743839300E-016, 0.0000000000000000000, 1.000000000000000000 ) ) ;
#6767 = VERTEX_POINT ( 'NONE', #2398 ) ;
#6768 = VERTEX_POINT ( 'NONE', #1753 ) ;
#6769 = CARTESIAN_POINT ( 'NONE',  ( 7.474999999999952600, 0.0000000000000000000, -1.175000000000007600 ) ) ;
#6770 = ORIENTED_EDGE ( 'NONE', *, *, #569, .F. ) ;
#6771 = CLOSED_SHELL ( 'NONE', ( #2783, #71, #1554, #1051, #637, #2400, #6842, #8170 ) ) ;
#6772 = DIRECTION ( 'NONE',  ( 0.0000000000000000000, 0.0000000000000000000, -1.000000000000000000 ) ) ;
#6773 = AXIS2_PLACEMENT_3D ( 'NONE', #2878, #4152, #2304 ) ;
#6774 = CARTESIAN_POINT ( 'NONE',  ( 6.749644660940673700, 2.949999999999999700, -8.335000000000000900 ) ) ;
#6775 = EDGE_CURVE ( 'NONE', #4909, #3939, #1708, .T. ) ;
#6776 = VECTOR ( 'NONE', #5805, 1000.000000000000000 ) ;
#6777 = DIRECTION ( 'NONE',  ( -0.0000000000000000000, -1.000000000000000000, -0.0000000000000000000 ) ) ;
#6778 = ORIENTED_EDGE ( 'NONE', *, *, #707, .F. ) ;
#6779 = VERTEX_POINT ( 'NONE', #6882 ) ;
#6780 = CARTESIAN_POINT ( 'NONE',  ( -9.974999999999997900, 1.000000000000000000, 13.47500000000000100 ) ) ;
#6781 = CYLINDRICAL_SURFACE ( 'NONE', #5278, 0.04999999999999969700 ) ;
#6782 = CARTESIAN_POINT ( 'NONE',  ( -6.734999999999998500, 2.949999999999999700, -8.535000000000000100 ) ) ;
#6783 = CARTESIAN_POINT ( 'NONE',  ( 6.749644660940673700, 2.609976000000000100, 12.77500000000000000 ) ) ;
#6784 = VECTOR ( 'NONE', #1601, 1000.000000000000000 ) ;
#6785 = CARTESIAN_POINT ( 'NONE',  ( 6.785000000000001000, 2.609976000000000100, 12.97500000000000000 ) ) ;
#6786 = ORIENTED_EDGE ( 'NONE', *, *, #3511, .F. ) ;
#6787 = ORIENTED_EDGE ( 'NONE', *, *, #3199, .T. ) ;
#6788 = VERTEX_POINT ( 'NONE', #6831 ) ;
#6789 = ORIENTED_EDGE ( 'NONE', *, *, #5813, .T. ) ;
#6790 = ORIENTED_EDGE ( 'NONE', *, *, #3449, .T. ) ;
#6791 = ORIENTED_EDGE ( 'NONE', *, *, #1003, .T. ) ;
#6792 = CARTESIAN_POINT ( 'NONE',  ( -10.77992235650403600, 0.0000000000000000000, 8.095000000000000600 ) ) ;
#6793 = DIRECTION ( 'NONE',  ( 0.0000000000000000000, 0.0000000000000000000, -1.000000000000000000 ) ) ;
#6794 = ORIENTED_EDGE ( 'NONE', *, *, #3033, .F. ) ;
#6795 = CARTESIAN_POINT ( 'NONE',  ( 7.474999999999989000, 0.0000000000000000000, 7.204999999999993000 ) ) ;
#6796 = EDGE_CURVE ( 'NONE', #7300, #5842, #1131, .T. ) ;
#6797 = DIRECTION ( 'NONE',  ( -0.0000000000000000000, 1.000000000000000000, -0.0000000000000000000 ) ) ;
#6798 = ORIENTED_EDGE ( 'NONE', *, *, #4865, .F. ) ;
#6799 = ORIENTED_EDGE ( 'NONE', *, *, #7571, .T. ) ;
#6800 = FACE_OUTER_BOUND ( 'NONE', #7709, .T. ) ;
#6801 = ADVANCED_FACE ( 'NONE', ( #3991 ), #3680, .F. ) ;
#6802 = ORIENTED_EDGE ( 'NONE', *, *, #4608, .F. ) ;
#6803 = DIRECTION ( 'NONE',  ( -0.0000000000000000000, -1.000000000000000000, -0.0000000000000000000 ) ) ;
#6804 = DIRECTION ( 'NONE',  ( -4.872818752743839300E-016, 0.0000000000000000000, 1.000000000000000000 ) ) ;
#6805 = AXIS2_PLACEMENT_3D ( 'NONE', #4562, #3860, #7630 ) ;
#6806 = VECTOR ( 'NONE', #1468, 1000.000000000000000 ) ;
#6807 = VECTOR ( 'NONE', #4035, 1000.000000000000000 ) ;
#6808 = DIRECTION ( 'NONE',  ( 0.0000000000000000000, 0.0000000000000000000, 1.000000000000000000 ) ) ;
#6809 = VERTEX_POINT ( 'NONE', #1233 ) ;
#6810 = SURFACE_SIDE_STYLE ('',( #2365 ) ) ;
#6811 = CARTESIAN_POINT ( 'NONE',  ( 1.633066506662995500E-016, 1.850000000000000100, -9.671500000000001800 ) ) ;
#6812 = DIRECTION ( 'NONE',  ( -4.872818752743839300E-016, 0.0000000000000000000, 1.000000000000000000 ) ) ;
#6813 = DIRECTION ( 'NONE',  ( -1.000000000000000000, 0.0000000000000000000, 0.0000000000000000000 ) ) ;
#6814 = LINE ( 'NONE', #4610, #5229 ) ;
#6815 = AXIS2_PLACEMENT_3D ( 'NONE', #867, #4039, #7165 ) ;
#6816 = VECTOR ( 'NONE', #2546, 1000.000000000000000 ) ;
#6817 = EDGE_CURVE ( 'NONE', #2644, #1063, #5255, .T. ) ;
#6818 = EDGE_CURVE ( 'NONE', #8020, #7485, #5862, .T. ) ;
#6819 = ORIENTED_EDGE ( 'NONE', *, *, #2238, .T. ) ;
#6820 = ORIENTED_EDGE ( 'NONE', *, *, #2849, .T. ) ;
#6821 = VECTOR ( 'NONE', #4992, 1000.000000000000000 ) ;
#6822 = DIRECTION ( 'NONE',  ( 0.0000000000000000000, 0.0000000000000000000, 1.000000000000000000 ) ) ;
#6823 = CARTESIAN_POINT ( 'NONE',  ( -6.984999999999997700, 2.609976000000000100, 12.97500000000000000 ) ) ;
#6824 = VECTOR ( 'NONE', #1729, 1000.000000000000000 ) ;
#6825 = DIRECTION ( 'NONE',  ( 0.0000000000000000000, 1.000000000000000000, -0.0000000000000000000 ) ) ;
#6826 = AXIS2_PLACEMENT_3D ( 'NONE', #371, #3481, #7297 ) ;
#6827 = CYLINDRICAL_SURFACE ( 'NONE', #3813, 0.4500000000000007300 ) ;
#6828 = VERTEX_POINT ( 'NONE', #7460 ) ;
#6829 = CIRCLE ( 'NONE', #1696, 0.4499999999999999000 ) ;
#6830 = ORIENTED_EDGE ( 'NONE', *, *, #2564, .T. ) ;
#6831 = CARTESIAN_POINT ( 'NONE',  ( -9.975000000000051200, 0.0000000000000000000, -5.495000000000000100 ) ) ;
#6832 = CARTESIAN_POINT ( 'NONE',  ( -6.734999999999998500, 2.700000000000000200, -8.285000000000000100 ) ) ;
#6833 = PLANE ( 'NONE',  #2098 ) ;
#6834 = ADVANCED_FACE ( 'NONE', ( #2905 ), #7933, .F. ) ;
#6835 = VECTOR ( 'NONE', #335, 1000.000000000000000 ) ;
#6836 = VECTOR ( 'NONE', #8126, 1000.000000000000000 ) ;
#6837 = ORIENTED_EDGE ( 'NONE', *, *, #7659, .F. ) ;
#6838 = EDGE_CURVE ( 'NONE', #1734, #2048, #3569, .T. ) ;
#6839 = CARTESIAN_POINT ( 'NONE',  ( 9.975000000000001400, 1.000000000000000000, 13.47500000000000100 ) ) ;
#6840 = PLANE ( 'NONE',  #3052 ) ;
#6841 = DIRECTION ( 'NONE',  ( -0.0000000000000000000, 1.000000000000000000, -0.0000000000000000000 ) ) ;
#6842 = ADVANCED_FACE ( 'NONE', ( #226, #6044 ), #3015, .F. ) ;
#6843 = FACE_OUTER_BOUND ( 'NONE', #5289, .T. ) ;
#6844 = ORIENTED_EDGE ( 'NONE', *, *, #1193, .T. ) ;
#6845 = AXIS2_PLACEMENT_3D ( 'NONE', #3988, #6457, #5221 ) ;
#6846 = EDGE_CURVE ( 'NONE', #6486, #4256, #5648, .T. ) ;
#6847 = DIRECTION ( 'NONE',  ( -1.000000000000000000, -0.0000000000000000000, 1.387778780781446500E-015 ) ) ;
#6848 = DIRECTION ( 'NONE',  ( 0.0000000000000000000, 0.0000000000000000000, -1.000000000000000000 ) ) ;
#6849 = EDGE_CURVE ( 'NONE', #1135, #3035, #6241, .T. ) ;
#6850 = LINE ( 'NONE', #5496, #2504 ) ;
#6851 = ORIENTED_EDGE ( 'NONE', *, *, #4519, .T. ) ;
#6852 = CARTESIAN_POINT ( 'NONE',  ( 6.735000000000000300, 2.700000000000000200, 12.72500000000000100 ) ) ;
#6853 = CARTESIAN_POINT ( 'NONE',  ( -10.77992235650405200, 0.0000000000000000000, 3.015000000000000100 ) ) ;
#6854 = VECTOR ( 'NONE', #3744, 1000.000000000000000 ) ;
#6855 = CARTESIAN_POINT ( 'NONE',  ( 7.474999999999995200, 1.000000000000000000, -5.495000000000000100 ) ) ;
#6856 = ORIENTED_EDGE ( 'NONE', *, *, #6796, .T. ) ;
#6857 = EDGE_CURVE ( 'NONE', #8169, #3448, #2897, .T. ) ;
#6858 = FILL_AREA_STYLE_COLOUR ( '', #6291 ) ;
#6859 = VECTOR ( 'NONE', #7639, 1000.000000000000000 ) ;
#6860 = DIRECTION ( 'NONE',  ( 0.0000000000000000000, -1.000000000000000000, 0.0000000000000000000 ) ) ;
#6861 = VERTEX_POINT ( 'NONE', #2418 ) ;
#6862 = DIRECTION ( 'NONE',  ( 0.0000000000000000000, 0.0000000000000000000, -1.000000000000000000 ) ) ;
#6863 = ORIENTED_EDGE ( 'NONE', *, *, #6009, .F. ) ;
#6864 = ORIENTED_EDGE ( 'NONE', *, *, #7425, .T. ) ;
#6865 = VECTOR ( 'NONE', #254, 1000.000000000000000 ) ;
#6866 = DIRECTION ( 'NONE',  ( 0.0000000000000000000, 0.0000000000000000000, 1.000000000000000000 ) ) ;
#6867 = ORIENTED_EDGE ( 'NONE', *, *, #825, .F. ) ;
#6868 = ORIENTED_EDGE ( 'NONE', *, *, #985, .T. ) ;
#6869 = ORIENTED_EDGE ( 'NONE', *, *, #7448, .F. ) ;
#6870 = DIRECTION ( 'NONE',  ( -1.000000000000000000, -0.0000000000000000000, 1.387778780781446500E-015 ) ) ;
#6871 = DIRECTION ( 'NONE',  ( 0.0000000000000000000, 1.000000000000000000, 0.0000000000000000000 ) ) ;
#6872 = DIRECTION ( 'NONE',  ( 0.0000000000000000000, 0.0000000000000000000, 1.000000000000000000 ) ) ;
#6873 = ADVANCED_FACE ( 'NONE', ( #4575 ), #3177, .F. ) ;
#6874 = ORIENTED_EDGE ( 'NONE', *, *, #6525, .F. ) ;
#6875 = VERTEX_POINT ( 'NONE', #8134 ) ;
#6876 = CARTESIAN_POINT ( 'NONE',  ( 7.474999999999969400, 0.0000000000000000000, 3.904999999999993600 ) ) ;
#6877 = MECHANICAL_DESIGN_GEOMETRIC_PRESENTATION_REPRESENTATION (  '', ( #3332 ), #7032 ) ;
#6878 = CARTESIAN_POINT ( 'NONE',  ( 0.0000000000000000000, 1.350000000000000100, -11.00500000000000100 ) ) ;
#6879 = EDGE_CURVE ( 'NONE', #7961, #1125, #431, .T. ) ;
#6880 = ADVANCED_FACE ( 'NONE', ( #6935 ), #3093, .F. ) ;
#6881 = MANIFOLD_SOLID_BREP ( 'Boss-Extrude3[12]', #7219 ) ;
#6882 = CARTESIAN_POINT ( 'NONE',  ( -8.255000000000150000, 0.0000000000000000000, 3.464999999999999000 ) ) ;
#6883 = LINE ( 'NONE', #69, #7283 ) ;
#6884 = VECTOR ( 'NONE', #802, 1000.000000000000000 ) ;
#6885 = EDGE_LOOP ( 'NONE', ( #2739, #7878, #1740, #4200 ) ) ;
#6886 = VERTEX_POINT ( 'NONE', #3767 ) ;
#6887 = ORIENTED_EDGE ( 'NONE', *, *, #1454, .T. ) ;
#6888 = CARTESIAN_POINT ( 'NONE',  ( 9.974999999999989000, 0.0000000000000000000, 7.204999999999993000 ) ) ;
#6889 = CARTESIAN_POINT ( 'NONE',  ( 0.0000000000000000000, 0.0000000000000000000, 6.445000000000000300 ) ) ;
#6890 = DIRECTION ( 'NONE',  ( -1.000000000000000000, 0.0000000000000000000, -0.0000000000000000000 ) ) ;
#6891 = ORIENTED_EDGE ( 'NONE', *, *, #7, .F. ) ;
#6892 = FACE_OUTER_BOUND ( 'NONE', #3582, .T. ) ;
#6893 = VECTOR ( 'NONE', #4459, 1000.000000000000000 ) ;
#6894 = DIRECTION ( 'NONE',  ( -1.000000000000000000, -0.0000000000000000000, -0.0000000000000000000 ) ) ;
#6895 = CIRCLE ( 'NONE', #4799, 0.04999999999999969700 ) ;
#6896 = ORIENTED_EDGE ( 'NONE', *, *, #273, .F. ) ;
#6897 = DIRECTION ( 'NONE',  ( 1.000000000000000000, 0.0000000000000000000, -0.0000000000000000000 ) ) ;
#6898 = AXIS2_PLACEMENT_3D ( 'NONE', #5774, #709, #15 ) ;
#6899 = EDGE_CURVE ( 'NONE', #3437, #4613, #5052, .T. ) ;
#6900 = PLANE ( 'NONE',  #1816 ) ;
#6901 = LINE ( 'NONE', #3081, #3141 ) ;
#6902 = CIRCLE ( 'NONE', #301, 0.2500000000000002200 ) ;
#6903 = DIRECTION ( 'NONE',  ( 0.0000000000000000000, 0.0000000000000000000, -1.000000000000000000 ) ) ;
#6904 = DIRECTION ( 'NONE',  ( 0.0000000000000000000, -1.000000000000000000, 0.0000000000000000000 ) ) ;
#6905 = ORIENTED_EDGE ( 'NONE', *, *, #7545, .F. ) ;
#6906 = AXIS2_PLACEMENT_3D ( 'NONE', #3265, #5754, #2606 ) ;
#6907 = ORIENTED_EDGE ( 'NONE', *, *, #6418, .F. ) ;
#6908 = FACE_OUTER_BOUND ( 'NONE', #2051, .T. ) ;
#6909 = VECTOR ( 'NONE', #1830, 1000.000000000000000 ) ;
#6910 =( NAMED_UNIT ( * ) SI_UNIT ( $, .STERADIAN. ) SOLID_ANGLE_UNIT ( ) );
#6911 = DIRECTION ( 'NONE',  ( 4.872818752743839300E-016, 0.0000000000000000000, 1.000000000000000000 ) ) ;
#6912 = DIRECTION ( 'NONE',  ( 0.0000000000000000000, 1.000000000000000000, 0.0000000000000000000 ) ) ;
#6913 = FACE_OUTER_BOUND ( 'NONE', #4163, .T. ) ;
#6914 = ADVANCED_FACE ( 'NONE', ( #5850, #1224 ), #5051, .T. ) ;
#6915 = ORIENTED_EDGE ( 'NONE', *, *, #4983, .F. ) ;
#6916 = VECTOR ( 'NONE', #1648, 1000.000000000000000 ) ;
#6917 = EDGE_CURVE ( 'NONE', #84, #1241, #4776, .T. ) ;
#6918 = EDGE_CURVE ( 'NONE', #3432, #2030, #830, .T. ) ;
#6919 = VECTOR ( 'NONE', #1030, 1000.000000000000000 ) ;
#6920 = ADVANCED_FACE ( 'NONE', ( #2309 ), #1970, .T. ) ;
#6921 = CARTESIAN_POINT ( 'NONE',  ( 7.474999999999998800, 0.0000000000000000000, 4.665000000000000000 ) ) ;
#6922 = CIRCLE ( 'NONE', #7935, 0.4500000000000002900 ) ;
#6923 = DIRECTION ( 'NONE',  ( 0.0000000000000000000, 1.000000000000000000, 0.0000000000000000000 ) ) ;
#6924 = VERTEX_POINT ( 'NONE', #6349 ) ;
#6925 = DIRECTION ( 'NONE',  ( 0.0000000000000000000, 1.000000000000000000, 0.0000000000000000000 ) ) ;
#6926 = LINE ( 'NONE', #2620, #2568 ) ;
#6927 = AXIS2_PLACEMENT_3D ( 'NONE', #317, #4781, #6738 ) ;
#6928 = EDGE_CURVE ( 'NONE', #4701, #7713, #7941, .T. ) ;
#6929 = ORIENTED_EDGE ( 'NONE', *, *, #2560, .T. ) ;
#6930 = ORIENTED_EDGE ( 'NONE', *, *, #6775, .T. ) ;
#6931 = DIRECTION ( 'NONE',  ( -0.0000000000000000000, 0.0000000000000000000, 1.000000000000000000 ) ) ;
#6932 = CARTESIAN_POINT ( 'NONE',  ( -7.475000000000050300, 0.0000000000000000000, -5.495000000000000100 ) ) ;
#6933 = LINE ( 'NONE', #4156, #6038 ) ;
#6934 = ORIENTED_EDGE ( 'NONE', *, *, #5958, .T. ) ;
#6935 = FACE_OUTER_BOUND ( 'NONE', #2138, .T. ) ;
#6936 = COLOUR_RGB ( '',1.000000000000000000, 0.8117647058823529400, 0.5019607843137254800 ) ;
#6937 = CARTESIAN_POINT ( 'NONE',  ( -10.77992235650402700, 0.0000000000000000000, 10.63500000000000000 ) ) ;
#6938 = ORIENTED_EDGE ( 'NONE', *, *, #5225, .F. ) ;
#6939 = DIRECTION ( 'NONE',  ( -0.0000000000000000000, 1.000000000000000000, -0.0000000000000000000 ) ) ;
#6940 = CIRCLE ( 'NONE', #7833, 0.4500000000000002900 ) ;
#6941 = EDGE_CURVE ( 'NONE', #5500, #1790, #7132, .T. ) ;
#6942 = LINE ( 'NONE', #3455, #740 ) ;
#6943 = ORIENTED_EDGE ( 'NONE', *, *, #6150, .F. ) ;
#6944 = PLANE ( 'NONE',  #4334 ) ;
#6945 = EDGE_CURVE ( 'NONE', #1825, #2558, #7736, .T. ) ;
#6946 = VECTOR ( 'NONE', #916, 1000.000000000000000 ) ;
#6947 = ORIENTED_EDGE ( 'NONE', *, *, #2170, .T. ) ;
#6948 = CARTESIAN_POINT ( 'NONE',  ( -8.255000000000176600, 1.000000000000000000, -4.605000000000001300 ) ) ;
#6949 = ADVANCED_FACE ( 'NONE', ( #3782, #3379 ), #6317, .T. ) ;
#6950 = ORIENTED_EDGE ( 'NONE', *, *, #3199, .F. ) ;
#6951 = DIRECTION ( 'NONE',  ( -1.000000000000000000, 0.0000000000000000000, -0.0000000000000000000 ) ) ;
#6952 = CARTESIAN_POINT ( 'NONE',  ( -7.474999999999996100, 0.0000000000000000000, 11.52500000000000000 ) ) ;
#6953 = ADVANCED_FACE ( 'NONE', ( #5452 ), #2679, .F. ) ;
#6954 = VECTOR ( 'NONE', #5295, 1000.000000000000000 ) ;
#6955 = CARTESIAN_POINT ( 'NONE',  ( 0.0000000000000000000, 1.000000000000000000, 0.0000000000000000000 ) ) ;
#6956 = EDGE_LOOP ( 'NONE', ( #7182, #1097 ) ) ;
#6957 = ORIENTED_EDGE ( 'NONE', *, *, #6726, .T. ) ;
#6958 = AXIS2_PLACEMENT_3D ( 'NONE', #2378, #5610, #1838 ) ;
#6959 = ORIENTED_EDGE ( 'NONE', *, *, #5090, .T. ) ;
#6960 = EDGE_CURVE ( 'NONE', #6079, #160, #1626, .T. ) ;
#6961 = EDGE_CURVE ( 'NONE', #6039, #1191, #2701, .T. ) ;
#6962 = DIRECTION ( 'NONE',  ( -0.0000000000000000000, -0.0000000000000000000, 1.000000000000000000 ) ) ;
#6963 = FACE_OUTER_BOUND ( 'NONE', #472, .T. ) ;
#6964 = CARTESIAN_POINT ( 'NONE',  ( 0.0000000000000000000, 1.000000000000000000, 0.0000000000000000000 ) ) ;
#6965 = ORIENTED_EDGE ( 'NONE', *, *, #506, .F. ) ;
#6966 = PLANE ( 'NONE',  #4790 ) ;
#6967 = AXIS2_PLACEMENT_3D ( 'NONE', #1223, #2508, #6923 ) ;
#6968 = DIRECTION ( 'NONE',  ( -0.0000000000000000000, 1.000000000000000000, -0.0000000000000000000 ) ) ;
#6969 = DIRECTION ( 'NONE',  ( 0.0000000000000000000, 0.0000000000000000000, 1.000000000000000000 ) ) ;
#6970 = LINE ( 'NONE', #491, #4122 ) ;
#6971 = CARTESIAN_POINT ( 'NONE',  ( 9.974999999999994300, 0.0000000000000000000, -5.495000000000003700 ) ) ;
#6972 = EDGE_LOOP ( 'NONE', ( #6484, #872, #559, #1975 ) ) ;
#6973 = ORIENTED_EDGE ( 'NONE', *, *, #5060, .T. ) ;
#6974 = CARTESIAN_POINT ( 'NONE',  ( -6.984999999999997700, 1.000000000000000000, 12.97500000000000000 ) ) ;
#6975 = ORIENTED_EDGE ( 'NONE', *, *, #3132, .F. ) ;
#6976 = VERTEX_POINT ( 'NONE', #6513 ) ;
#6977 = EDGE_LOOP ( 'NONE', ( #3927, #712, #4288, #984 ) ) ;
#6978 = DIRECTION ( 'NONE',  ( 1.000000000000000000, -0.0000000000000000000, -0.0000000000000000000 ) ) ;
#6979 = VERTEX_POINT ( 'NONE', #2603 ) ;
#6980 = CARTESIAN_POINT ( 'NONE',  ( 0.0000000000000000000, 0.0000000000000000000, -1.175000000000000700 ) ) ;
#6981 = ORIENTED_EDGE ( 'NONE', *, *, #2221, .F. ) ;
#6982 = EDGE_CURVE ( 'NONE', #6654, #3031, #630, .T. ) ;
#6983 = VERTEX_POINT ( 'NONE', #3914 ) ;
#6984 = DIRECTION ( 'NONE',  ( 0.0000000000000000000, -1.000000000000000000, -0.0000000000000000000 ) ) ;
#6985 =( LENGTH_UNIT ( ) NAMED_UNIT ( * ) SI_UNIT ( .MILLI., .METRE. ) );
#6986 = ORIENTED_EDGE ( 'NONE', *, *, #3495, .T. ) ;
#6987 = VECTOR ( 'NONE', #2941, 1000.000000000000000 ) ;
#6988 = ORIENTED_EDGE ( 'NONE', *, *, #3296, .T. ) ;
#6989 = CARTESIAN_POINT ( 'NONE',  ( -7.475000000000005000, 0.0000000000000000000, 8.984999999999999400 ) ) ;
#6990 = DIRECTION ( 'NONE',  ( 1.000000000000000000, 0.0000000000000000000, 0.0000000000000000000 ) ) ;
#6991 = DIRECTION ( 'NONE',  ( 0.0000000000000000000, 1.000000000000000000, 0.0000000000000000000 ) ) ;
#6992 = DIRECTION ( 'NONE',  ( 0.0000000000000000000, 0.0000000000000000000, 1.000000000000000000 ) ) ;
#6993 = EDGE_CURVE ( 'NONE', #672, #1846, #7747, .T. ) ;
#6994 = CARTESIAN_POINT ( 'NONE',  ( -8.255000000000158900, 0.0000000000000000000, 0.9249999999999981600 ) ) ;
#6995 = LINE ( 'NONE', #2275, #3956 ) ;
#6996 = VECTOR ( 'NONE', #3259, 1000.000000000000000 ) ;
#6997 = ORIENTED_EDGE ( 'NONE', *, *, #4745, .F. ) ;
#6998 = ADVANCED_FACE ( 'NONE', ( #3293 ), #131, .F. ) ;
#6999 = CARTESIAN_POINT ( 'NONE',  ( 7.474999999999998800, 1.000000000000000000, 7.204999999999999200 ) ) ;
#7000 = VECTOR ( 'NONE', #2074, 1000.000000000000000 ) ;
#7001 = CARTESIAN_POINT ( 'NONE',  ( 7.474999999999995200, 0.0000000000000000000, 2.125000000000000000 ) ) ;
#7002 = LINE ( 'NONE', #5004, #2468 ) ;
#7003 = ADVANCED_FACE ( 'NONE', ( #4385 ), #4533, .F. ) ;
#7004 = ORIENTED_EDGE ( 'NONE', *, *, #5792, .F. ) ;
#7005 = CARTESIAN_POINT ( 'NONE',  ( -1.905000000000000000, 1.000000000000000000, -9.415000000000000900 ) ) ;
#7006 = ORIENTED_EDGE ( 'NONE', *, *, #5431, .F. ) ;
#7007 = CYLINDRICAL_SURFACE ( 'NONE', #6446, 0.4500000000000001800 ) ;
#7008 = AXIS2_PLACEMENT_3D ( 'NONE', #5244, #5780, #7870 ) ;
#7009 = CARTESIAN_POINT ( 'NONE',  ( -6.984999999999997700, 2.609976000000000100, 12.97500000000000000 ) ) ;
#7010 = CARTESIAN_POINT ( 'NONE',  ( -7.475000000000049400, 1.000000000000000000, -3.714999999999999400 ) ) ;
#7011 = ORIENTED_EDGE ( 'NONE', *, *, #1616, .F. ) ;
#7012 = LINE ( 'NONE', #4030, #5334 ) ;
#7013 = EDGE_CURVE ( 'NONE', #5203, #2153, #4192, .T. ) ;
#7014 = DIRECTION ( 'NONE',  ( -0.0000000000000000000, 0.0000000000000000000, 1.000000000000000000 ) ) ;
#7015 = FACE_OUTER_BOUND ( 'NONE', #5566, .T. ) ;
#7016 = VERTEX_POINT ( 'NONE', #1446 ) ;
#7017 = LINE ( 'NONE', #7831, #2082 ) ;
#7018 = CARTESIAN_POINT ( 'NONE',  ( -6.984999999999997700, 2.700000000000000200, -8.285000000000000100 ) ) ;
#7019 = CARTESIAN_POINT ( 'NONE',  ( 8.255000000000096700, 1.000000000000000000, 3.014999999999991700 ) ) ;
#7020 = ORIENTED_EDGE ( 'NONE', *, *, #3374, .F. ) ;
#7021 = DIRECTION ( 'NONE',  ( 0.0000000000000000000, 1.000000000000000000, 0.0000000000000000000 ) ) ;
#7022 = AXIS2_PLACEMENT_3D ( 'NONE', #655, #2654, #6313 ) ;
#7023 = LINE ( 'NONE', #3661, #2976 ) ;
#7024 = LINE ( 'NONE', #5742, #3474 ) ;
#7025 = EDGE_CURVE ( 'NONE', #964, #3313, #2220, .T. ) ;
#7026 = EDGE_CURVE ( 'NONE', #1359, #4514, #3188, .T. ) ;
#7027 = DIRECTION ( 'NONE',  ( -1.000000000000000000, 0.0000000000000000000, 0.0000000000000000000 ) ) ;
#7028 = ORIENTED_EDGE ( 'NONE', *, *, #4174, .F. ) ;
#7029 = CARTESIAN_POINT ( 'NONE',  ( -8.255000000000167800, 0.0000000000000000000, -2.065000000000002600 ) ) ;
#7030 = EDGE_LOOP ( 'NONE', ( #3837, #252, #4328, #1888 ) ) ;
#7031 = PLANE ( 'NONE',  #1174 ) ;
#7032 =( GEOMETRIC_REPRESENTATION_CONTEXT ( 3 ) GLOBAL_UNCERTAINTY_ASSIGNED_CONTEXT ( ( #6112 ) ) GLOBAL_UNIT_ASSIGNED_CONTEXT ( ( #4802, #3451, #4098 ) ) REPRESENTATION_CONTEXT ( 'NONE', 'WORKASPACE' ) );
#7033 = LINE ( 'NONE', #321, #2685 ) ;
#7034 = VERTEX_POINT ( 'NONE', #2657 ) ;
#7035 = EDGE_CURVE ( 'NONE', #3119, #4520, #7841, .T. ) ;
#7036 = DIRECTION ( 'NONE',  ( 0.0000000000000000000, 0.0000000000000000000, 1.000000000000000000 ) ) ;
#7037 = FACE_OUTER_BOUND ( 'NONE', #3430, .T. ) ;
#7038 = CARTESIAN_POINT ( 'NONE',  ( 0.0000000000000000000, 1.439882414652686500, -11.00500000000000100 ) ) ;
#7039 = ADVANCED_FACE ( 'NONE', ( #1807 ), #2078, .F. ) ;
#7040 = VECTOR ( 'NONE', #845, 1000.000000000000000 ) ;
#7041 = CARTESIAN_POINT ( 'NONE',  ( -9.975000000000042300, 0.0000000000000000000, -1.175000000000000700 ) ) ;
#7042 = CARTESIAN_POINT ( 'NONE',  ( -7.474999999999997000, 0.0000000000000000000, 9.745000000000001000 ) ) ;
#7043 = ORIENTED_EDGE ( 'NONE', *, *, #732, .T. ) ;
#7044 = PLANE ( 'NONE',  #4831 ) ;
#7045 = LINE ( 'NONE', #4972, #4574 ) ;
#7046 = CARTESIAN_POINT ( 'NONE',  ( 6.735000000000000300, 2.700000000000000200, -8.285000000000000100 ) ) ;
#7047 = CARTESIAN_POINT ( 'NONE',  ( -7.475000000000040500, 0.0000000000000000000, -1.175000000000000700 ) ) ;
#7048 = VERTEX_POINT ( 'NONE', #1398 ) ;
#7049 = AXIS2_PLACEMENT_3D ( 'NONE', #4666, #2099, #6507 ) ;
#7050 = EDGE_CURVE ( 'NONE', #6654, #6370, #7438, .T. ) ;
#7051 = VECTOR ( 'NONE', #3276, 1000.000000000000000 ) ;
#7052 = CARTESIAN_POINT ( 'NONE',  ( 0.0000000000000000000, 1.850000000000000100, -11.00500000000000100 ) ) ;
#7053 = ORIENTED_EDGE ( 'NONE', *, *, #6468, .T. ) ;
#7054 = ORIENTED_EDGE ( 'NONE', *, *, #6525, .T. ) ;
#7055 = CARTESIAN_POINT ( 'NONE',  ( 9.974999999999994300, 0.0000000000000000000, -5.495000000000003700 ) ) ;
#7056 = DIRECTION ( 'NONE',  ( 0.0000000000000000000, 1.000000000000000000, 0.0000000000000000000 ) ) ;
#7057 = EDGE_LOOP ( 'NONE', ( #6988, #7648, #7368, #2749 ) ) ;
#7058 = MECHANICAL_DESIGN_GEOMETRIC_PRESENTATION_REPRESENTATION (  '', ( #4525 ), #1580 ) ;
#7059 = VECTOR ( 'NONE', #5189, 1000.000000000000000 ) ;
#7060 = DIRECTION ( 'NONE',  ( 0.0000000000000000000, 0.0000000000000000000, 1.000000000000000000 ) ) ;
#7061 = VERTEX_POINT ( 'NONE', #7121 ) ;
#7062 = EDGE_LOOP ( 'NONE', ( #6692, #6148, #1685, #2513 ) ) ;
#7063 = ORIENTED_EDGE ( 'NONE', *, *, #4952, .T. ) ;
#7064 = CARTESIAN_POINT ( 'NONE',  ( -7.475000000000013900, 0.0000000000000000000, 6.445000000000000300 ) ) ;
#7065 = CARTESIAN_POINT ( 'NONE',  ( 7.475000000000001400, 1.000000000000000000, 3.642432017676020400E-015 ) ) ;
#7066 = DIRECTION ( 'NONE',  ( 0.0000000000000000000, 0.0000000000000000000, 1.000000000000000000 ) ) ;
#7067 = CARTESIAN_POINT ( 'NONE',  ( 0.0000000000000000000, 2.949999999999999700, -8.285000000000000100 ) ) ;
#7068 = VECTOR ( 'NONE', #5439, 1000.000000000000000 ) ;
#7069 = PRESENTATION_LAYER_ASSIGNMENT (  '', '', ( #197 ) ) ;
#7070 = ORIENTED_EDGE ( 'NONE', *, *, #5291, .F. ) ;
#7071 = EDGE_LOOP ( 'NONE', ( #6164, #6439, #1462, #6086 ) ) ;
#7072 = CARTESIAN_POINT ( 'NONE',  ( 2.449293598294712700E-017, 1.439882414652686500, -10.80500000000000000 ) ) ;
#7073 = EDGE_LOOP ( 'NONE', ( #6844, #1943, #75, #8057 ) ) ;
#7074 = VERTEX_POINT ( 'NONE', #6488 ) ;
#7075 = EDGE_CURVE ( 'NONE', #1689, #1218, #5765, .T. ) ;
#7076 = EDGE_CURVE ( 'NONE', #964, #7742, #543, .T. ) ;
#7077 = CARTESIAN_POINT ( 'NONE',  ( -6.734999999999998500, 2.700000000000000200, -8.335000000000000900 ) ) ;
#7078 = PLANE ( 'NONE',  #5480 ) ;
#7079 = VECTOR ( 'NONE', #3465, 1000.000000000000000 ) ;
#7080 = FACE_OUTER_BOUND ( 'NONE', #3299, .T. ) ;
#7081 = DIRECTION ( 'NONE',  ( -0.0000000000000000000, 0.0000000000000000000, 1.000000000000000000 ) ) ;
#7082 = ORIENTED_EDGE ( 'NONE', *, *, #182, .F. ) ;
#7083 = VERTEX_POINT ( 'NONE', #2816 ) ;
#7084 = ORIENTED_EDGE ( 'NONE', *, *, #3184, .F. ) ;
#7085 = AXIS2_PLACEMENT_3D ( 'NONE', #4477, #3913, #7627 ) ;
#7086 = EDGE_LOOP ( 'NONE', ( #4408, #6867, #3366, #7175 ) ) ;
#7087 = VECTOR ( 'NONE', #4404, 1000.000000000000000 ) ;
#7088 = ADVANCED_FACE ( 'NONE', ( #6142 ), #2505, .F. ) ;
#7089 = DIRECTION ( 'NONE',  ( -1.000000000000000000, 0.0000000000000000000, 1.387778780781446500E-015 ) ) ;
#7090 = VECTOR ( 'NONE', #3045, 1000.000000000000000 ) ;
#7091 = VECTOR ( 'NONE', #1433, 1000.000000000000000 ) ;
#7092 = DIRECTION ( 'NONE',  ( 0.0000000000000000000, 1.000000000000000000, 0.0000000000000000000 ) ) ;
#7093 = ORIENTED_EDGE ( 'NONE', *, *, #1054, .F. ) ;
#7094 = DIRECTION ( 'NONE',  ( 1.000000000000000000, 0.0000000000000000000, 0.0000000000000000000 ) ) ;
#7095 = CARTESIAN_POINT ( 'NONE',  ( -1.905000000000000000, 1.350000000000000100, -12.59500000000000200 ) ) ;
#7096 = DIRECTION ( 'NONE',  ( 4.872818752743839300E-016, 0.0000000000000000000, 1.000000000000000000 ) ) ;
#7097 = FACE_OUTER_BOUND ( 'NONE', #3717, .T. ) ;
#7098 = EDGE_LOOP ( 'NONE', ( #1234, #4437, #3126, #3517 ) ) ;
#7099 = AXIS2_PLACEMENT_3D ( 'NONE', #429, #5461, #7351 ) ;
#7100 = ORIENTED_EDGE ( 'NONE', *, *, #5697, .T. ) ;
#7101 = EDGE_CURVE ( 'NONE', #8178, #2129, #4866, .T. ) ;
#7102 = DIRECTION ( 'NONE',  ( 0.0000000000000000000, 0.0000000000000000000, 1.000000000000000000 ) ) ;
#7103 = ORIENTED_EDGE ( 'NONE', *, *, #1333, .F. ) ;
#7104 = LINE ( 'NONE', #4916, #3656 ) ;
#7105 = CARTESIAN_POINT ( 'NONE',  ( 7.474999999999995200, 0.0000000000000000000, -5.495000000000000100 ) ) ;
#7106 = EDGE_CURVE ( 'NONE', #3249, #4804, #6942, .T. ) ;
#7107 = LINE ( 'NONE', #1119, #12 ) ;
#7108 = CARTESIAN_POINT ( 'NONE',  ( -9.975000000000060000, 0.0000000000000000000, -8.035000000000000100 ) ) ;
#7109 = VECTOR ( 'NONE', #2225, 1000.000000000000000 ) ;
#7110 = DIRECTION ( 'NONE',  ( 0.0000000000000000000, 0.0000000000000000000, -1.000000000000000000 ) ) ;
#7111 = CARTESIAN_POINT ( 'NONE',  ( 9.974999999999989000, 0.0000000000000000000, 8.984999999999992300 ) ) ;
#7112 = VERTEX_POINT ( 'NONE', #204 ) ;
#7113 = LINE ( 'NONE', #6785, #3761 ) ;
#7114 = LINE ( 'NONE', #1506, #2673 ) ;
#7115 = MECHANICAL_DESIGN_GEOMETRIC_PRESENTATION_REPRESENTATION (  '', ( #7817 ), #1473 ) ;
#7116 = FACE_OUTER_BOUND ( 'NONE', #4603, .T. ) ;
#7117 = FACE_OUTER_BOUND ( 'NONE', #4973, .T. ) ;
#7118 = EDGE_CURVE ( 'NONE', #4302, #6088, #48, .T. ) ;
#7119 = EDGE_CURVE ( 'NONE', #7350, #3297, #5063, .T. ) ;
#7120 = CARTESIAN_POINT ( 'NONE',  ( -8.254999999999961700, 0.0000000000000000000, 10.63500000000000000 ) ) ;
#7121 = CARTESIAN_POINT ( 'NONE',  ( -6.784999999999997500, 2.609976000000000100, 12.73964466094067300 ) ) ;
#7122 = ORIENTED_EDGE ( 'NONE', *, *, #5182, .F. ) ;
#7123 = EDGE_LOOP ( 'NONE', ( #4899, #150, #1590, #2290 ) ) ;
#7124 = DIRECTION ( 'NONE',  ( 1.000000000000000000, -0.0000000000000000000, 0.0000000000000000000 ) ) ;
#7125 = COLOUR_RGB ( '',1.000000000000000000, 0.8117647058823529400, 0.5019607843137254800 ) ;
#7126 = ADVANCED_FACE ( 'NONE', ( #2993 ), #7349, .T. ) ;
#7127 = VECTOR ( 'NONE', #487, 1000.000000000000000 ) ;
#7128 = EDGE_LOOP ( 'NONE', ( #238, #5572, #1019, #7966 ) ) ;
#7129 = DIRECTION ( 'NONE',  ( 0.0000000000000000000, 0.0000000000000000000, 1.000000000000000000 ) ) ;
#7130 = DIRECTION ( 'NONE',  ( 0.0000000000000000000, 0.0000000000000000000, 1.000000000000000000 ) ) ;
#7131 = CARTESIAN_POINT ( 'NONE',  ( 9.975000000000005000, 0.0000000000000000000, 8.984999999999999400 ) ) ;
#7132 = LINE ( 'NONE', #3148, #7341 ) ;
#7133 = VECTOR ( 'NONE', #2765, 1000.000000000000000 ) ;
#7134 = ORIENTED_EDGE ( 'NONE', *, *, #2463, .T. ) ;
#7135 = DIRECTION ( 'NONE',  ( 1.000000000000000000, 0.0000000000000000000, 0.0000000000000000000 ) ) ;
#7136 = DIRECTION ( 'NONE',  ( 0.0000000000000000000, 0.0000000000000000000, 1.000000000000000000 ) ) ;
#7137 = ORIENTED_EDGE ( 'NONE', *, *, #5622, .F. ) ;
#7138 = VECTOR ( 'NONE', #4967, 1000.000000000000000 ) ;
#7139 = EDGE_CURVE ( 'NONE', #6636, #3111, #3685, .T. ) ;
#7140 = FACE_OUTER_BOUND ( 'NONE', #5489, .T. ) ;
#7141 = DIRECTION ( 'NONE',  ( -4.872818752743839300E-016, -0.0000000000000000000, -1.000000000000000000 ) ) ;
#7142 = VERTEX_POINT ( 'NONE', #926 ) ;
#7143 = CARTESIAN_POINT ( 'NONE',  ( -7.475000000000050300, 0.0000000000000000000, -5.495000000000000100 ) ) ;
#7144 = CARTESIAN_POINT ( 'NONE',  ( 8.255000000000070100, 0.0000000000000000000, -4.605000000000008400 ) ) ;
#7145 = VECTOR ( 'NONE', #5093, 1000.000000000000000 ) ;
#7146 = CARTESIAN_POINT ( 'NONE',  ( -9.975000000000031600, 0.0000000000000000000, 1.365000000000000000 ) ) ;
#7147 = CARTESIAN_POINT ( 'NONE',  ( -9.975000000000060000, 0.0000000000000000000, -6.254999999999999900 ) ) ;
#7148 = DIRECTION ( 'NONE',  ( 1.000000000000000000, 0.0000000000000000000, 0.0000000000000000000 ) ) ;
#7149 = VERTEX_POINT ( 'NONE', #5939 ) ;
#7150 = ORIENTED_EDGE ( 'NONE', *, *, #3792, .T. ) ;
#7151 =( LENGTH_UNIT ( ) NAMED_UNIT ( * ) SI_UNIT ( .MILLI., .METRE. ) );
#7152 = EDGE_CURVE ( 'NONE', #1461, #5680, #4475, .T. ) ;
#7153 = DIRECTION ( 'NONE',  ( -1.000000000000000000, 0.0000000000000000000, -4.872818752743839300E-016 ) ) ;
#7154 = LINE ( 'NONE', #4556, #5472 ) ;
#7155 = ORIENTED_EDGE ( 'NONE', *, *, #3591, .F. ) ;
#7156 = ORIENTED_EDGE ( 'NONE', *, *, #5732, .T. ) ;
#7157 = CARTESIAN_POINT ( 'NONE',  ( -1.905000000000000000, 1.000000000000000000, -12.59500000000000200 ) ) ;
#7158 = ORIENTED_EDGE ( 'NONE', *, *, #3154, .T. ) ;
#7159 = ORIENTED_EDGE ( 'NONE', *, *, #6691, .T. ) ;
#7160 =( GEOMETRIC_REPRESENTATION_CONTEXT ( 3 ) GLOBAL_UNCERTAINTY_ASSIGNED_CONTEXT ( ( #3695 ) ) GLOBAL_UNIT_ASSIGNED_CONTEXT ( ( #5184, #3963, #5824 ) ) REPRESENTATION_CONTEXT ( 'NONE', 'WORKASPACE' ) );
#7161 = VECTOR ( 'NONE', #6177, 1000.000000000000000 ) ;
#7162 = DIRECTION ( 'NONE',  ( -0.0000000000000000000, -1.000000000000000000, 0.0000000000000000000 ) ) ;
#7163 = DIRECTION ( 'NONE',  ( 0.0000000000000000000, 0.0000000000000000000, 1.000000000000000000 ) ) ;
#7164 = ORIENTED_EDGE ( 'NONE', *, *, #6961, .T. ) ;
#7165 = DIRECTION ( 'NONE',  ( 0.0000000000000000000, 0.0000000000000000000, -1.000000000000000000 ) ) ;
#7166 = STYLED_ITEM ( 'NONE', ( #1032 ), #6881 ) ;
#7167 = ADVANCED_FACE ( 'NONE', ( #4959 ), #4698, .F. ) ;
#7168 = EDGE_CURVE ( 'NONE', #6447, #4402, #5263, .T. ) ;
#7169 = CARTESIAN_POINT ( 'NONE',  ( -9.975000000000031600, 0.0000000000000000000, -0.4150000000000004200 ) ) ;
#7170 = LINE ( 'NONE', #2618, #6170 ) ;
#7171 = LINE ( 'NONE', #3101, #7682 ) ;
#7172 = CARTESIAN_POINT ( 'NONE',  ( 0.0000000000000000000, 1.850000000000000100, -11.00500000000000100 ) ) ;
#7173 = EDGE_LOOP ( 'NONE', ( #2244, #7227, #5245, #6204 ) ) ;
#7174 = ORIENTED_EDGE ( 'NONE', *, *, #966, .F. ) ;
#7175 = ORIENTED_EDGE ( 'NONE', *, *, #928, .T. ) ;
#7176 = CARTESIAN_POINT ( 'NONE',  ( -6.734999999999996800, 2.700000000000000200, 0.0000000000000000000 ) ) ;
#7177 = PLANE ( 'NONE',  #4082 ) ;
#7178 = AXIS2_PLACEMENT_3D ( 'NONE', #1464, #3955, #5868 ) ;
#7179 = VERTEX_POINT ( 'NONE', #7901 ) ;
#7180 = VECTOR ( 'NONE', #2133, 1000.000000000000000 ) ;
#7181 = DIRECTION ( 'NONE',  ( 0.0000000000000000000, 0.0000000000000000000, -1.000000000000000000 ) ) ;
#7182 = ORIENTED_EDGE ( 'NONE', *, *, #224, .T. ) ;
#7183 = EDGE_CURVE ( 'NONE', #2030, #2434, #6547, .T. ) ;
#7184 = CARTESIAN_POINT ( 'NONE',  ( 7.474999999999995200, 1.000000000000000000, 1.365000000000000000 ) ) ;
#7185 = EDGE_CURVE ( 'NONE', #3031, #6671, #2113, .T. ) ;
#7186 = DIRECTION ( 'NONE',  ( 0.0000000000000000000, 1.000000000000000000, 0.0000000000000000000 ) ) ;
#7187 = DIRECTION ( 'NONE',  ( 0.0000000000000000000, 0.0000000000000000000, -1.000000000000000000 ) ) ;
#7188 = ORIENTED_EDGE ( 'NONE', *, *, #5494, .F. ) ;
#7189 = DIRECTION ( 'NONE',  ( -0.0000000000000000000, 0.0000000000000000000, 1.000000000000000000 ) ) ;
#7190 = VECTOR ( 'NONE', #7942, 1000.000000000000000 ) ;
#7191 = ORIENTED_EDGE ( 'NONE', *, *, #1934, .T. ) ;
#7192 = AXIS2_PLACEMENT_3D ( 'NONE', #5687, #45, #1904 ) ;
#7193 = EDGE_CURVE ( 'NONE', #3663, #2655, #2414, .T. ) ;
#7194 = DIRECTION ( 'NONE',  ( -1.000000000000000000, -0.0000000000000000000, -0.0000000000000000000 ) ) ;
#7195 = LINE ( 'NONE', #4747, #4827 ) ;
#7196 = CARTESIAN_POINT ( 'NONE',  ( 9.974999999999997900, 1.000000000000000000, 4.664999999999996500 ) ) ;
#7197 = CARTESIAN_POINT ( 'NONE',  ( 7.474999999999995200, 0.0000000000000000000, 2.125000000000000000 ) ) ;
#7198 = VECTOR ( 'NONE', #5685, 1000.000000000000000 ) ;
#7199 = EDGE_LOOP ( 'NONE', ( #5126, #7842, #308, #3906 ) ) ;
#7200 = LINE ( 'NONE', #4635, #7404 ) ;
#7201 = DIRECTION ( 'NONE',  ( 0.0000000000000000000, 1.000000000000000000, -0.0000000000000000000 ) ) ;
#7202 = DIRECTION ( 'NONE',  ( 0.0000000000000000000, 0.0000000000000000000, 1.000000000000000000 ) ) ;
#7203 = EDGE_LOOP ( 'NONE', ( #1992, #3930, #369, #4031 ) ) ;
#7204 = CARTESIAN_POINT ( 'NONE',  ( 8.255000000000096700, 1.000000000000000000, 3.014999999999991700 ) ) ;
#7205 = PLANE ( 'NONE',  #2686 ) ;
#7206 = CIRCLE ( 'NONE', #3699, 0.04999999999999969700 ) ;
#7207 = CARTESIAN_POINT ( 'NONE',  ( 6.985000000000000300, 2.609976000000000100, -8.285000000000003700 ) ) ;
#7208 = VERTEX_POINT ( 'NONE', #355 ) ;
#7209 = FACE_OUTER_BOUND ( 'NONE', #4644, .T. ) ;
#7210 = ADVANCED_FACE ( 'NONE', ( #1523 ), #8037, .F. ) ;
#7211 = PLANE ( 'NONE',  #6476 ) ;
#7212 = AXIS2_PLACEMENT_3D ( 'NONE', #6832, #51, #1912 ) ;
#7213 = EDGE_LOOP ( 'NONE', ( #3024, #4830, #5513, #3110 ) ) ;
#7214 = LINE ( 'NONE', #1711, #2873 ) ;
#7215 = EDGE_CURVE ( 'NONE', #1203, #5313, #1909, .T. ) ;
#7216 = CARTESIAN_POINT ( 'NONE',  ( -6.734999999999998500, 2.609976000000000100, -8.335000000000000900 ) ) ;
#7217 = CARTESIAN_POINT ( 'NONE',  ( -7.475000000000023600, 1.000000000000000000, 3.905000000000000700 ) ) ;
#7218 = PLANE ( 'NONE',  #6205 ) ;
#7219 = CLOSED_SHELL ( 'NONE', ( #3725, #3096, #1219, #7377, #6157, #1509, #2416, #61 ) ) ;
#7220 = LINE ( 'NONE', #146, #4643 ) ;
#7221 = ORIENTED_EDGE ( 'NONE', *, *, #5447, .T. ) ;
#7222 = EDGE_LOOP ( 'NONE', ( #2258, #836, #1864, #352 ) ) ;
#7223 = AXIS2_PLACEMENT_3D ( 'NONE', #3990, #5887, #879 ) ;
#7224 = CARTESIAN_POINT ( 'NONE',  ( -7.475000000000060000, 1.000000000000000000, -8.035000000000000100 ) ) ;
#7225 = DIRECTION ( 'NONE',  ( 0.0000000000000000000, 0.0000000000000000000, 1.000000000000000000 ) ) ;
#7226 = LINE ( 'NONE', #7317, #3981 ) ;
#7227 = ORIENTED_EDGE ( 'NONE', *, *, #2850, .F. ) ;
#7228 = ORIENTED_EDGE ( 'NONE', *, *, #1143, .F. ) ;
#7229 = AXIS2_PLACEMENT_3D ( 'NONE', #2781, #7365, #361 ) ;
#7230 = CARTESIAN_POINT ( 'NONE',  ( -6.784999999999997500, 1.000000000000000000, 12.73964466094067300 ) ) ;
#7231 = VECTOR ( 'NONE', #2438, 1000.000000000000000 ) ;
#7232 = EDGE_CURVE ( 'NONE', #6173, #379, #1132, .T. ) ;
#7233 = EDGE_CURVE ( 'NONE', #4690, #2843, #7637, .T. ) ;
#7234 = ORIENTED_EDGE ( 'NONE', *, *, #2306, .T. ) ;
#7235 = CARTESIAN_POINT ( 'NONE',  ( -6.734999999999998500, 2.700000000000000200, 12.97500000000000000 ) ) ;
#7236 = DIRECTION ( 'NONE',  ( 0.0000000000000000000, 0.0000000000000000000, -1.000000000000000000 ) ) ;
#7237 = PLANE ( 'NONE',  #3971 ) ;
#7238 = MANIFOLD_SOLID_BREP ( 'Boss-Extrude3[5]', #6744 ) ;
#7239 = LINE ( 'NONE', #1040, #6652 ) ;
#7240 = CARTESIAN_POINT ( 'NONE',  ( -9.975000000000006800, 1.000000000000000000, 8.984999999999999400 ) ) ;
#7241 = AXIS2_PLACEMENT_3D ( 'NONE', #6568, #3425, #2077 ) ;
#7242 = DIRECTION ( 'NONE',  ( -0.0000000000000000000, -0.0000000000000000000, -1.000000000000000000 ) ) ;
#7243 = PLANE ( 'NONE',  #3209 ) ;
#7244 = VERTEX_POINT ( 'NONE', #2288 ) ;
#7245 = CARTESIAN_POINT ( 'NONE',  ( -9.975000000000031600, 0.0000000000000000000, -0.4150000000000004200 ) ) ;
#7246 = CYLINDRICAL_SURFACE ( 'NONE', #1485, 1.199999999999999700 ) ;
#7247 = CARTESIAN_POINT ( 'NONE',  ( -7.475000000000017400, 1.000000000000000000, 3.642432017676028300E-015 ) ) ;
#7248 = CARTESIAN_POINT ( 'NONE',  ( -10.77992235650407200, 1.000000000000000000, -2.065000000000000800 ) ) ;
#7249 = ORIENTED_EDGE ( 'NONE', *, *, #6262, .T. ) ;
#7250 = ADVANCED_FACE ( 'NONE', ( #7140 ), #2891, .F. ) ;
#7251 = EDGE_CURVE ( 'NONE', #2128, #5274, #838, .T. ) ;
#7252 = LINE ( 'NONE', #165, #7051 ) ;
#7253 = SURFACE_SIDE_STYLE ('',( #1498 ) ) ;
#7254 = EDGE_LOOP ( 'NONE', ( #674, #661, #627, #1059 ) ) ;
#7255 = EDGE_LOOP ( 'NONE', ( #94, #278, #5564, #2979 ) ) ;
#7256 = CARTESIAN_POINT ( 'NONE',  ( 10.77992235650402700, 0.0000000000000000000, 10.63499999999999300 ) ) ;
#7257 = ORIENTED_EDGE ( 'NONE', *, *, #4042, .T. ) ;
#7258 =( NAMED_UNIT ( * ) SI_UNIT ( $, .STERADIAN. ) SOLID_ANGLE_UNIT ( ) );
#7259 = CARTESIAN_POINT ( 'NONE',  ( 7.474999999999998800, 0.0000000000000000000, 6.445000000000000300 ) ) ;
#7260 =( GEOMETRIC_REPRESENTATION_CONTEXT ( 3 ) GLOBAL_UNCERTAINTY_ASSIGNED_CONTEXT ( ( #156 ) ) GLOBAL_UNIT_ASSIGNED_CONTEXT ( ( #4859, #2955, #377 ) ) REPRESENTATION_CONTEXT ( 'NONE', 'WORKASPACE' ) );
#7261 =( NAMED_UNIT ( * ) SI_UNIT ( $, .STERADIAN. ) SOLID_ANGLE_UNIT ( ) );
#7262 = EDGE_CURVE ( 'NONE', #2473, #7557, #3791, .T. ) ;
#7263 = VECTOR ( 'NONE', #7487, 1000.000000000000000 ) ;
#7264 = EDGE_LOOP ( 'NONE', ( #6837, #7228, #5107, #8175 ) ) ;
#7265 = ORIENTED_EDGE ( 'NONE', *, *, #1655, .T. ) ;
#7266 = CARTESIAN_POINT ( 'NONE',  ( -8.254999999999961700, 0.0000000000000000000, 11.08499999999984600 ) ) ;
#7267 = VERTEX_POINT ( 'NONE', #3513 ) ;
#7268 = EDGE_CURVE ( 'NONE', #5187, #4999, #235, .T. ) ;
#7269 = CARTESIAN_POINT ( 'NONE',  ( 1.905000000000000000, 1.350000000000000100, -9.415000000000000900 ) ) ;
#7270 = CARTESIAN_POINT ( 'NONE',  ( 7.474999999999991700, 0.0000000000000000000, 3.642432017676015700E-015 ) ) ;
#7271 = DIRECTION ( 'NONE',  ( 0.0000000000000000000, 0.0000000000000000000, 1.000000000000000000 ) ) ;
#7272 = LINE ( 'NONE', #6669, #7864 ) ;
#7273 = DIRECTION ( 'NONE',  ( 4.872818752743839300E-016, 0.0000000000000000000, 1.000000000000000000 ) ) ;
#7274 = FILL_AREA_STYLE ('',( #2863 ) ) ;
#7275 = EDGE_LOOP ( 'NONE', ( #4597, #207 ) ) ;
#7276 = CARTESIAN_POINT ( 'NONE',  ( 7.474999999999995200, 0.0000000000000000000, -1.175000000000000700 ) ) ;
#7277 = ORIENTED_EDGE ( 'NONE', *, *, #4918, .T. ) ;
#7278 = ORIENTED_EDGE ( 'NONE', *, *, #3838, .F. ) ;
#7279 = EDGE_LOOP ( 'NONE', ( #2169, #2335, #7997, #800 ) ) ;
#7280 = EDGE_LOOP ( 'NONE', ( #666, #8038, #2699, #5427 ) ) ;
#7281 = CARTESIAN_POINT ( 'NONE',  ( 0.0000000000000000000, 1.000000000000000000, 7.204999999999999200 ) ) ;
#7282 = VERTEX_POINT ( 'NONE', #6077 ) ;
#7283 = VECTOR ( 'NONE', #5678, 1000.000000000000000 ) ;
#7284 = DIRECTION ( 'NONE',  ( 1.000000000000000000, 0.0000000000000000000, 0.0000000000000000000 ) ) ;
#7285 = CARTESIAN_POINT ( 'NONE',  ( 7.474999999999995200, 1.000000000000000000, -0.4150000000000004200 ) ) ;
#7286 = LINE ( 'NONE', #6994, #4609 ) ;
#7287 = AXIS2_PLACEMENT_3D ( 'NONE', #2706, #4017, #4639 ) ;
#7288 = EDGE_LOOP ( 'NONE', ( #7359, #380, #7856, #7814 ) ) ;
#7289 = ORIENTED_EDGE ( 'NONE', *, *, #4619, .F. ) ;
#7290 = EDGE_CURVE ( 'NONE', #3324, #1358, #5359, .T. ) ;
#7291 = DIRECTION ( 'NONE',  ( 0.0000000000000000000, 0.0000000000000000000, 1.000000000000000000 ) ) ;
#7292 = ORIENTED_EDGE ( 'NONE', *, *, #6993, .T. ) ;
#7293 = VERTEX_POINT ( 'NONE', #1701 ) ;
#7294 = CIRCLE ( 'NONE', #1, 1.199999999999999700 ) ;
#7295 = DIRECTION ( 'NONE',  ( 1.000000000000000000, -0.0000000000000000000, 0.0000000000000000000 ) ) ;
#7296 = CARTESIAN_POINT ( 'NONE',  ( 0.0000000000000000000, 1.000000000000000000, -0.4150000000000004200 ) ) ;
#7297 = DIRECTION ( 'NONE',  ( 0.0000000000000000000, 0.0000000000000000000, 1.000000000000000000 ) ) ;
#7298 = CARTESIAN_POINT ( 'NONE',  ( 7.474999999999996100, 0.0000000000000000000, 11.52499999999999300 ) ) ;
#7299 = AXIS2_PLACEMENT_3D ( 'NONE', #7248, #7812, #2780 ) ;
#7300 = VERTEX_POINT ( 'NONE', #1070 ) ;
#7301 = LINE ( 'NONE', #65, #1180 ) ;
#7302 = AXIS2_PLACEMENT_3D ( 'NONE', #7172, #2704, #5935 ) ;
#7303 = DIRECTION ( 'NONE',  ( -1.000000000000000000, 0.0000000000000000000, 0.0000000000000000000 ) ) ;
#7304 = FACE_OUTER_BOUND ( 'NONE', #7861, .T. ) ;
#7305 = ADVANCED_FACE ( 'NONE', ( #5552 ), #1651, .F. ) ;
#7306 = EDGE_LOOP ( 'NONE', ( #7084, #7473, #2841, #4420 ) ) ;
#7307 = DIRECTION ( 'NONE',  ( -1.000000000000000000, 0.0000000000000000000, -0.0000000000000000000 ) ) ;
#7308 = DIRECTION ( 'NONE',  ( -0.0000000000000000000, -0.0000000000000000000, -1.000000000000000000 ) ) ;
#7309 = LINE ( 'NONE', #6393, #7394 ) ;
#7310 = DIRECTION ( 'NONE',  ( -4.872818752743839300E-016, 0.0000000000000000000, -1.000000000000000000 ) ) ;
#7311 = LINE ( 'NONE', #5653, #6816 ) ;
#7312 =( GEOMETRIC_REPRESENTATION_CONTEXT ( 3 ) GLOBAL_UNCERTAINTY_ASSIGNED_CONTEXT ( ( #4305 ) ) GLOBAL_UNIT_ASSIGNED_CONTEXT ( ( #2394, #490, #3584 ) ) REPRESENTATION_CONTEXT ( 'NONE', 'WORKASPACE' ) );
#7313 = ORIENTED_EDGE ( 'NONE', *, *, #5853, .T. ) ;
#7314 = EDGE_CURVE ( 'NONE', #6587, #2702, #6537, .T. ) ;
#7315 = CARTESIAN_POINT ( 'NONE',  ( 6.735000000000002100, 2.700000000000000200, -8.285000000000000100 ) ) ;
#7316 = CARTESIAN_POINT ( 'NONE',  ( 0.0000000000000000000, 0.0000000000000000000, -0.4150000000000004200 ) ) ;
#7317 = CARTESIAN_POINT ( 'NONE',  ( 8.255000000000070100, 0.0000000000000000000, -4.155000000000008200 ) ) ;
#7318 = ORIENTED_EDGE ( 'NONE', *, *, #1611, .F. ) ;
#7319 = FACE_OUTER_BOUND ( 'NONE', #3502, .T. ) ;
#7320 = VECTOR ( 'NONE', #1919, 1000.000000000000000 ) ;
#7321 = CARTESIAN_POINT ( 'NONE',  ( 0.0000000000000000000, 0.0000000000000000000, 6.444999999999993200 ) ) ;
#7322 = VECTOR ( 'NONE', #3083, 1000.000000000000000 ) ;
#7323 = EDGE_LOOP ( 'NONE', ( #3010, #1612, #2264, #5823 ) ) ;
#7324 = VECTOR ( 'NONE', #1406, 1000.000000000000000 ) ;
#7325 = EDGE_CURVE ( 'NONE', #2707, #7386, #4375, .T. ) ;
#7326 = DIRECTION ( 'NONE',  ( -0.0000000000000000000, 1.000000000000000000, -0.0000000000000000000 ) ) ;
#7327 = ORIENTED_EDGE ( 'NONE', *, *, #2308, .T. ) ;
#7328 = VECTOR ( 'NONE', #3367, 1000.000000000000000 ) ;
#7329 = LINE ( 'NONE', #1814, #2088 ) ;
#7330 = VECTOR ( 'NONE', #6368, 1000.000000000000000 ) ;
#7331 = EDGE_LOOP ( 'NONE', ( #7234, #2876, #3549, #673 ) ) ;
#7332 = DIRECTION ( 'NONE',  ( 0.0000000000000000000, 1.000000000000000000, 0.0000000000000000000 ) ) ;
#7333 = DIRECTION ( 'NONE',  ( 0.0000000000000000000, 0.0000000000000000000, 1.000000000000000000 ) ) ;
#7334 = VECTOR ( 'NONE', #2970, 1000.000000000000000 ) ;
#7335 = LINE ( 'NONE', #3534, #6227 ) ;
#7336 = ORIENTED_EDGE ( 'NONE', *, *, #6838, .T. ) ;
#7337 = AXIS2_PLACEMENT_3D ( 'NONE', #570, #3169, #6342 ) ;
#7338 = DIRECTION ( 'NONE',  ( -1.000000000000000000, 0.0000000000000000000, -0.0000000000000000000 ) ) ;
#7339 = CARTESIAN_POINT ( 'NONE',  ( -9.975000000000024500, 1.000000000000000000, 2.125000000000000000 ) ) ;
#7340 = ADVANCED_FACE ( 'NONE', ( #1025 ), #2399, .F. ) ;
#7341 = VECTOR ( 'NONE', #7572, 1000.000000000000000 ) ;
#7342 = LINE ( 'NONE', #6989, #2310 ) ;
#7343 = AXIS2_PLACEMENT_3D ( 'NONE', #4924, #4220, #5577 ) ;
#7344 = EDGE_LOOP ( 'NONE', ( #5374, #5460, #4002, #6378 ) ) ;
#7345 = EDGE_CURVE ( 'NONE', #5751, #6088, #3985, .T. ) ;
#7346 = EDGE_CURVE ( 'NONE', #8046, #1968, #3570, .T. ) ;
#7347 = CIRCLE ( 'NONE', #4577, 0.4499999999999999000 ) ;
#7348 = DIRECTION ( 'NONE',  ( 1.000000000000000000, 0.0000000000000000000, 0.0000000000000000000 ) ) ;
#7349 = CYLINDRICAL_SURFACE ( 'NONE', #4470, 0.2500000000000002200 ) ;
#7350 = VERTEX_POINT ( 'NONE', #4919 ) ;
#7351 = DIRECTION ( 'NONE',  ( 0.0000000000000000000, 0.0000000000000000000, 1.000000000000000000 ) ) ;
#7352 = CARTESIAN_POINT ( 'NONE',  ( 7.474999999999952600, 0.0000000000000000000, -1.175000000000007600 ) ) ;
#7353 = CIRCLE ( 'NONE', #803, 0.4500000000000002900 ) ;
#7354 = EDGE_CURVE ( 'NONE', #5936, #1918, #3785, .T. ) ;
#7355 = ORIENTED_EDGE ( 'NONE', *, *, #7546, .F. ) ;
#7356 = ORIENTED_EDGE ( 'NONE', *, *, #1277, .F. ) ;
#7357 = DIRECTION ( 'NONE',  ( 0.0000000000000000000, 1.000000000000000000, 0.0000000000000000000 ) ) ;
#7358 = DIRECTION ( 'NONE',  ( -4.872818752743839300E-016, 0.0000000000000000000, 1.000000000000000000 ) ) ;
#7359 = ORIENTED_EDGE ( 'NONE', *, *, #1873, .F. ) ;
#7360 = DIRECTION ( 'NONE',  ( 0.0000000000000000000, -0.0000000000000000000, 1.000000000000000000 ) ) ;
#7361 = LINE ( 'NONE', #4013, #4590 ) ;
#7362 = CARTESIAN_POINT ( 'NONE',  ( 1.905000000000000000, 1.000000000000000000, -12.59500000000000200 ) ) ;
#7363 = DIRECTION ( 'NONE',  ( -0.0000000000000000000, -1.000000000000000000, -0.0000000000000000000 ) ) ;
#7364 = VERTEX_POINT ( 'NONE', #2372 ) ;
#7365 = DIRECTION ( 'NONE',  ( -0.0000000000000000000, -1.000000000000000000, 0.0000000000000000000 ) ) ;
#7366 = ORIENTED_EDGE ( 'NONE', *, *, #3804, .F. ) ;
#7367 = DIRECTION ( 'NONE',  ( -1.000000000000000000, 0.0000000000000000000, -0.0000000000000000000 ) ) ;
#7368 = ORIENTED_EDGE ( 'NONE', *, *, #732, .F. ) ;
#7369 = CARTESIAN_POINT ( 'NONE',  ( 7.474999999999980100, 0.0000000000000000000, 4.664999999999992900 ) ) ;
#7370 = VERTEX_POINT ( 'NONE', #2991 ) ;
#7371 = VERTEX_POINT ( 'NONE', #7434 ) ;
#7372 = CARTESIAN_POINT ( 'NONE',  ( 7.474999999999998800, 0.0000000000000000000, 9.745000000000001000 ) ) ;
#7373 = AXIS2_PLACEMENT_3D ( 'NONE', #2793, #3485, #5911 ) ;
#7374 = DIRECTION ( 'NONE',  ( -0.0000000000000000000, -1.000000000000000000, -0.0000000000000000000 ) ) ;
#7375 = EDGE_CURVE ( 'NONE', #1218, #1689, #3380, .T. ) ;
#7376 = LINE ( 'NONE', #7579, #5488 ) ;
#7377 = ADVANCED_FACE ( 'NONE', ( #1897 ), #4292, .T. ) ;
#7378 = EDGE_CURVE ( 'NONE', #319, #5997, #6742, .T. ) ;
#7379 = VERTEX_POINT ( 'NONE', #3016 ) ;
#7380 = ORIENTED_EDGE ( 'NONE', *, *, #614, .T. ) ;
#7381 = CARTESIAN_POINT ( 'NONE',  ( 6.735000000000002100, 2.949999999999999700, 12.97500000000000000 ) ) ;
#7382 = ORIENTED_EDGE ( 'NONE', *, *, #1296, .T. ) ;
#7383 = CARTESIAN_POINT ( 'NONE',  ( 6.749644660940673700, 2.609976000000000100, 12.97500000000000000 ) ) ;
#7384 = CIRCLE ( 'NONE', #6060, 0.4500000000000002900 ) ;
#7385 = CARTESIAN_POINT ( 'NONE',  ( -7.475000000000060000, 0.0000000000000000000, -8.035000000000000100 ) ) ;
#7386 = VERTEX_POINT ( 'NONE', #6320 ) ;
#7387 = CARTESIAN_POINT ( 'NONE',  ( 0.0000000000000000000, 1.350000000000000100, -11.00500000000000100 ) ) ;
#7388 = CARTESIAN_POINT ( 'NONE',  ( 7.474999999999995200, 0.0000000000000000000, 2.125000000000000000 ) ) ;
#7389 = AXIS2_PLACEMENT_3D ( 'NONE', #6134, #502, #6890 ) ;
#7390 = VECTOR ( 'NONE', #5501, 1000.000000000000000 ) ;
#7391 = EDGE_LOOP ( 'NONE', ( #7760, #6280, #5708, #7158 ) ) ;
#7392 = EDGE_CURVE ( 'NONE', #3231, #3249, #4861, .T. ) ;
#7393 = EDGE_CURVE ( 'NONE', #6155, #2547, #2407, .T. ) ;
#7394 = VECTOR ( 'NONE', #5121, 1000.000000000000000 ) ;
#7395 = VECTOR ( 'NONE', #18, 1000.000000000000000 ) ;
#7396 = DIRECTION ( 'NONE',  ( 4.872818752743839300E-016, 0.0000000000000000000, 1.000000000000000000 ) ) ;
#7397 = EDGE_LOOP ( 'NONE', ( #6033, #7549, #2332, #4157 ) ) ;
#7398 = CARTESIAN_POINT ( 'NONE',  ( 8.255000000000070100, 0.0000000000000000000, -5.055000000000008600 ) ) ;
#7399 = DIRECTION ( 'NONE',  ( 0.0000000000000000000, 0.0000000000000000000, 1.000000000000000000 ) ) ;
#7400 = ORIENTED_EDGE ( 'NONE', *, *, #2206, .F. ) ;
#7401 = AXIS2_PLACEMENT_3D ( 'NONE', #1113, #5512, #646 ) ;
#7402 = AXIS2_PLACEMENT_3D ( 'NONE', #2214, #5287, #2696 ) ;
#7403 = DIRECTION ( 'NONE',  ( -1.000000000000000000, -0.0000000000000000000, 1.387778780781446500E-015 ) ) ;
#7404 = VECTOR ( 'NONE', #3983, 1000.000000000000000 ) ;
#7405 = FACE_OUTER_BOUND ( 'NONE', #3598, .T. ) ;
#7406 = VERTEX_POINT ( 'NONE', #3043 ) ;
#7407 = DIRECTION ( 'NONE',  ( 1.000000000000000000, 0.0000000000000000000, 0.0000000000000000000 ) ) ;
#7408 = CARTESIAN_POINT ( 'NONE',  ( -9.974999999999997900, 0.0000000000000000000, 9.745000000000001000 ) ) ;
#7409 = FACE_OUTER_BOUND ( 'NONE', #5195, .T. ) ;
#7410 = DIRECTION ( 'NONE',  ( 0.0000000000000000000, 0.0000000000000000000, -1.000000000000000000 ) ) ;
#7411 = EDGE_LOOP ( 'NONE', ( #3880, #4310, #4202, #6594 ) ) ;
#7412 = VECTOR ( 'NONE', #624, 1000.000000000000000 ) ;
#7413 = CARTESIAN_POINT ( 'NONE',  ( -6.984999999999997700, 2.609976000000000100, 12.97500000000000000 ) ) ;
#7414 = EDGE_CURVE ( 'NONE', #6456, #2913, #2987, .T. ) ;
#7415 = VECTOR ( 'NONE', #2981, 1000.000000000000000 ) ;
#7416 =( LENGTH_UNIT ( ) NAMED_UNIT ( * ) SI_UNIT ( .MILLI., .METRE. ) );
#7417 = DIRECTION ( 'NONE',  ( 0.0000000000000000000, 0.0000000000000000000, 1.000000000000000000 ) ) ;
#7418 = DIRECTION ( 'NONE',  ( 1.000000000000000000, -0.0000000000000000000, 0.0000000000000000000 ) ) ;
#7419 = FACE_OUTER_BOUND ( 'NONE', #4386, .T. ) ;
#7420 = ADVANCED_FACE ( 'NONE', ( #2898, #1621 ), #688, .T. ) ;
#7421 = ORIENTED_EDGE ( 'NONE', *, *, #202, .T. ) ;
#7422 = FACE_BOUND ( 'NONE', #3012, .T. ) ;
#7423 = ORIENTED_EDGE ( 'NONE', *, *, #882, .T. ) ;
#7424 = ORIENTED_EDGE ( 'NONE', *, *, #4679, .F. ) ;
#7425 = EDGE_CURVE ( 'NONE', #2642, #7713, #5651, .T. ) ;
#7426 = VECTOR ( 'NONE', #1023, 1000.000000000000000 ) ;
#7427 = CARTESIAN_POINT ( 'NONE',  ( 7.474999999999991700, 0.0000000000000000000, 3.642432017676015700E-015 ) ) ;
#7428 = VECTOR ( 'NONE', #4341, 1000.000000000000000 ) ;
#7429 = CARTESIAN_POINT ( 'NONE',  ( 9.975000000000001400, 0.0000000000000000000, 13.47500000000000100 ) ) ;
#7430 = CARTESIAN_POINT ( 'NONE',  ( -7.475000000000005900, 0.0000000000000000000, 7.204999999999999200 ) ) ;
#7431 = FACE_BOUND ( 'NONE', #4107, .T. ) ;
#7432 = ORIENTED_EDGE ( 'NONE', *, *, #7354, .T. ) ;
#7433 = CARTESIAN_POINT ( 'NONE',  ( 7.474999999999998800, 0.0000000000000000000, 4.665000000000000000 ) ) ;
#7434 = CARTESIAN_POINT ( 'NONE',  ( -7.475000000000059200, 1.000000000000000000, -6.254999999999999900 ) ) ;
#7435 = AXIS2_PLACEMENT_3D ( 'NONE', #5327, #5960, #3426 ) ;
#7436 = DIRECTION ( 'NONE',  ( -0.0000000000000000000, -1.000000000000000000, -0.0000000000000000000 ) ) ;
#7437 = LINE ( 'NONE', #5920, #2410 ) ;
#7438 = CIRCLE ( 'NONE', #2782, 0.4499999999999999000 ) ;
#7439 = EDGE_CURVE ( 'NONE', #6387, #5751, #5453, .T. ) ;
#7440 = DIRECTION ( 'NONE',  ( -0.0000000000000000000, 1.000000000000000000, -0.0000000000000000000 ) ) ;
#7441 = CARTESIAN_POINT ( 'NONE',  ( -9.975000000000042300, 0.0000000000000000000, -2.955000000000001000 ) ) ;
#7442 = VERTEX_POINT ( 'NONE', #4480 ) ;
#7443 = LINE ( 'NONE', #6811, #2608 ) ;
#7444 = VERTEX_POINT ( 'NONE', #2631 ) ;
#7445 = AXIS2_PLACEMENT_3D ( 'NONE', #4450, #680, #2075 ) ;
#7446 = DIRECTION ( 'NONE',  ( 0.0000000000000000000, 0.0000000000000000000, 1.000000000000000000 ) ) ;
#7447 = ORIENTED_EDGE ( 'NONE', *, *, #5915, .F. ) ;
#7448 = EDGE_CURVE ( 'NONE', #8153, #4403, #7342, .T. ) ;
#7449 = EDGE_CURVE ( 'NONE', #4207, #4783, #6232, .T. ) ;
#7450 = CARTESIAN_POINT ( 'NONE',  ( 0.0000000000000000000, 1.000000000000000000, 11.52499999999999300 ) ) ;
#7451 = PLANE ( 'NONE',  #2154 ) ;
#7452 = VECTOR ( 'NONE', #5368, 1000.000000000000000 ) ;
#7453 = ORIENTED_EDGE ( 'NONE', *, *, #6639, .F. ) ;
#7454 = CLOSED_SHELL ( 'NONE', ( #3278, #1871, #4119, #5044, #1669, #852, #5587, #5388 ) ) ;
#7455 = ADVANCED_FACE ( 'NONE', ( #1226 ), #4559, .F. ) ;
#7456 = EDGE_LOOP ( 'NONE', ( #8050, #3882, #74, #1751 ) ) ;
#7457 = FILL_AREA_STYLE_COLOUR ( '', #7662 ) ;
#7458 = EDGE_CURVE ( 'NONE', #561, #3475, #1314, .T. ) ;
#7459 = FACE_OUTER_BOUND ( 'NONE', #4040, .T. ) ;
#7460 = CARTESIAN_POINT ( 'NONE',  ( 9.974999999999944600, 0.0000000000000000000, -5.495000000000007200 ) ) ;
#7461 = CARTESIAN_POINT ( 'NONE',  ( 9.975000000000001400, 1.000000000000000000, 13.47500000000000100 ) ) ;
#7462 = VERTEX_POINT ( 'NONE', #2605 ) ;
#7463 = ORIENTED_EDGE ( 'NONE', *, *, #3892, .F. ) ;
#7464 = CARTESIAN_POINT ( 'NONE',  ( 0.0000000000000000000, 0.0000000000000000000, -0.4150000000000073600 ) ) ;
#7465 = CARTESIAN_POINT ( 'NONE',  ( -9.975000000000006800, 0.0000000000000000000, 7.204999999999999200 ) ) ;
#7466 = FACE_OUTER_BOUND ( 'NONE', #1227, .T. ) ;
#7467 = DIRECTION ( 'NONE',  ( 0.0000000000000000000, 1.000000000000000000, 0.0000000000000000000 ) ) ;
#7468 = LINE ( 'NONE', #4106, #1448 ) ;
#7469 = ORIENTED_EDGE ( 'NONE', *, *, #4050, .T. ) ;
#7470 = ORIENTED_EDGE ( 'NONE', *, *, #6707, .T. ) ;
#7471 = ORIENTED_EDGE ( 'NONE', *, *, #1031, .T. ) ;
#7472 = ORIENTED_EDGE ( 'NONE', *, *, #1115, .F. ) ;
#7473 = ORIENTED_EDGE ( 'NONE', *, *, #2119, .T. ) ;
#7474 = FACE_OUTER_BOUND ( 'NONE', #755, .T. ) ;
#7475 = CARTESIAN_POINT ( 'NONE',  ( 7.474999999999995200, 0.0000000000000000000, -6.254999999999999900 ) ) ;
#7476 = VECTOR ( 'NONE', #1484, 1000.000000000000000 ) ;
#7477 = EDGE_LOOP ( 'NONE', ( #3393, #6704, #353, #5668 ) ) ;
#7478 = PLANE ( 'NONE',  #7401 ) ;
#7479 = PLANE ( 'NONE',  #1854 ) ;
#7480 = EDGE_LOOP ( 'NONE', ( #5627, #2093, #4594, #4034 ) ) ;
#7481 = ORIENTED_EDGE ( 'NONE', *, *, #6331, .F. ) ;
#7482 = EDGE_CURVE ( 'NONE', #6371, #4804, #1516, .T. ) ;
#7483 = CARTESIAN_POINT ( 'NONE',  ( -6.749644660940670200, 2.949999999999999700, -8.335000000000000900 ) ) ;
#7484 = PRESENTATION_STYLE_ASSIGNMENT (( #3631 ) ) ;
#7485 = VERTEX_POINT ( 'NONE', #7072 ) ;
#7486 = CARTESIAN_POINT ( 'NONE',  ( 7.474999999999995200, 0.0000000000000000000, -1.175000000000000700 ) ) ;
#7487 = DIRECTION ( 'NONE',  ( -0.0000000000000000000, 1.000000000000000000, -0.0000000000000000000 ) ) ;
#7488 = PRESENTATION_STYLE_ASSIGNMENT (( #5898 ) ) ;
#7489 = CARTESIAN_POINT ( 'NONE',  ( 7.474999999999998800, 1.000000000000000000, 11.52500000000000000 ) ) ;
#7490 = CARTESIAN_POINT ( 'NONE',  ( 9.974999999999989000, 0.0000000000000000000, 8.984999999999992300 ) ) ;
#7491 = LINE ( 'NONE', #885, #5816 ) ;
#7492 = EDGE_LOOP ( 'NONE', ( #2450, #1173, #5736, #1841 ) ) ;
#7493 = CARTESIAN_POINT ( 'NONE',  ( -8.255000000000158900, 0.0000000000000000000, 0.4749999999999979800 ) ) ;
#7494 = DIRECTION ( 'NONE',  ( -0.0000000000000000000, -1.000000000000000000, -0.0000000000000000000 ) ) ;
#7495 = FACE_BOUND ( 'NONE', #3018, .T. ) ;
#7496 = ADVANCED_FACE ( 'NONE', ( #1123 ), #7044, .F. ) ;
#7497 = FACE_OUTER_BOUND ( 'NONE', #7520, .T. ) ;
#7498 = EDGE_CURVE ( 'NONE', #687, #2153, #923, .T. ) ;
#7499 = ORIENTED_EDGE ( 'NONE', *, *, #5333, .T. ) ;
#7500 = ADVANCED_FACE ( 'NONE', ( #7629 ), #2684, .F. ) ;
#7501 = CARTESIAN_POINT ( 'NONE',  ( 0.0000000000000000000, 0.0000000000000000000, -3.715000000000006500 ) ) ;
#7502 = LINE ( 'NONE', #7009, #3752 ) ;
#7503 = DIRECTION ( 'NONE',  ( 0.0000000000000000000, 0.0000000000000000000, -1.000000000000000000 ) ) ;
#7504 = CARTESIAN_POINT ( 'NONE',  ( -6.749644660940670200, 2.949999999999999700, -8.535000000000000100 ) ) ;
#7505 = VECTOR ( 'NONE', #8103, 1000.000000000000000 ) ;
#7506 = CARTESIAN_POINT ( 'NONE',  ( 0.0000000000000000000, 0.0000000000000000000, 7.204999999999993000 ) ) ;
#7507 = VECTOR ( 'NONE', #6793, 1000.000000000000000 ) ;
#7508 = DIRECTION ( 'NONE',  ( 0.0000000000000000000, -1.000000000000000000, 0.0000000000000000000 ) ) ;
#7509 = EDGE_LOOP ( 'NONE', ( #7469, #4630, #6257, #4890 ) ) ;
#7510 = VECTOR ( 'NONE', #4885, 1000.000000000000000 ) ;
#7511 = DIRECTION ( 'NONE',  ( -1.000000000000000000, 0.0000000000000000000, -0.0000000000000000000 ) ) ;
#7512 = CARTESIAN_POINT ( 'NONE',  ( 0.0000000000000000000, 1.350000000000000100, -11.00500000000000100 ) ) ;
#7513 = VERTEX_POINT ( 'NONE', #4618 ) ;
#7514 = SURFACE_STYLE_FILL_AREA ( #6542 ) ;
#7515 = CARTESIAN_POINT ( 'NONE',  ( -9.975000000000042300, 0.0000000000000000000, -2.955000000000001000 ) ) ;
#7516 = CYLINDRICAL_SURFACE ( 'NONE', #6546, 1.199999999999999700 ) ;
#7517 = VECTOR ( 'NONE', #93, 1000.000000000000000 ) ;
#7518 = DIRECTION ( 'NONE',  ( -1.000000000000000000, 0.0000000000000000000, 0.0000000000000000000 ) ) ;
#7519 = DIRECTION ( 'NONE',  ( 0.0000000000000000000, 1.000000000000000000, 0.0000000000000000000 ) ) ;
#7520 = EDGE_LOOP ( 'NONE', ( #216, #2375, #6506, #2734 ) ) ;
#7521 = CARTESIAN_POINT ( 'NONE',  ( 0.0000000000000000000, 0.0000000000000000000, -2.955000000000008100 ) ) ;
#7522 = CARTESIAN_POINT ( 'NONE',  ( -9.975000000000006800, 1.000000000000000000, 7.204999999999999200 ) ) ;
#7523 = VECTOR ( 'NONE', #5942, 1000.000000000000000 ) ;
#7524 = ORIENTED_EDGE ( 'NONE', *, *, #1115, .T. ) ;
#7525 = AXIS2_PLACEMENT_3D ( 'NONE', #2659, #4536, #5784 ) ;
#7526 = EDGE_CURVE ( 'NONE', #6779, #6768, #42, .T. ) ;
#7527 = DIRECTION ( 'NONE',  ( 0.0000000000000000000, 1.000000000000000000, 0.0000000000000000000 ) ) ;
#7528 = ADVANCED_FACE ( 'NONE', ( #7431, #6442 ), #103, .F. ) ;
#7529 = PLANE ( 'NONE',  #6271 ) ;
#7530 = EDGE_CURVE ( 'NONE', #1358, #3324, #7738, .T. ) ;
#7531 = VECTOR ( 'NONE', #5106, 1000.000000000000000 ) ;
#7532 = DIRECTION ( 'NONE',  ( -1.000000000000000000, 0.0000000000000000000, 0.0000000000000000000 ) ) ;
#7533 = VECTOR ( 'NONE', #6147, 1000.000000000000000 ) ;
#7534 = CARTESIAN_POINT ( 'NONE',  ( 9.974999999999989000, 1.000000000000000000, 7.204999999999993000 ) ) ;
#7535 = ORIENTED_EDGE ( 'NONE', *, *, #5470, .F. ) ;
#7536 = DIRECTION ( 'NONE',  ( -0.0000000000000000000, 0.0000000000000000000, 1.000000000000000000 ) ) ;
#7537 = ADVANCED_FACE ( 'NONE', ( #5948 ), #6135, .F. ) ;
#7538 = DIRECTION ( 'NONE',  ( -0.0000000000000000000, -1.000000000000000000, -0.0000000000000000000 ) ) ;
#7539 = FACE_OUTER_BOUND ( 'NONE', #3802, .T. ) ;
#7540 = CARTESIAN_POINT ( 'NONE',  ( -8.254999999999961700, 0.0000000000000000000, 10.63500000000000000 ) ) ;
#7541 = ADVANCED_FACE ( 'NONE', ( #631 ), #206, .F. ) ;
#7542 =( NAMED_UNIT ( * ) SI_UNIT ( $, .STERADIAN. ) SOLID_ANGLE_UNIT ( ) );
#7543 = EDGE_LOOP ( 'NONE', ( #7613, #409, #5595, #2623 ) ) ;
#7544 = AXIS2_PLACEMENT_3D ( 'NONE', #7413, #1945, #3625 ) ;
#7545 = EDGE_CURVE ( 'NONE', #5936, #6455, #6048, .T. ) ;
#7546 = EDGE_CURVE ( 'NONE', #3312, #1191, #5852, .T. ) ;
#7547 = CARTESIAN_POINT ( 'NONE',  ( 0.0000000000000000000, 1.350000000000000100, -11.00500000000000100 ) ) ;
#7548 = LINE ( 'NONE', #4065, #4299 ) ;
#7549 = ORIENTED_EDGE ( 'NONE', *, *, #7847, .T. ) ;
#7550 = DIRECTION ( 'NONE',  ( 0.0000000000000000000, 0.0000000000000000000, 1.000000000000000000 ) ) ;
#7551 = ORIENTED_EDGE ( 'NONE', *, *, #2521, .T. ) ;
#7552 = VERTEX_POINT ( 'NONE', #6573 ) ;
#7553 = LINE ( 'NONE', #7867, #3300 ) ;
#7554 = AXIS2_PLACEMENT_3D ( 'NONE', #5956, #1559, #4749 ) ;
#7555 = ORIENTED_EDGE ( 'NONE', *, *, #4050, .F. ) ;
#7556 = ORIENTED_EDGE ( 'NONE', *, *, #5762, .T. ) ;
#7557 = VERTEX_POINT ( 'NONE', #5812 ) ;
#7558 = CARTESIAN_POINT ( 'NONE',  ( 9.974999999999944600, 0.0000000000000000000, -5.495000000000007200 ) ) ;
#7559 = ORIENTED_EDGE ( 'NONE', *, *, #4729, .F. ) ;
#7560 = DIRECTION ( 'NONE',  ( 0.0000000000000000000, 0.0000000000000000000, 1.000000000000000000 ) ) ;
#7561 = FACE_BOUND ( 'NONE', #2057, .T. ) ;
#7562 = PLANE ( 'NONE',  #2090 ) ;
#7563 = CARTESIAN_POINT ( 'NONE',  ( -8.254999999999961700, 1.000000000000000000, 10.18500000000015300 ) ) ;
#7564 = VERTEX_POINT ( 'NONE', #4758 ) ;
#7565 = ORIENTED_EDGE ( 'NONE', *, *, #1688, .F. ) ;
#7566 = ORIENTED_EDGE ( 'NONE', *, *, #744, .F. ) ;
#7567 = EDGE_LOOP ( 'NONE', ( #2926, #6353, #4624, #121 ) ) ;
#7568 = CARTESIAN_POINT ( 'NONE',  ( 9.975000000000001400, 1.000000000000000000, 13.47500000000000100 ) ) ;
#7569 = STYLED_ITEM ( 'NONE', ( #2482 ), #3441 ) ;
#7570 = DIRECTION ( 'NONE',  ( 0.0000000000000000000, 0.0000000000000000000, 1.000000000000000000 ) ) ;
#7571 = EDGE_CURVE ( 'NONE', #86, #1734, #2693, .T. ) ;
#7572 = DIRECTION ( 'NONE',  ( 0.0000000000000000000, 1.000000000000000000, 0.0000000000000000000 ) ) ;
#7573 = FACE_OUTER_BOUND ( 'NONE', #3645, .T. ) ;
#7574 = VECTOR ( 'NONE', #5252, 1000.000000000000000 ) ;
#7575 = ORIENTED_EDGE ( 'NONE', *, *, #8084, .F. ) ;
#7576 = VERTEX_POINT ( 'NONE', #2140 ) ;
#7577 = ORIENTED_EDGE ( 'NONE', *, *, #365, .F. ) ;
#7578 = CARTESIAN_POINT ( 'NONE',  ( -7.475000000000009400, 0.0000000000000000000, 3.642432017676024400E-015 ) ) ;
#7579 = CARTESIAN_POINT ( 'NONE',  ( -6.984999999999997700, 2.609976000000000100, -8.335000000000000900 ) ) ;
#7580 = ORIENTED_EDGE ( 'NONE', *, *, #4568, .F. ) ;
#7581 = ADVANCED_FACE ( 'NONE', ( #3178 ), #4132, .T. ) ;
#7582 = EDGE_CURVE ( 'NONE', #6636, #1595, #4668, .T. ) ;
#7583 = ADVANCED_FACE ( 'NONE', ( #4569 ), #4052, .F. ) ;
#7584 = CARTESIAN_POINT ( 'NONE',  ( 6.735000000000002100, 2.949999999999999700, 12.97500000000000000 ) ) ;
#7585 = DIRECTION ( 'NONE',  ( 1.000000000000000000, 0.0000000000000000000, 0.0000000000000000000 ) ) ;
#7586 = ORIENTED_EDGE ( 'NONE', *, *, #2396, .T. ) ;
#7587 = DIRECTION ( 'NONE',  ( -4.872818752743839300E-016, 0.0000000000000000000, 1.000000000000000000 ) ) ;
#7588 = PRODUCT_RELATED_PRODUCT_CATEGORY ( 'part', '', ( #411 ) ) ;
#7589 = MANIFOLD_SOLID_BREP ( 'Boss-Extrude3[6]', #2369 ) ;
#7590 = DIRECTION ( 'NONE',  ( 0.0000000000000000000, 0.0000000000000000000, 1.000000000000000000 ) ) ;
#7591 = CIRCLE ( 'NONE', #3763, 0.4500000000000007300 ) ;
#7592 = DIRECTION ( 'NONE',  ( 1.000000000000000000, 0.0000000000000000000, 0.0000000000000000000 ) ) ;
#7593 = AXIS2_PLACEMENT_3D ( 'NONE', #1258, #5659, #1881 ) ;
#7594 = FACE_OUTER_BOUND ( 'NONE', #6698, .T. ) ;
#7595 = CARTESIAN_POINT ( 'NONE',  ( 9.974999999999997900, 1.000000000000000000, 9.744999999999997400 ) ) ;
#7596 = ORIENTED_EDGE ( 'NONE', *, *, #4565, .F. ) ;
#7597 = EDGE_CURVE ( 'NONE', #1084, #7513, #3677, .T. ) ;
#7598 = LINE ( 'NONE', #7143, #4441 ) ;
#7599 = CARTESIAN_POINT ( 'NONE',  ( -9.975000000000015600, 0.0000000000000000000, 4.665000000000000000 ) ) ;
#7600 = VECTOR ( 'NONE', #4445, 1000.000000000000000 ) ;
#7601 = CARTESIAN_POINT ( 'NONE',  ( -1.905000000000000000, 1.350000000000000100, -9.415000000000000900 ) ) ;
#7602 =( GEOMETRIC_REPRESENTATION_CONTEXT ( 3 ) GLOBAL_UNCERTAINTY_ASSIGNED_CONTEXT ( ( #4063 ) ) GLOBAL_UNIT_ASSIGNED_CONTEXT ( ( #7416, #8077, #4298 ) ) REPRESENTATION_CONTEXT ( 'NONE', 'WORKASPACE' ) );
#7603 = DIRECTION ( 'NONE',  ( 0.0000000000000000000, 0.0000000000000000000, -1.000000000000000000 ) ) ;
#7604 = VECTOR ( 'NONE', #3812, 1000.000000000000000 ) ;
#7605 = ORIENTED_EDGE ( 'NONE', *, *, #348, .T. ) ;
#7606 = FACE_OUTER_BOUND ( 'NONE', #4912, .T. ) ;
#7607 = EDGE_CURVE ( 'NONE', #3890, #291, #4769, .T. ) ;
#7608 = EDGE_CURVE ( 'NONE', #7664, #7564, #133, .T. ) ;
#7609 = CARTESIAN_POINT ( 'NONE',  ( -1.905000000000000000, 1.350000000000000100, -12.59500000000000200 ) ) ;
#7610 = VECTOR ( 'NONE', #2929, 1000.000000000000000 ) ;
#7611 = DIRECTION ( 'NONE',  ( 1.000000000000000000, -0.0000000000000000000, 0.0000000000000000000 ) ) ;
#7612 = DIRECTION ( 'NONE',  ( 0.0000000000000000000, 0.0000000000000000000, 1.000000000000000000 ) ) ;
#7613 = ORIENTED_EDGE ( 'NONE', *, *, #498, .T. ) ;
#7614 = DIRECTION ( 'NONE',  ( 0.0000000000000000000, 1.000000000000000000, 0.0000000000000000000 ) ) ;
#7615 = VECTOR ( 'NONE', #7587, 1000.000000000000000 ) ;
#7616 = AXIS2_PLACEMENT_3D ( 'NONE', #2888, #2910, #5520 ) ;
#7617 = EDGE_CURVE ( 'NONE', #379, #2160, #5847, .T. ) ;
#7618 = ORIENTED_EDGE ( 'NONE', *, *, #3085, .T. ) ;
#7619 = EDGE_LOOP ( 'NONE', ( #3772, #5869, #6646, #3710 ) ) ;
#7620 = CARTESIAN_POINT ( 'NONE',  ( 0.0000000000000000000, 0.0000000000000000000, 2.124999999999993300 ) ) ;
#7621 = CARTESIAN_POINT ( 'NONE',  ( -9.974999999999997900, 1.000000000000000000, 13.47500000000000100 ) ) ;
#7622 = DIRECTION ( 'NONE',  ( 0.0000000000000000000, 0.0000000000000000000, -1.000000000000000000 ) ) ;
#7623 = LINE ( 'NONE', #8001, #6329 ) ;
#7624 = CIRCLE ( 'NONE', #2510, 0.4499999999999999000 ) ;
#7625 = CARTESIAN_POINT ( 'NONE',  ( -7.475000000000055600, 1.000000000000000000, 3.642432017676047300E-015 ) ) ;
#7626 = ADVANCED_FACE ( 'NONE', ( #6843 ), #2821, .F. ) ;
#7627 = DIRECTION ( 'NONE',  ( -1.000000000000000000, 0.0000000000000000000, -0.0000000000000000000 ) ) ;
#7628 = CARTESIAN_POINT ( 'NONE',  ( 6.985000000000000300, 2.949999999999999700, -8.299644660940671800 ) ) ;
#7629 = FACE_OUTER_BOUND ( 'NONE', #4941, .T. ) ;
#7630 = DIRECTION ( 'NONE',  ( -1.000000000000000000, 0.0000000000000000000, 0.0000000000000000000 ) ) ;
#7631 = CARTESIAN_POINT ( 'NONE',  ( 7.474999999999960600, 0.0000000000000000000, 1.364999999999992900 ) ) ;
#7632 = DIRECTION ( 'NONE',  ( 1.000000000000000000, 0.0000000000000000000, 0.0000000000000000000 ) ) ;
#7633 = CARTESIAN_POINT ( 'NONE',  ( 6.749644660940670200, 1.000000000000000000, 12.97500000000000000 ) ) ;
#7634 = LINE ( 'NONE', #6701, #1522 ) ;
#7635 = AXIS2_PLACEMENT_3D ( 'NONE', #5303, #7877, #1533 ) ;
#7636 = EDGE_CURVE ( 'NONE', #8069, #4989, #4177, .T. ) ;
#7637 = LINE ( 'NONE', #5442, #136 ) ;
#7638 = ORIENTED_EDGE ( 'NONE', *, *, #1231, .F. ) ;
#7639 = DIRECTION ( 'NONE',  ( 0.0000000000000000000, 1.000000000000000000, 0.0000000000000000000 ) ) ;
#7640 =( LENGTH_UNIT ( ) NAMED_UNIT ( * ) SI_UNIT ( .MILLI., .METRE. ) );
#7641 = CARTESIAN_POINT ( 'NONE',  ( 8.255000000000114500, 1.000000000000000000, 8.094999999999991800 ) ) ;
#7642 = ORIENTED_EDGE ( 'NONE', *, *, #7880, .F. ) ;
#7643 = VECTOR ( 'NONE', #6265, 1000.000000000000000 ) ;
#7644 = DIRECTION ( 'NONE',  ( -1.000000000000000000, -0.0000000000000000000, 1.387778780781446500E-015 ) ) ;
#7645 = AXIS2_PLACEMENT_3D ( 'NONE', #485, #4287, #8128 ) ;
#7646 = EDGE_LOOP ( 'NONE', ( #2445, #1853, #8078, #3298 ) ) ;
#7647 = PLANE ( 'NONE',  #6045 ) ;
#7648 = ORIENTED_EDGE ( 'NONE', *, *, #7439, .T. ) ;
#7649 = CARTESIAN_POINT ( 'NONE',  ( 0.0000000000000000000, 0.0000000000000000000, 3.905000000000000700 ) ) ;
#7650 = DIRECTION ( 'NONE',  ( 4.872818752743839300E-016, 0.0000000000000000000, 1.000000000000000000 ) ) ;
#7651 = VECTOR ( 'NONE', #4694, 1000.000000000000000 ) ;
#7652 = DIRECTION ( 'NONE',  ( 0.0000000000000000000, 0.0000000000000000000, 1.000000000000000000 ) ) ;
#7653 = DIRECTION ( 'NONE',  ( -4.872818752743839300E-016, 0.0000000000000000000, 1.000000000000000000 ) ) ;
#7654 = ORIENTED_EDGE ( 'NONE', *, *, #3792, .F. ) ;
#7655 = VERTEX_POINT ( 'NONE', #289 ) ;
#7656 = AXIS2_PLACEMENT_3D ( 'NONE', #2594, #1954, #3840 ) ;
#7657 = EDGE_LOOP ( 'NONE', ( #5916, #5482, #6981, #6278 ) ) ;
#7658 = ORIENTED_EDGE ( 'NONE', *, *, #7526, .T. ) ;
#7659 = EDGE_CURVE ( 'NONE', #158, #7866, #2097, .T. ) ;
#7660 = EDGE_CURVE ( 'NONE', #5614, #2038, #3564, .T. ) ;
#7661 = CARTESIAN_POINT ( 'NONE',  ( 0.0000000000000000000, 1.000000000000000000, -2.955000000000001000 ) ) ;
#7662 = COLOUR_RGB ( '',1.000000000000000000, 0.8117647058823529400, 0.5019607843137254800 ) ;
#7663 = PLANE ( 'NONE',  #3418 ) ;
#7664 = VERTEX_POINT ( 'NONE', #7266 ) ;
#7665 = CARTESIAN_POINT ( 'NONE',  ( -7.475000000000032500, 0.0000000000000000000, -0.4150000000000004200 ) ) ;
#7666 = ORIENTED_EDGE ( 'NONE', *, *, #4127, .T. ) ;
#7667 = DIRECTION ( 'NONE',  ( 0.0000000000000000000, 1.000000000000000000, 0.0000000000000000000 ) ) ;
#7668 = ADVANCED_FACE ( 'NONE', ( #6645, #7731 ), #954, .F. ) ;
#7669 = AXIS2_PLACEMENT_3D ( 'NONE', #542, #3698, #8124 ) ;
#7670 = FACE_OUTER_BOUND ( 'NONE', #1662, .T. ) ;
#7671 = DIRECTION ( 'NONE',  ( 0.0000000000000000000, 1.000000000000000000, -0.0000000000000000000 ) ) ;
#7672 = FACE_OUTER_BOUND ( 'NONE', #2671, .T. ) ;
#7673 = DIRECTION ( 'NONE',  ( 1.000000000000000000, -0.0000000000000000000, 0.0000000000000000000 ) ) ;
#7674 = DIRECTION ( 'NONE',  ( 0.0000000000000000000, 0.0000000000000000000, 1.000000000000000000 ) ) ;
#7675 = ORIENTED_EDGE ( 'NONE', *, *, #114, .T. ) ;
#7676 = DIRECTION ( 'NONE',  ( -0.0000000000000000000, -1.000000000000000000, 0.0000000000000000000 ) ) ;
#7677 = ORIENTED_EDGE ( 'NONE', *, *, #1126, .F. ) ;
#7678 = ORIENTED_EDGE ( 'NONE', *, *, #5813, .F. ) ;
#7679 = ORIENTED_EDGE ( 'NONE', *, *, #2768, .F. ) ;
#7680 = DIRECTION ( 'NONE',  ( 1.000000000000000000, -0.0000000000000000000, 0.0000000000000000000 ) ) ;
#7681 = VECTOR ( 'NONE', #5018, 1000.000000000000000 ) ;
#7682 = VECTOR ( 'NONE', #1188, 1000.000000000000000 ) ;
#7683 = DIRECTION ( 'NONE',  ( -0.0000000000000000000, -1.000000000000000000, -0.0000000000000000000 ) ) ;
#7684 = EDGE_LOOP ( 'NONE', ( #601, #5811, #5833, #3207 ) ) ;
#7685 = DIRECTION ( 'NONE',  ( 0.0000000000000000000, 0.0000000000000000000, 1.000000000000000000 ) ) ;
#7686 = ORIENTED_EDGE ( 'NONE', *, *, #5251, .F. ) ;
#7687 = EDGE_CURVE ( 'NONE', #3067, #1825, #5158, .T. ) ;
#7688 = ORIENTED_EDGE ( 'NONE', *, *, #1423, .T. ) ;
#7689 = EDGE_LOOP ( 'NONE', ( #7770, #3541 ) ) ;
#7690 = DIRECTION ( 'NONE',  ( 1.000000000000000000, 0.0000000000000000000, 0.0000000000000000000 ) ) ;
#7691 = CARTESIAN_POINT ( 'NONE',  ( 7.474999999999995200, 0.0000000000000000000, -0.4150000000000004200 ) ) ;
#7692 = ORIENTED_EDGE ( 'NONE', *, *, #6093, .T. ) ;
#7693 = CYLINDRICAL_SURFACE ( 'NONE', #3368, 0.4499999999999999000 ) ;
#7694 = VERTEX_POINT ( 'NONE', #1008 ) ;
#7695 = DIRECTION ( 'NONE',  ( 0.0000000000000000000, 1.000000000000000000, -0.0000000000000000000 ) ) ;
#7696 = CARTESIAN_POINT ( 'NONE',  ( 0.0000000000000000000, 1.000000000000000000, 1.364999999999992900 ) ) ;
#7697 = EDGE_CURVE ( 'NONE', #7749, #87, #7033, .T. ) ;
#7698 = DIRECTION ( 'NONE',  ( -4.872818752743839300E-016, 0.0000000000000000000, 1.000000000000000000 ) ) ;
#7699 = VECTOR ( 'NONE', #4687, 1000.000000000000000 ) ;
#7700 = CARTESIAN_POINT ( 'NONE',  ( -7.475000000000039600, 0.0000000000000000000, 3.642432017676039400E-015 ) ) ;
#7701 = FACE_OUTER_BOUND ( 'NONE', #6217, .T. ) ;
#7702 = EDGE_CURVE ( 'NONE', #3829, #1585, #7335, .T. ) ;
#7703 = VERTEX_POINT ( 'NONE', #4208 ) ;
#7704 = VECTOR ( 'NONE', #6847, 1000.000000000000000 ) ;
#7705 = DIRECTION ( 'NONE',  ( -0.0000000000000000000, 1.000000000000000000, -0.0000000000000000000 ) ) ;
#7706 = DIRECTION ( 'NONE',  ( -0.0000000000000000000, -1.000000000000000000, 0.0000000000000000000 ) ) ;
#7707 = CYLINDRICAL_SURFACE ( 'NONE', #7223, 0.4500000000000007300 ) ;
#7708 = ORIENTED_EDGE ( 'NONE', *, *, #53, .T. ) ;
#7709 = EDGE_LOOP ( 'NONE', ( #5285, #6024, #2228, #1958 ) ) ;
#7710 = LINE ( 'NONE', #1717, #1291 ) ;
#7711 = AXIS2_PLACEMENT_3D ( 'NONE', #3202, #102, #718 ) ;
#7712 = DIRECTION ( 'NONE',  ( 1.000000000000000000, 0.0000000000000000000, 0.0000000000000000000 ) ) ;
#7713 = VERTEX_POINT ( 'NONE', #6042 ) ;
#7714 = VECTOR ( 'NONE', #1269, 1000.000000000000000 ) ;
#7715 = EDGE_CURVE ( 'NONE', #6014, #1689, #1415, .T. ) ;
#7716 = DIRECTION ( 'NONE',  ( -0.0000000000000000000, -0.0000000000000000000, 1.000000000000000000 ) ) ;
#7717 = COLOUR_RGB ( '',0.7529411764705882200, 0.7529411764705882200, 0.7529411764705882200 ) ;
#7718 = DIRECTION ( 'NONE',  ( 1.000000000000000000, 0.0000000000000000000, 0.0000000000000000000 ) ) ;
#7719 = ORIENTED_EDGE ( 'NONE', *, *, #4953, .T. ) ;
#7720 = LINE ( 'NONE', #7352, #7510 ) ;
#7721 = ADVANCED_FACE ( 'NONE', ( #222, #6438 ), #6740, .T. ) ;
#7722 = DIRECTION ( 'NONE',  ( 1.000000000000000000, 1.734723475976805500E-015, 0.0000000000000000000 ) ) ;
#7723 = PRESENTATION_LAYER_ASSIGNMENT (  '', '', ( #1745 ) ) ;
#7724 = STYLED_ITEM ( 'NONE', ( #1439 ), #5867 ) ;
#7725 = FACE_OUTER_BOUND ( 'NONE', #5767, .T. ) ;
#7726 = FACE_OUTER_BOUND ( 'NONE', #3420, .T. ) ;
#7727 = EDGE_LOOP ( 'NONE', ( #3305, #1718 ) ) ;
#7728 = CARTESIAN_POINT ( 'NONE',  ( 7.474999999999998800, 0.0000000000000000000, 7.204999999999999200 ) ) ;
#7729 = DIRECTION ( 'NONE',  ( 4.872818752743839300E-016, 0.0000000000000000000, 1.000000000000000000 ) ) ;
#7730 =( NAMED_UNIT ( * ) PLANE_ANGLE_UNIT ( ) SI_UNIT ( $, .RADIAN. ) );
#7731 = FACE_OUTER_BOUND ( 'NONE', #2152, .T. ) ;
#7732 = VERTEX_POINT ( 'NONE', #2281 ) ;
#7733 = EDGE_CURVE ( 'NONE', #4316, #5597, #6933, .T. ) ;
#7734 = CARTESIAN_POINT ( 'NONE',  ( 0.0000000000000000000, 1.000000000000000000, 0.0000000000000000000 ) ) ;
#7735 = DIRECTION ( 'NONE',  ( 0.0000000000000000000, 1.000000000000000000, -0.0000000000000000000 ) ) ;
#7736 = LINE ( 'NONE', #4478, #2496 ) ;
#7737 = DIRECTION ( 'NONE',  ( 0.0000000000000000000, 0.0000000000000000000, 1.000000000000000000 ) ) ;
#7738 = CIRCLE ( 'NONE', #7953, 0.4500000000000007300 ) ;
#7739 = PLANE ( 'NONE',  #161 ) ;
#7740 = ORIENTED_EDGE ( 'NONE', *, *, #3105, .T. ) ;
#7741 = CARTESIAN_POINT ( 'NONE',  ( 0.0000000000000000000, 0.0000000000000000000, 8.984999999999992300 ) ) ;
#7742 = VERTEX_POINT ( 'NONE', #6769 ) ;
#7743 = EDGE_CURVE ( 'NONE', #915, #4988, #5047, .T. ) ;
#7744 = VECTOR ( 'NONE', #3322, 1000.000000000000000 ) ;
#7745 = DIRECTION ( 'NONE',  ( 0.0000000000000000000, 1.000000000000000000, 0.0000000000000000000 ) ) ;
#7746 = MANIFOLD_SOLID_BREP ( 'Boss-Extrude3[14]', #6482 ) ;
#7747 = LINE ( 'NONE', #7095, #6054 ) ;
#7748 = CARTESIAN_POINT ( 'NONE',  ( 7.474999999999998800, 0.0000000000000000000, 8.984999999999999400 ) ) ;
#7749 = VERTEX_POINT ( 'NONE', #2307 ) ;
#7750 = CARTESIAN_POINT ( 'NONE',  ( -9.975000000000015600, 0.0000000000000000000, 6.445000000000000300 ) ) ;
#7751 = VECTOR ( 'NONE', #1044, 1000.000000000000000 ) ;
#7752 = DIRECTION ( 'NONE',  ( 0.0000000000000000000, 1.000000000000000000, 0.0000000000000000000 ) ) ;
#7753 = ORIENTED_EDGE ( 'NONE', *, *, #5923, .F. ) ;
#7754 = EDGE_LOOP ( 'NONE', ( #3696, #6629, #6270, #2081 ) ) ;
#7755 = DIRECTION ( 'NONE',  ( -0.0000000000000000000, -0.0000000000000000000, 1.000000000000000000 ) ) ;
#7756 = EDGE_LOOP ( 'NONE', ( #3421, #2959, #449, #1517 ) ) ;
#7757 = ADVANCED_FACE ( 'NONE', ( #331 ), #3583, .F. ) ;
#7758 = AXIS2_PLACEMENT_3D ( 'NONE', #6285, #2516, #1307 ) ;
#7759 = FACE_OUTER_BOUND ( 'NONE', #5631, .T. ) ;
#7760 = ORIENTED_EDGE ( 'NONE', *, *, #6569, .T. ) ;
#7761 = ORIENTED_EDGE ( 'NONE', *, *, #6492, .F. ) ;
#7762 = EDGE_LOOP ( 'NONE', ( #7976, #177, #2625, #6794 ) ) ;
#7763 = CARTESIAN_POINT ( 'NONE',  ( 7.474999999999969400, 1.000000000000000000, 3.904999999999993600 ) ) ;
#7764 = VERTEX_POINT ( 'NONE', #4264 ) ;
#7765 = CARTESIAN_POINT ( 'NONE',  ( 9.975000000000001400, 1.000000000000000000, 13.47500000000000100 ) ) ;
#7766 = DIRECTION ( 'NONE',  ( 0.0000000000000000000, 0.0000000000000000000, 1.000000000000000000 ) ) ;
#7767 = AXIS2_PLACEMENT_3D ( 'NONE', #3592, #1102, #3629 ) ;
#7768 = VECTOR ( 'NONE', #5131, 1000.000000000000000 ) ;
#7769 = AXIS2_PLACEMENT_3D ( 'NONE', #1997, #1906, #7685 ) ;
#7770 = ORIENTED_EDGE ( 'NONE', *, *, #5604, .T. ) ;
#7771 = ORIENTED_EDGE ( 'NONE', *, *, #7863, .F. ) ;
#7772 = DIRECTION ( 'NONE',  ( -4.872818752743839300E-016, -0.0000000000000000000, -1.000000000000000000 ) ) ;
#7773 = EDGE_LOOP ( 'NONE', ( #5082, #5571, #7093, #4133 ) ) ;
#7774 = SURFACE_SIDE_STYLE ('',( #705 ) ) ;
#7775 = EDGE_CURVE ( 'NONE', #5936, #7914, #1803, .T. ) ;
#7776 = CIRCLE ( 'NONE', #7299, 1.199999999999999700 ) ;
#7777 = CIRCLE ( 'NONE', #2274, 0.4500000000000001800 ) ;
#7778 = CARTESIAN_POINT ( 'NONE',  ( 8.255000000000078900, 0.0000000000000000000, -2.065000000000009700 ) ) ;
#7779 = ORIENTED_EDGE ( 'NONE', *, *, #4952, .F. ) ;
#7780 = ORIENTED_EDGE ( 'NONE', *, *, #7617, .T. ) ;
#7781 = AXIS2_PLACEMENT_3D ( 'NONE', #1935, #6984, #4501 ) ;
#7782 = EDGE_CURVE ( 'NONE', #4789, #7379, #2004, .T. ) ;
#7783 = ORIENTED_EDGE ( 'NONE', *, *, #5957, .F. ) ;
#7784 = CARTESIAN_POINT ( 'NONE',  ( 1.905000000000000000, 1.350000000000000100, -12.59500000000000200 ) ) ;
#7785 = CARTESIAN_POINT ( 'NONE',  ( 2.449293598294712700E-017, 1.350000000000000100, -10.80500000000000000 ) ) ;
#7786 = ORIENTED_EDGE ( 'NONE', *, *, #4850, .F. ) ;
#7787 = LINE ( 'NONE', #1021, #4147 ) ;
#7788 = DIRECTION ( 'NONE',  ( 0.0000000000000000000, 0.0000000000000000000, 1.000000000000000000 ) ) ;
#7789 = ORIENTED_EDGE ( 'NONE', *, *, #656, .T. ) ;
#7790 = DIRECTION ( 'NONE',  ( 1.000000000000000000, 0.0000000000000000000, 0.0000000000000000000 ) ) ;
#7791 = DIRECTION ( 'NONE',  ( -1.000000000000000000, 0.0000000000000000000, -0.0000000000000000000 ) ) ;
#7792 = DIRECTION ( 'NONE',  ( -0.0000000000000000000, 0.0000000000000000000, 1.000000000000000000 ) ) ;
#7793 = LINE ( 'NONE', #6161, #6100 ) ;
#7794 =( NAMED_UNIT ( * ) SI_UNIT ( $, .STERADIAN. ) SOLID_ANGLE_UNIT ( ) );
#7795 = LINE ( 'NONE', #3734, #1869 ) ;
#7796 = ADVANCED_FACE ( 'NONE', ( #2302 ), #400, .F. ) ;
#7797 = CARTESIAN_POINT ( 'NONE',  ( 7.475000000000001400, 0.0000000000000000000, 3.642432017676020400E-015 ) ) ;
#7798 = VERTEX_POINT ( 'NONE', #2908 ) ;
#7799 = AXIS2_PLACEMENT_3D ( 'NONE', #8013, #7303, #1667 ) ;
#7800 = CARTESIAN_POINT ( 'NONE',  ( -7.475000000000005900, 1.000000000000000000, 7.204999999999999200 ) ) ;
#7801 = ORIENTED_EDGE ( 'NONE', *, *, #5875, .T. ) ;
#7802 = EDGE_CURVE ( 'NONE', #4934, #4458, #4855, .T. ) ;
#7803 = VECTOR ( 'NONE', #4721, 1000.000000000000000 ) ;
#7804 = PLANE ( 'NONE',  #6312 ) ;
#7805 = EDGE_CURVE ( 'NONE', #3448, #1840, #6736, .T. ) ;
#7806 = DIRECTION ( 'NONE',  ( 0.0000000000000000000, 0.0000000000000000000, 1.000000000000000000 ) ) ;
#7807 = VECTOR ( 'NONE', #3087, 1000.000000000000000 ) ;
#7808 = VERTEX_POINT ( 'NONE', #6665 ) ;
#7809 = DIRECTION ( 'NONE',  ( 0.0000000000000000000, 0.0000000000000000000, 1.000000000000000000 ) ) ;
#7810 = LINE ( 'NONE', #4389, #7615 ) ;
#7811 = DIRECTION ( 'NONE',  ( 0.0000000000000000000, 0.0000000000000000000, 1.000000000000000000 ) ) ;
#7812 = DIRECTION ( 'NONE',  ( -0.0000000000000000000, -1.000000000000000000, 0.0000000000000000000 ) ) ;
#7813 = CARTESIAN_POINT ( 'NONE',  ( -8.255000000000167800, 1.000000000000000000, -2.065000000000002600 ) ) ;
#7814 = ORIENTED_EDGE ( 'NONE', *, *, #2768, .T. ) ;
#7815 = LINE ( 'NONE', #3121, #5826 ) ;
#7816 = LINE ( 'NONE', #4262, #4069 ) ;
#7817 = STYLED_ITEM ( 'NONE', ( #3775 ), #4659 ) ;
#7818 = CARTESIAN_POINT ( 'NONE',  ( 6.785000000000001000, 2.609976000000000100, 12.97500000000000000 ) ) ;
#7819 = LINE ( 'NONE', #1479, #6730 ) ;
#7820 = CYLINDRICAL_SURFACE ( 'NONE', #1600, 1.199999999999999700 ) ;
#7821 = EDGE_CURVE ( 'NONE', #1676, #4338, #424, .T. ) ;
#7822 = EDGE_CURVE ( 'NONE', #2441, #5739, #5445, .T. ) ;
#7823 = DIRECTION ( 'NONE',  ( -0.0000000000000000000, 0.0000000000000000000, 1.000000000000000000 ) ) ;
#7824 = ORIENTED_EDGE ( 'NONE', *, *, #2070, .F. ) ;
#7825 = ORIENTED_EDGE ( 'NONE', *, *, #5697, .F. ) ;
#7826 = SURFACE_STYLE_USAGE ( .BOTH. , #2108 ) ;
#7827 = FACE_OUTER_BOUND ( 'NONE', #7255, .T. ) ;
#7828 = CIRCLE ( 'NONE', #6637, 1.199999999999999700 ) ;
#7829 = FILL_AREA_STYLE ('',( #2795 ) ) ;
#7830 = ORIENTED_EDGE ( 'NONE', *, *, #3911, .T. ) ;
#7831 = CARTESIAN_POINT ( 'NONE',  ( -9.974999999999997900, 0.0000000000000000000, 13.47500000000000100 ) ) ;
#7832 = CARTESIAN_POINT ( 'NONE',  ( -8.255000000000150000, 1.000000000000000000, 3.014999999999998800 ) ) ;
#7833 = AXIS2_PLACEMENT_3D ( 'NONE', #7778, #4734, #5283 ) ;
#7834 = DIRECTION ( 'NONE',  ( 1.000000000000000000, -0.0000000000000000000, 0.0000000000000000000 ) ) ;
#7835 = ORIENTED_EDGE ( 'NONE', *, *, #2322, .F. ) ;
#7836 = CARTESIAN_POINT ( 'NONE',  ( -9.975000000000051200, 0.0000000000000000000, -3.714999999999999400 ) ) ;
#7837 = DIRECTION ( 'NONE',  ( -1.000000000000000000, 0.0000000000000000000, 0.0000000000000000000 ) ) ;
#7838 = ADVANCED_FACE ( 'NONE', ( #3889 ), #4289, .F. ) ;
#7839 = LINE ( 'NONE', #4678, #930 ) ;
#7840 = EDGE_CURVE ( 'NONE', #8153, #3952, #2677, .T. ) ;
#7841 = LINE ( 'NONE', #7067, #3580 ) ;
#7842 = ORIENTED_EDGE ( 'NONE', *, *, #795, .T. ) ;
#7843 = DIRECTION ( 'NONE',  ( -4.872818752743839300E-016, 0.0000000000000000000, 1.000000000000000000 ) ) ;
#7844 = VECTOR ( 'NONE', #583, 1000.000000000000000 ) ;
#7845 = DIRECTION ( 'NONE',  ( 0.0000000000000000000, 1.000000000000000000, 0.0000000000000000000 ) ) ;
#7846 = UNCERTAINTY_MEASURE_WITH_UNIT (LENGTH_MEASURE( 1.000000000000000100E-005 ), #6722, 'distance_accuracy_value', 'NONE');
#7847 = EDGE_CURVE ( 'NONE', #4990, #7764, #3669, .T. ) ;
#7848 = ORIENTED_EDGE ( 'NONE', *, *, #2899, .T. ) ;
#7849 = ORIENTED_EDGE ( 'NONE', *, *, #3742, .T. ) ;
#7850 = DIRECTION ( 'NONE',  ( 0.0000000000000000000, 0.0000000000000000000, -1.000000000000000000 ) ) ;
#7851 = PLANE ( 'NONE',  #259 ) ;
#7852 = DIRECTION ( 'NONE',  ( 0.0000000000000000000, 1.000000000000000000, 0.0000000000000000000 ) ) ;
#7853 = ORIENTED_EDGE ( 'NONE', *, *, #1035, .F. ) ;
#7854 = VERTEX_POINT ( 'NONE', #3089 ) ;
#7855 = ORIENTED_EDGE ( 'NONE', *, *, #4347, .F. ) ;
#7856 = ORIENTED_EDGE ( 'NONE', *, *, #6575, .T. ) ;
#7857 = CARTESIAN_POINT ( 'NONE',  ( -10.77992235650407200, 0.0000000000000000000, -2.065000000000000800 ) ) ;
#7858 = VECTOR ( 'NONE', #2470, 1000.000000000000000 ) ;
#7859 = DIRECTION ( 'NONE',  ( 0.0000000000000000000, 0.0000000000000000000, 1.000000000000000000 ) ) ;
#7860 = DIRECTION ( 'NONE',  ( -4.872818752743839300E-016, 0.0000000000000000000, 1.000000000000000000 ) ) ;
#7861 = EDGE_LOOP ( 'NONE', ( #5469, #7481, #1722, #653 ) ) ;
#7862 =( GEOMETRIC_REPRESENTATION_CONTEXT ( 3 ) GLOBAL_UNCERTAINTY_ASSIGNED_CONTEXT ( ( #3181 ) ) GLOBAL_UNIT_ASSIGNED_CONTEXT ( ( #6985, #5136, #7542 ) ) REPRESENTATION_CONTEXT ( 'NONE', 'WORKASPACE' ) );
#7863 = EDGE_CURVE ( 'NONE', #1676, #2647, #727, .T. ) ;
#7864 = VECTOR ( 'NONE', #5310, 1000.000000000000000 ) ;
#7865 = CARTESIAN_POINT ( 'NONE',  ( 8.255000000000105600, 0.0000000000000000000, 6.004999999999991000 ) ) ;
#7866 = VERTEX_POINT ( 'NONE', #4937 ) ;
#7867 = CARTESIAN_POINT ( 'NONE',  ( -6.984999999999997700, 1.000000000000000000, -8.299644660940671800 ) ) ;
#7868 = ORIENTED_EDGE ( 'NONE', *, *, #928, .F. ) ;
#7869 = CARTESIAN_POINT ( 'NONE',  ( 6.785000000000001000, 2.609976000000000100, -8.299644660940671800 ) ) ;
#7870 = DIRECTION ( 'NONE',  ( 0.0000000000000000000, 0.0000000000000000000, 1.000000000000000000 ) ) ;
#7871 = CARTESIAN_POINT ( 'NONE',  ( 7.474999999999995200, 0.0000000000000000000, -6.254999999999999900 ) ) ;
#7872 = AXIS2_PLACEMENT_3D ( 'NONE', #7315, #357, #6080 ) ;
#7873 = ORIENTED_EDGE ( 'NONE', *, *, #4632, .F. ) ;
#7874 = AXIS2_PLACEMENT_3D ( 'NONE', #199, #1500, #4611 ) ;
#7875 = LINE ( 'NONE', #1355, #6180 ) ;
#7876 = FACE_BOUND ( 'NONE', #2092, .T. ) ;
#7877 = DIRECTION ( 'NONE',  ( 0.0000000000000000000, -0.0000000000000000000, 1.000000000000000000 ) ) ;
#7878 = ORIENTED_EDGE ( 'NONE', *, *, #3382, .F. ) ;
#7879 = ADVANCED_FACE ( 'NONE', ( #6129 ), #4370, .T. ) ;
#7880 = EDGE_CURVE ( 'NONE', #2500, #4563, #323, .T. ) ;
#7881 = EDGE_CURVE ( 'NONE', #3705, #6587, #5636, .T. ) ;
#7882 = EDGE_LOOP ( 'NONE', ( #1178, #2052 ) ) ;
#7883 = CARTESIAN_POINT ( 'NONE',  ( 8.255000000000078900, 0.0000000000000000000, -2.065000000000009700 ) ) ;
#7884 = CARTESIAN_POINT ( 'NONE',  ( 7.474999999999998800, 0.0000000000000000000, 4.665000000000000000 ) ) ;
#7885 = ORIENTED_EDGE ( 'NONE', *, *, #511, .T. ) ;
#7886 = CARTESIAN_POINT ( 'NONE',  ( -6.984999999999997700, 2.609976000000000100, -8.535000000000000100 ) ) ;
#7887 = VECTOR ( 'NONE', #6409, 1000.000000000000000 ) ;
#7888 = ORIENTED_EDGE ( 'NONE', *, *, #7636, .T. ) ;
#7889 = AXIS2_PLACEMENT_3D ( 'NONE', #5324, #7201, #367 ) ;
#7890 = EDGE_CURVE ( 'NONE', #2129, #1771, #3977, .T. ) ;
#7891 = DIRECTION ( 'NONE',  ( -0.0000000000000000000, 0.0000000000000000000, 1.000000000000000000 ) ) ;
#7892 = COLOUR_RGB ( '',1.000000000000000000, 0.8117647058823529400, 0.5019607843137254800 ) ;
#7893 = DIRECTION ( 'NONE',  ( -0.0000000000000000000, -0.0000000000000000000, 1.000000000000000000 ) ) ;
#7894 = CARTESIAN_POINT ( 'NONE',  ( -7.474999999999997000, 0.0000000000000000000, 9.745000000000001000 ) ) ;
#7895 = CARTESIAN_POINT ( 'NONE',  ( -8.255000000000158900, 0.0000000000000000000, 0.4749999999999979800 ) ) ;
#7896 = CYLINDRICAL_SURFACE ( 'NONE', #3518, 0.4500000000000002900 ) ;
#7897 = ORIENTED_EDGE ( 'NONE', *, *, #3859, .T. ) ;
#7898 =( LENGTH_UNIT ( ) NAMED_UNIT ( * ) SI_UNIT ( .MILLI., .METRE. ) );
#7899 = COLOUR_RGB ( '',1.000000000000000000, 0.8117647058823529400, 0.5019607843137254800 ) ;
#7900 = CARTESIAN_POINT ( 'NONE',  ( 0.0000000000000000000, 1.350000000000000100, -11.00500000000000100 ) ) ;
#7901 = CARTESIAN_POINT ( 'NONE',  ( 7.474999999999998800, 1.000000000000000000, 11.52500000000000000 ) ) ;
#7902 = FACE_OUTER_BOUND ( 'NONE', #7477, .T. ) ;
#7903 = ORIENTED_EDGE ( 'NONE', *, *, #1004, .F. ) ;
#7904 = CARTESIAN_POINT ( 'NONE',  ( 6.985000000000000300, 2.609976000000000100, 12.73964466094067300 ) ) ;
#7905 =( LENGTH_UNIT ( ) NAMED_UNIT ( * ) SI_UNIT ( .MILLI., .METRE. ) );
#7906 = ORIENTED_EDGE ( 'NONE', *, *, #6500, .T. ) ;
#7907 = CYLINDRICAL_SURFACE ( 'NONE', #1122, 1.079499999999998800 ) ;
#7908 = CYLINDRICAL_SURFACE ( 'NONE', #839, 0.2500000000000002200 ) ;
#7909 = CARTESIAN_POINT ( 'NONE',  ( 10.77992235650400900, 0.0000000000000000000, 5.554999999999993500 ) ) ;
#7910 = EDGE_CURVE ( 'NONE', #6768, #1733, #128, .T. ) ;
#7911 = DIRECTION ( 'NONE',  ( -1.000000000000000000, -0.0000000000000000000, -0.0000000000000000000 ) ) ;
#7912 = CARTESIAN_POINT ( 'NONE',  ( -7.475000000000041400, 0.0000000000000000000, -2.955000000000001000 ) ) ;
#7913 = DIRECTION ( 'NONE',  ( -4.872818752743839300E-016, 0.0000000000000000000, 1.000000000000000000 ) ) ;
#7914 = VERTEX_POINT ( 'NONE', #1856 ) ;
#7915 = EDGE_LOOP ( 'NONE', ( #4994, #2072, #4979, #2974 ) ) ;
#7916 = LINE ( 'NONE', #7298, #4359 ) ;
#7917 = CARTESIAN_POINT ( 'NONE',  ( -8.255000000000132200, 0.0000000000000000000, 8.544999999999998200 ) ) ;
#7918 = FILL_AREA_STYLE_COLOUR ( '', #4412 ) ;
#7919 = DIRECTION ( 'NONE',  ( -1.000000000000000000, -0.0000000000000000000, -0.0000000000000000000 ) ) ;
#7920 = CYLINDRICAL_SURFACE ( 'NONE', #5965, 0.4500000000000002900 ) ;
#7921 = ADVANCED_FACE ( 'NONE', ( #2298 ), #2391, .F. ) ;
#7922 = CIRCLE ( 'NONE', #4103, 1.199999999999999700 ) ;
#7923 = EDGE_LOOP ( 'NONE', ( #2337, #6517, #7070, #3221 ) ) ;
#7924 = ORIENTED_EDGE ( 'NONE', *, *, #5197, .F. ) ;
#7925 = AXIS2_PLACEMENT_3D ( 'NONE', #2778, #4571, #3408 ) ;
#7926 = AXIS2_PLACEMENT_3D ( 'NONE', #4380, #4541, #4591 ) ;
#7927 = PLANE ( 'NONE',  #1802 ) ;
#7928 = AXIS2_PLACEMENT_3D ( 'NONE', #3427, #7148, #4699 ) ;
#7929 = EDGE_CURVE ( 'NONE', #6391, #6679, #617, .T. ) ;
#7930 = VERTEX_POINT ( 'NONE', #5623 ) ;
#7931 = CARTESIAN_POINT ( 'NONE',  ( -9.975000000000051200, 1.000000000000000000, -3.714999999999999400 ) ) ;
#7932 = DIRECTION ( 'NONE',  ( -4.872818752743839300E-016, -0.0000000000000000000, -1.000000000000000000 ) ) ;
#7933 = CONICAL_SURFACE ( 'NONE', #5573, 1.079499999999998800, 1.134464013796320700 ) ;
#7934 = DIRECTION ( 'NONE',  ( 4.872818752743839300E-016, 0.0000000000000000000, 1.000000000000000000 ) ) ;
#7935 = AXIS2_PLACEMENT_3D ( 'NONE', #7204, #6599, #203 ) ;
#7936 = VECTOR ( 'NONE', #1287, 1000.000000000000000 ) ;
#7937 = ORIENTED_EDGE ( 'NONE', *, *, #7139, .F. ) ;
#7938 = DIRECTION ( 'NONE',  ( -0.0000000000000000000, -0.0000000000000000000, 1.000000000000000000 ) ) ;
#7939 = DIRECTION ( 'NONE',  ( -1.000000000000000000, -0.0000000000000000000, -0.0000000000000000000 ) ) ;
#7940 = VECTOR ( 'NONE', #5253, 1000.000000000000000 ) ;
#7941 = LINE ( 'NONE', #1910, #3282 ) ;
#7942 = DIRECTION ( 'NONE',  ( 6.938893903907233900E-015, 1.000000000000000000, 0.0000000000000000000 ) ) ;
#7943 = CARTESIAN_POINT ( 'NONE',  ( -7.475000000000032500, 0.0000000000000000000, 3.642432017676036200E-015 ) ) ;
#7944 = SURFACE_STYLE_USAGE ( .BOTH. , #4845 ) ;
#7945 = EDGE_LOOP ( 'NONE', ( #6684, #2156, #1624, #230 ) ) ;
#7946 = CARTESIAN_POINT ( 'NONE',  ( 0.0000000000000000000, 0.0000000000000000000, -1.175000000000000700 ) ) ;
#7947 = CARTESIAN_POINT ( 'NONE',  ( 7.474999999999980100, 1.000000000000000000, 4.664999999999992900 ) ) ;
#7948 = ORIENTED_EDGE ( 'NONE', *, *, #1185, .F. ) ;
#7949 = ORIENTED_EDGE ( 'NONE', *, *, #2503, .T. ) ;
#7950 = DIRECTION ( 'NONE',  ( -1.000000000000000000, 0.0000000000000000000, 0.0000000000000000000 ) ) ;
#7951 = ORIENTED_EDGE ( 'NONE', *, *, #8107, .T. ) ;
#7952 = DIRECTION ( 'NONE',  ( -1.000000000000000000, 0.0000000000000000000, -0.0000000000000000000 ) ) ;
#7953 = AXIS2_PLACEMENT_3D ( 'NONE', #3918, #4587, #823 ) ;
#7954 = CARTESIAN_POINT ( 'NONE',  ( 10.77992235650397200, 0.0000000000000000000, -4.605000000000006600 ) ) ;
#7955 = EDGE_CURVE ( 'NONE', #7016, #1175, #5746, .T. ) ;
#7956 = VECTOR ( 'NONE', #312, 1000.000000000000000 ) ;
#7957 = ORIENTED_EDGE ( 'NONE', *, *, #8155, .F. ) ;
#7958 = ORIENTED_EDGE ( 'NONE', *, *, #7050, .T. ) ;
#7959 = ADVANCED_FACE ( 'NONE', ( #1011 ), #6900, .F. ) ;
#7960 = EDGE_CURVE ( 'NONE', #6387, #4302, #8022, .T. ) ;
#7961 = VERTEX_POINT ( 'NONE', #3140 ) ;
#7962 = DIRECTION ( 'NONE',  ( 0.0000000000000000000, 1.000000000000000000, 0.0000000000000000000 ) ) ;
#7963 = CARTESIAN_POINT ( 'NONE',  ( -7.475000000000005000, 0.0000000000000000000, 8.984999999999999400 ) ) ;
#7964 = FACE_OUTER_BOUND ( 'NONE', #5740, .T. ) ;
#7965 = ORIENTED_EDGE ( 'NONE', *, *, #7702, .F. ) ;
#7966 = ORIENTED_EDGE ( 'NONE', *, *, #4877, .T. ) ;
#7967 = EDGE_LOOP ( 'NONE', ( #6558, #3702 ) ) ;
#7968 = CARTESIAN_POINT ( 'NONE',  ( 0.0000000000000000000, 0.0000000000000000000, 0.0000000000000000000 ) ) ;
#7969 = PRESENTATION_STYLE_ASSIGNMENT (( #7944 ) ) ;
#7970 = CARTESIAN_POINT ( 'NONE',  ( 9.974999999999935700, 0.0000000000000000000, -8.035000000000007200 ) ) ;
#7971 =( NAMED_UNIT ( * ) PLANE_ANGLE_UNIT ( ) SI_UNIT ( $, .RADIAN. ) );
#7972 = VECTOR ( 'NONE', #857, 1000.000000000000000 ) ;
#7973 = DIRECTION ( 'NONE',  ( 1.000000000000000000, -0.0000000000000000000, 0.0000000000000000000 ) ) ;
#7974 = AXIS2_PLACEMENT_3D ( 'NONE', #6932, #198, #4150 ) ;
#7975 = EDGE_LOOP ( 'NONE', ( #2049, #92, #6512, #1444 ) ) ;
#7976 = ORIENTED_EDGE ( 'NONE', *, *, #1845, .F. ) ;
#7977 = VERTEX_POINT ( 'NONE', #3905 ) ;
#7978 = EDGE_CURVE ( 'NONE', #4195, #2524, #1410, .T. ) ;
#7979 = EDGE_CURVE ( 'NONE', #7977, #3869, #2589, .T. ) ;
#7980 = EDGE_LOOP ( 'NONE', ( #573, #1148, #3719, #8104 ) ) ;
#7981 = CIRCLE ( 'NONE', #5641, 0.4500000000000002900 ) ;
#7982 = DIRECTION ( 'NONE',  ( 1.000000000000000000, 0.0000000000000000000, 0.0000000000000000000 ) ) ;
#7983 = DIRECTION ( 'NONE',  ( 0.0000000000000000000, 1.000000000000000000, 0.0000000000000000000 ) ) ;
#7984 = DIRECTION ( 'NONE',  ( 0.0000000000000000000, 0.0000000000000000000, -1.000000000000000000 ) ) ;
#7985 = AXIS2_PLACEMENT_3D ( 'NONE', #533, #5530, #7417 ) ;
#7986 = VECTOR ( 'NONE', #2561, 1000.000000000000000 ) ;
#7987 = PRESENTATION_LAYER_ASSIGNMENT (  '', '', ( #2746 ) ) ;
#7988 = SURFACE_STYLE_USAGE ( .BOTH. , #3554 ) ;
#7989 = LINE ( 'NONE', #6032, #4045 ) ;
#7990 = VERTEX_POINT ( 'NONE', #6308 ) ;
#7991 = DIRECTION ( 'NONE',  ( -1.000000000000000000, 0.0000000000000000000, 1.387778780781446500E-015 ) ) ;
#7992 = DIRECTION ( 'NONE',  ( -0.0000000000000000000, -1.000000000000000000, -0.0000000000000000000 ) ) ;
#7993 = LINE ( 'NONE', #538, #2066 ) ;
#7994 = PLANE ( 'NONE',  #8021 ) ;
#7995 = CARTESIAN_POINT ( 'NONE',  ( -8.255000000000132200, 0.0000000000000000000, 8.094999999999998900 ) ) ;
#7996 = CYLINDRICAL_SURFACE ( 'NONE', #4233, 1.333499999999999700 ) ;
#7997 = ORIENTED_EDGE ( 'NONE', *, *, #1817, .T. ) ;
#7998 = EDGE_CURVE ( 'NONE', #1595, #1262, #7624, .T. ) ;
#7999 = PLANE ( 'NONE',  #3484 ) ;
#8000 = DIRECTION ( 'NONE',  ( 0.0000000000000000000, 0.0000000000000000000, -1.000000000000000000 ) ) ;
#8001 = CARTESIAN_POINT ( 'NONE',  ( 8.255000000000096700, 0.0000000000000000000, 2.564999999999991500 ) ) ;
#8002 = LINE ( 'NONE', #5409, #6107 ) ;
#8003 = ADVANCED_FACE ( 'NONE', ( #2978 ), #7562, .F. ) ;
#8004 = FACE_BOUND ( 'NONE', #758, .T. ) ;
#8005 = LINE ( 'NONE', #7450, #3873 ) ;
#8006 = LINE ( 'NONE', #4508, #2877 ) ;
#8007 = CARTESIAN_POINT ( 'NONE',  ( 9.974999999999997900, 1.000000000000000000, 9.744999999999993900 ) ) ;
#8008 = CARTESIAN_POINT ( 'NONE',  ( -9.975000000000015600, 0.0000000000000000000, 4.665000000000000000 ) ) ;
#8009 = CLOSED_SHELL ( 'NONE', ( #4238, #3774, #1388, #7167, #4646, #7537, #3989, #5661 ) ) ;
#8010 = CIRCLE ( 'NONE', #4806, 0.4500000000000002900 ) ;
#8011 = DIRECTION ( 'NONE',  ( 1.000000000000000000, -0.0000000000000000000, 0.0000000000000000000 ) ) ;
#8012 = CARTESIAN_POINT ( 'NONE',  ( 9.974999999999994300, 0.0000000000000000000, -2.955000000000004500 ) ) ;
#8013 = CARTESIAN_POINT ( 'NONE',  ( 6.749644660940673700, 2.949999999999999700, 12.97500000000000000 ) ) ;
#8014 = FACE_OUTER_BOUND ( 'NONE', #1442, .T. ) ;
#8015 = ORIENTED_EDGE ( 'NONE', *, *, #7775, .F. ) ;
#8016 = FACE_OUTER_BOUND ( 'NONE', #4227, .T. ) ;
#8017 = DIRECTION ( 'NONE',  ( 0.0000000000000000000, 1.000000000000000000, 0.0000000000000000000 ) ) ;
#8018 = DIRECTION ( 'NONE',  ( 0.0000000000000000000, 1.000000000000000000, 0.0000000000000000000 ) ) ;
#8019 = ORIENTED_EDGE ( 'NONE', *, *, #6575, .F. ) ;
#8020 = VERTEX_POINT ( 'NONE', #5655 ) ;
#8021 = AXIS2_PLACEMENT_3D ( 'NONE', #2313, #6101, #7357 ) ;
#8022 = CIRCLE ( 'NONE', #3671, 0.4499999999999999000 ) ;
#8023 = EDGE_CURVE ( 'NONE', #7074, #769, #1114, .T. ) ;
#8024 = PLANE ( 'NONE',  #5758 ) ;
#8025 = DIRECTION ( 'NONE',  ( 0.0000000000000000000, 1.000000000000000000, 0.0000000000000000000 ) ) ;
#8026 = CARTESIAN_POINT ( 'NONE',  ( 7.474999999999998800, 0.0000000000000000000, 9.745000000000001000 ) ) ;
#8027 = VECTOR ( 'NONE', #4862, 1000.000000000000000 ) ;
#8028 = VERTEX_POINT ( 'NONE', #1879 ) ;
#8029 = AXIS2_PLACEMENT_3D ( 'NONE', #7038, #4530, #22 ) ;
#8030 = DIRECTION ( 'NONE',  ( 1.000000000000000000, 0.0000000000000000000, -4.872818752743839300E-016 ) ) ;
#8031 = PLANE ( 'NONE',  #5922 ) ;
#8032 = EDGE_CURVE ( 'NONE', #4988, #3665, #2401, .T. ) ;
#8033 = EDGE_CURVE ( 'NONE', #3315, #2282, #4172, .T. ) ;
#8034 = CIRCLE ( 'NONE', #3739, 1.199999999999999700 ) ;
#8035 =( NAMED_UNIT ( * ) SI_UNIT ( $, .STERADIAN. ) SOLID_ANGLE_UNIT ( ) );
#8036 = CARTESIAN_POINT ( 'NONE',  ( -9.975000000000051200, 1.000000000000000000, -5.495000000000000100 ) ) ;
#8037 = CYLINDRICAL_SURFACE ( 'NONE', #2046, 0.04999999999999969700 ) ;
#8038 = ORIENTED_EDGE ( 'NONE', *, *, #5060, .F. ) ;
#8039 = CARTESIAN_POINT ( 'NONE',  ( 7.474999999999995200, 0.0000000000000000000, -2.955000000000001000 ) ) ;
#8040 = ADVANCED_FACE ( 'NONE', ( #1309 ), #7647, .F. ) ;
#8041 = AXIS2_PLACEMENT_3D ( 'NONE', #7568, #1966, #1994 ) ;
#8042 = LINE ( 'NONE', #8138, #1230 ) ;
#8043 = DIRECTION ( 'NONE',  ( 4.872818752743839300E-016, 0.0000000000000000000, 1.000000000000000000 ) ) ;
#8044 = EDGE_CURVE ( 'NONE', #5680, #6456, #7024, .T. ) ;
#8045 = CARTESIAN_POINT ( 'NONE',  ( 0.0000000000000000000, 1.850000000000000100, -11.00500000000000100 ) ) ;
#8046 = VERTEX_POINT ( 'NONE', #73 ) ;
#8047 = CARTESIAN_POINT ( 'NONE',  ( -9.974999999999997900, 0.0000000000000000000, 9.745000000000001000 ) ) ;
#8048 = DIRECTION ( 'NONE',  ( -1.000000000000000000, 0.0000000000000000000, 0.0000000000000000000 ) ) ;
#8049 = LINE ( 'NONE', #7296, #3400 ) ;
#8050 = ORIENTED_EDGE ( 'NONE', *, *, #4411, .F. ) ;
#8051 = EDGE_LOOP ( 'NONE', ( #5104, #7580, #6563, #1471 ) ) ;
#8052 = ORIENTED_EDGE ( 'NONE', *, *, #6316, .F. ) ;
#8053 = EDGE_LOOP ( 'NONE', ( #6997, #4542, #6965, #4218 ) ) ;
#8054 = FACE_OUTER_BOUND ( 'NONE', #7543, .T. ) ;
#8055 = CARTESIAN_POINT ( 'NONE',  ( 0.0000000000000000000, 1.850000000000000100, -11.00500000000000100 ) ) ;
#8056 = ADVANCED_FACE ( 'NONE', ( #819 ), #1928, .F. ) ;
#8057 = ORIENTED_EDGE ( 'NONE', *, *, #4070, .T. ) ;
#8058 = ORIENTED_EDGE ( 'NONE', *, *, #8107, .F. ) ;
#8059 = DIRECTION ( 'NONE',  ( 1.000000000000000000, 0.0000000000000000000, 0.0000000000000000000 ) ) ;
#8060 = AXIS2_PLACEMENT_3D ( 'NONE', #5355, #1715, #6695 ) ;
#8061 = EDGE_CURVE ( 'NONE', #4741, #1203, #5943, .T. ) ;
#8062 = CYLINDRICAL_SURFACE ( 'NONE', #1320, 1.199999999999999700 ) ;
#8063 = VECTOR ( 'NONE', #6073, 1000.000000000000000 ) ;
#8064 = ORIENTED_EDGE ( 'NONE', *, *, #5090, .F. ) ;
#8065 = EDGE_LOOP ( 'NONE', ( #6798, #7740, #2180, #6778 ) ) ;
#8066 = CARTESIAN_POINT ( 'NONE',  ( 7.474999999999930400, 0.0000000000000000000, 3.642432017675985700E-015 ) ) ;
#8067 = DIRECTION ( 'NONE',  ( 0.0000000000000000000, 1.000000000000000000, -0.0000000000000000000 ) ) ;
#8068 = AXIS2_PLACEMENT_3D ( 'NONE', #6225, #2842, #5347 ) ;
#8069 = VERTEX_POINT ( 'NONE', #4469 ) ;
#8070 = FACE_OUTER_BOUND ( 'NONE', #1947, .T. ) ;
#8071 = CARTESIAN_POINT ( 'NONE',  ( 9.975000000000001400, 0.0000000000000000000, 3.905000000000000700 ) ) ;
#8072 = DIRECTION ( 'NONE',  ( 0.0000000000000000000, 0.0000000000000000000, 1.000000000000000000 ) ) ;
#8073 = ORIENTED_EDGE ( 'NONE', *, *, #7268, .F. ) ;
#8074 = DIRECTION ( 'NONE',  ( 0.0000000000000000000, 0.0000000000000000000, 1.000000000000000000 ) ) ;
#8075 = ORIENTED_EDGE ( 'NONE', *, *, #7152, .T. ) ;
#8076 = ORIENTED_EDGE ( 'NONE', *, *, #1165, .F. ) ;
#8077 =( NAMED_UNIT ( * ) PLANE_ANGLE_UNIT ( ) SI_UNIT ( $, .RADIAN. ) );
#8078 = ORIENTED_EDGE ( 'NONE', *, *, #4872, .F. ) ;
#8079 = DIRECTION ( 'NONE',  ( 1.000000000000000000, 0.0000000000000000000, 0.0000000000000000000 ) ) ;
#8080 = EDGE_LOOP ( 'NONE', ( #4669, #1670, #3995, #3467 ) ) ;
#8081 = VECTOR ( 'NONE', #2184, 1000.000000000000000 ) ;
#8082 = ADVANCED_FACE ( 'NONE', ( #3072 ), #3280, .F. ) ;
#8083 = VERTEX_POINT ( 'NONE', #7005 ) ;
#8084 = EDGE_CURVE ( 'NONE', #1125, #1253, #7828, .T. ) ;
#8085 = EDGE_CURVE ( 'NONE', #1911, #4586, #4760, .T. ) ;
#8086 = LINE ( 'NONE', #1552, #7699 ) ;
#8087 = CARTESIAN_POINT ( 'NONE',  ( -7.475000000000031600, 1.000000000000000000, 1.365000000000000000 ) ) ;
#8088 = CYLINDRICAL_SURFACE ( 'NONE', #1991, 0.4500000000000002900 ) ;
#8089 = CARTESIAN_POINT ( 'NONE',  ( -9.975000000000060000, 0.0000000000000000000, -8.035000000000000100 ) ) ;
#8090 = ORIENTED_EDGE ( 'NONE', *, *, #3531, .F. ) ;
#8091 = DIRECTION ( 'NONE',  ( -1.000000000000000000, 0.0000000000000000000, 0.0000000000000000000 ) ) ;
#8092 = DIRECTION ( 'NONE',  ( 1.000000000000000000, 0.0000000000000000000, 0.0000000000000000000 ) ) ;
#8093 = AXIS2_PLACEMENT_3D ( 'NONE', #1275, #594, #6245 ) ;
#8094 = DIRECTION ( 'NONE',  ( 0.0000000000000000000, 0.0000000000000000000, -1.000000000000000000 ) ) ;
#8095 = FACE_OUTER_BOUND ( 'NONE', #6696, .T. ) ;
#8096 = VECTOR ( 'NONE', #6263, 1000.000000000000000 ) ;
#8097 = DIRECTION ( 'NONE',  ( 0.0000000000000000000, 1.000000000000000000, 0.0000000000000000000 ) ) ;
#8098 = CARTESIAN_POINT ( 'NONE',  ( -9.974999999999997900, 1.000000000000000000, 13.47500000000000100 ) ) ;
#8099 = VERTEX_POINT ( 'NONE', #817 ) ;
#8100 = MANIFOLD_SOLID_BREP ( 'Boss-Extrude3[1]', #5057 ) ;
#8101 = CARTESIAN_POINT ( 'NONE',  ( -6.784999999999997500, 1.000000000000000000, 12.97500000000000000 ) ) ;
#8102 = CARTESIAN_POINT ( 'NONE',  ( 8.255000000000087800, 1.000000000000000000, 0.4749999999999910400 ) ) ;
#8103 = DIRECTION ( 'NONE',  ( 1.000000000000000000, -0.0000000000000000000, 0.0000000000000000000 ) ) ;
#8104 = ORIENTED_EDGE ( 'NONE', *, *, #1198, .F. ) ;
#8105 = VECTOR ( 'NONE', #8017, 1000.000000000000000 ) ;
#8106 = CARTESIAN_POINT ( 'NONE',  ( -8.255000000000185500, 0.0000000000000000000, -7.595000000000001500 ) ) ;
#8107 = EDGE_CURVE ( 'NONE', #4316, #1191, #7922, .T. ) ;
#8108 = CYLINDRICAL_SURFACE ( 'NONE', #3679, 1.199999999999999700 ) ;
#8109 = PLANE ( 'NONE',  #1683 ) ;
#8110 = CARTESIAN_POINT ( 'NONE',  ( -6.749644660940670200, 2.949999999999999700, 12.97500000000000000 ) ) ;
#8111 = CARTESIAN_POINT ( 'NONE',  ( -7.475000000000041400, 1.000000000000000000, -2.955000000000001000 ) ) ;
#8112 = VECTOR ( 'NONE', #5539, 1000.000000000000000 ) ;
#8113 = VERTEX_POINT ( 'NONE', #5901 ) ;
#8114 = LINE ( 'NONE', #2798, #4357 ) ;
#8115 = PRESENTATION_LAYER_ASSIGNMENT (  '', '', ( #5670 ) ) ;
#8116 = ORIENTED_EDGE ( 'NONE', *, *, #2221, .T. ) ;
#8117 = ORIENTED_EDGE ( 'NONE', *, *, #1524, .F. ) ;
#8118 = EDGE_CURVE ( 'NONE', #4570, #5597, #4274, .T. ) ;
#8119 = FACE_OUTER_BOUND ( 'NONE', #1161, .T. ) ;
#8120 = CARTESIAN_POINT ( 'NONE',  ( -7.475000000000039600, 1.000000000000000000, 3.642432017676039400E-015 ) ) ;
#8121 = VECTOR ( 'NONE', #3170, 1000.000000000000000 ) ;
#8122 = EDGE_CURVE ( 'NONE', #6564, #8083, #1609, .T. ) ;
#8123 = ORIENTED_EDGE ( 'NONE', *, *, #7702, .T. ) ;
#8124 = DIRECTION ( 'NONE',  ( 0.0000000000000000000, 0.0000000000000000000, 1.000000000000000000 ) ) ;
#8125 = VERTEX_POINT ( 'NONE', #840 ) ;
#8126 = DIRECTION ( 'NONE',  ( 1.000000000000000000, 0.0000000000000000000, 0.0000000000000000000 ) ) ;
#8127 = ADVANCED_FACE ( 'NONE', ( #7726 ), #6478, .F. ) ;
#8128 = DIRECTION ( 'NONE',  ( 0.0000000000000000000, 0.0000000000000000000, -1.000000000000000000 ) ) ;
#8129 = CARTESIAN_POINT ( 'NONE',  ( 0.0000000000000000000, 0.0000000000000000000, -1.175000000000007600 ) ) ;
#8130 = VECTOR ( 'NONE', #2741, 1000.000000000000000 ) ;
#8131 = DIRECTION ( 'NONE',  ( -0.0000000000000000000, -0.0000000000000000000, -1.000000000000000000 ) ) ;
#8132 = VERTEX_POINT ( 'NONE', #1440 ) ;
#8133 = ADVANCED_FACE ( 'NONE', ( #4364, #6430 ), #2650, .T. ) ;
#8134 = CARTESIAN_POINT ( 'NONE',  ( 7.474999999999961500, 0.0000000000000000000, -0.4150000000000073600 ) ) ;
#8135 = VECTOR ( 'NONE', #5247, 1000.000000000000000 ) ;
#8136 = EDGE_CURVE ( 'NONE', #6370, #6671, #912, .T. ) ;
#8137 = CARTESIAN_POINT ( 'NONE',  ( -9.974999999999997900, 1.000000000000000000, 13.47500000000000100 ) ) ;
#8138 = CARTESIAN_POINT ( 'NONE',  ( 6.985000000000000300, 2.700000000000000200, 12.72500000000000100 ) ) ;
#8139 = EDGE_LOOP ( 'NONE', ( #5790, #4975, #3819, #5804 ) ) ;
#8140 = FACE_OUTER_BOUND ( 'NONE', #7344, .T. ) ;
#8141 = AXIS2_PLACEMENT_3D ( 'NONE', #3640, #4932, #6194 ) ;
#8142 = VECTOR ( 'NONE', #3310, 1000.000000000000000 ) ;
#8143 = AXIS2_PLACEMENT_3D ( 'NONE', #3900, #5734, #5123 ) ;
#8144 = CARTESIAN_POINT ( 'NONE',  ( -9.975000000000060000, 1.000000000000000000, -8.035000000000000100 ) ) ;
#8145 = EDGE_LOOP ( 'NONE', ( #1365, #6057, #7666, #5555 ) ) ;
#8146 = PLANE ( 'NONE',  #326 ) ;
#8147 = FACE_OUTER_BOUND ( 'NONE', #7567, .T. ) ;
#8148 = DIRECTION ( 'NONE',  ( 0.0000000000000000000, 1.000000000000000000, 0.0000000000000000000 ) ) ;
#8149 = ORIENTED_EDGE ( 'NONE', *, *, #6737, .T. ) ;
#8150 = ORIENTED_EDGE ( 'NONE', *, *, #293, .T. ) ;
#8151 = DIRECTION ( 'NONE',  ( -0.0000000000000000000, -1.000000000000000000, 0.0000000000000000000 ) ) ;
#8152 = CARTESIAN_POINT ( 'NONE',  ( 8.255000000000096700, 0.0000000000000000000, 3.014999999999991700 ) ) ;
#8153 = VERTEX_POINT ( 'NONE', #195 ) ;
#8154 = SURFACE_SIDE_STYLE ('',( #2818 ) ) ;
#8155 = EDGE_CURVE ( 'NONE', #6779, #3375, #4945, .T. ) ;
#8156 = LINE ( 'NONE', #2875, #3108 ) ;
#8157 = CARTESIAN_POINT ( 'NONE',  ( 0.0000000000000000000, 0.0000000000000000000, -0.4150000000000004200 ) ) ;
#8158 = ORIENTED_EDGE ( 'NONE', *, *, #6197, .T. ) ;
#8159 = ORIENTED_EDGE ( 'NONE', *, *, #7193, .F. ) ;
#8160 = ORIENTED_EDGE ( 'NONE', *, *, #1805, .T. ) ;
#8161 = ORIENTED_EDGE ( 'NONE', *, *, #7346, .T. ) ;
#8162 = CARTESIAN_POINT ( 'NONE',  ( 1.905000000000000000, 1.350000000000000100, -12.59500000000000200 ) ) ;
#8163 = DIRECTION ( 'NONE',  ( 1.445602896647339500E-015, 0.0000000000000000000, 1.000000000000000000 ) ) ;
#8164 = DIRECTION ( 'NONE',  ( 0.0000000000000000000, 1.000000000000000000, 0.0000000000000000000 ) ) ;
#8165 = VECTOR ( 'NONE', #5918, 1000.000000000000000 ) ;
#8166 = ADVANCED_FACE ( 'NONE', ( #2885 ), #1470, .F. ) ;
#8167 = ORIENTED_EDGE ( 'NONE', *, *, #4619, .T. ) ;
#8168 = ORIENTED_EDGE ( 'NONE', *, *, #4280, .T. ) ;
#8169 = VERTEX_POINT ( 'NONE', #7169 ) ;
#8170 = ADVANCED_FACE ( 'NONE', ( #6319, #3163 ), #3334, .T. ) ;
#8171 = ORIENTED_EDGE ( 'NONE', *, *, #77, .T. ) ;
#8172 = LINE ( 'NONE', #2753, #2536 ) ;
#8173 = CARTESIAN_POINT ( 'NONE',  ( 8.255000000000061200, 0.0000000000000000000, -6.695000000000009200 ) ) ;
#8174 = FACE_OUTER_BOUND ( 'NONE', #4940, .T. ) ;
#8175 = ORIENTED_EDGE ( 'NONE', *, *, #1618, .T. ) ;
#8176 = CARTESIAN_POINT ( 'NONE',  ( -7.475000000000025400, 0.0000000000000000000, 3.642432017676032300E-015 ) ) ;
#8177 = AXIS2_PLACEMENT_3D ( 'NONE', #7734, #5848, #7060 ) ;
#8178 = VERTEX_POINT ( 'NONE', #7947 ) ;
#8179 = ORIENTED_EDGE ( 'NONE', *, *, #6775, .F. ) ;
#8180 = DIRECTION ( 'NONE',  ( 0.0000000000000000000, 1.000000000000000000, 0.0000000000000000000 ) ) ;
#8181 = CARTESIAN_POINT ( 'NONE',  ( 8.255000000000105600, 0.0000000000000000000, 5.554999999999991700 ) ) ;
#8182 = AXIS2_PLACEMENT_3D ( 'NONE', #4507, #3945, #1403 ) ;
#8183 = ORIENTED_EDGE ( 'NONE', *, *, #4083, .F. ) ;
#8184 = LINE ( 'NONE', #6675, #2462 ) ;
#8185 = ORIENTED_EDGE ( 'NONE', *, *, #7183, .F. ) ;
#8186 = DIRECTION ( 'NONE',  ( -1.000000000000000000, 0.0000000000000000000, 4.872818752743839300E-016 ) ) ;
ENDSEC;
END-ISO-10303-21;
